Date,IPCA,SELIC,SELIC_META,IND_DESMP,IPCA_ALIMENTOS,IC-Br Agropecuária,PIB,DIVIDA_EXTERNA,USD/BRL
2004-01-01,0.76,,16.5,,0.88,99.53,142455.0,154073.0,
2004-01-02,,0.060076,16.5,,,,,,2.8862
2004-01-03,,,16.5,,,,,,
2004-01-04,,,16.5,,,,,,
2004-01-05,,0.060076,16.5,,,,,,2.8627
2004-01-06,,0.060076,16.5,,,,,,2.8508
2004-01-07,,0.060042,16.5,,,,,,2.8723
2004-01-08,,0.060042,16.5,,,,,,2.8588
2004-01-09,,0.060008,16.5,,,,,,2.8422
2004-01-10,,,16.5,,,,,,
2004-01-11,,,16.5,,,,,,
2004-01-12,,0.060008,16.5,,,,,,2.8163
2004-01-13,,0.060008,16.5,,,,,,2.8022
2004-01-14,,0.059974,16.5,,,,,,2.8142
2004-01-15,,0.059974,16.5,,,,,,2.8126
2004-01-16,,0.05994,16.5,,,,,,2.8184
2004-01-17,,,16.5,,,,,,
2004-01-18,,,16.5,,,,,,
2004-01-19,,0.05994,16.5,,,,,,2.8419
2004-01-20,,0.05994,16.5,,,,,,2.8382
2004-01-21,,0.059871,16.5,,,,,,2.8417
2004-01-22,,0.060042,16.5,,,,,,2.8417
2004-01-23,,0.060042,16.5,,,,,,2.8435
2004-01-24,,,16.5,,,,,,
2004-01-25,,,16.5,,,,,,
2004-01-26,,0.060042,16.5,,,,,,2.8431
2004-01-27,,0.060008,16.5,,,,,,2.8587
2004-01-28,,0.060008,16.5,,,,,,2.8785
2004-01-29,,0.05994,16.5,,,,,,2.9236
2004-01-30,,0.059906,16.5,,,,,,2.9409
2004-01-31,,,16.5,,,,,,
2004-02-01,0.61,,16.5,,0.15,102.04,141654.7,152530.5,
2004-02-02,,0.059906,16.5,,,,,,2.9486
2004-02-03,,0.059906,16.5,,,,,,2.9326
2004-02-04,,0.059871,16.5,,,,,,2.9106
2004-02-05,,0.059871,16.5,,,,,,2.9335
2004-02-06,,0.059837,16.5,,,,,,2.95
2004-02-07,,,16.5,,,,,,
2004-02-08,,,16.5,,,,,,
2004-02-09,,0.059837,16.5,,,,,,2.9341
2004-02-10,,0.059803,16.5,,,,,,2.9198
2004-02-11,,0.059837,16.5,,,,,,2.9253
2004-02-12,,0.059906,16.5,,,,,,2.9042
2004-02-13,,0.060008,16.5,,,,,,2.9085
2004-02-14,,,16.5,,,,,,
2004-02-15,,,16.5,,,,,,
2004-02-16,,0.060042,16.5,,,,,,2.9066
2004-02-17,,0.060042,16.5,,,,,,2.9125
2004-02-18,,0.060042,16.5,,,,,,2.9296
2004-02-19,,0.060042,16.5,,,,,,2.9509
2004-02-20,,0.060008,16.5,,,,,,2.9878
2004-02-21,,,16.5,,,,,,
2004-02-22,,,16.5,,,,,,
2004-02-23,,,16.5,,,,,,
2004-02-24,,,16.5,,,,,,
2004-02-25,,0.060008,16.5,,,,,,2.9403
2004-02-26,,0.059974,16.5,,,,,,2.9369
2004-02-27,,0.05994,16.5,,,,,,2.9138
2004-02-28,,,16.5,,,,,,
2004-02-29,,,16.5,,,,,,
2004-03-01,0.47,0.059906,16.5,,0.43,106.19,160673.9,150254.75,2.8945
2004-03-02,,0.059906,16.5,,,,,,2.9086
2004-03-03,,0.059871,16.5,,,,,,2.8812
2004-03-04,,0.059837,16.5,,,,,,2.8878
2004-03-05,,0.05994,16.5,,,,,,2.879
2004-03-06,,,16.5,,,,,,
2004-03-07,,,16.5,,,,,,
2004-03-08,,0.059906,16.5,,,,,,2.8752
2004-03-09,,0.059906,16.5,,,,,,2.8758
2004-03-10,,0.059871,16.5,,,,,,2.8891
2004-03-11,,0.059837,16.5,,,,,,2.9132
2004-03-12,,0.059803,16.5,,,,,,2.9063
2004-03-13,,,16.5,,,,,,
2004-03-14,,,16.5,,,,,,
2004-03-15,,0.059769,16.5,,,,,,2.9013
2004-03-16,,0.059735,16.5,,,,,,2.9001
2004-03-17,,0.059701,16.5,,,,,,2.907
2004-03-18,,0.058983,16.25,,,,,,2.9135
2004-03-19,,0.059085,16.25,,,,,,2.9
2004-03-20,,,16.25,,,,,,
2004-03-21,,,16.25,,,,,,
2004-03-22,,0.059222,16.25,,,,,,2.9107
2004-03-23,,0.059325,16.25,,,,,,2.9144
2004-03-24,,0.059291,16.25,,,,,,2.9264
2004-03-25,,0.059256,16.25,,,,,,2.9337
2004-03-26,,0.059291,16.25,,,,,,2.941
2004-03-27,,,16.25,,,,,,
2004-03-28,,,16.25,,,,,,
2004-03-29,,0.059222,16.25,,,,,,2.9365
2004-03-30,,0.059154,16.25,,,,,,2.9216
2004-03-31,,0.059291,16.25,,,,,,2.9086
2004-04-01,0.37,0.059256,16.25,,-0.34,108.5,159113.9,140809.68,2.8904
2004-04-02,,0.059291,16.25,,,,,,2.893
2004-04-03,,,16.25,,,,,,
2004-04-04,,,16.25,,,,,,
2004-04-05,,0.059291,16.25,,,,,,2.8851
2004-04-06,,0.059256,16.25,,,,,,2.8743
2004-04-07,,0.059256,16.25,,,,,,2.8773
2004-04-08,,0.059222,16.25,,,,,,2.8802
2004-04-09,,,16.25,,,,,,
2004-04-10,,,16.25,,,,,,
2004-04-11,,,16.25,,,,,,
2004-04-12,,0.059222,16.25,,,,,,2.8855
2004-04-13,,0.059188,16.25,,,,,,2.8851
2004-04-14,,0.059119,16.25,,,,,,2.8956
2004-04-15,,0.058435,16.0,,,,,,2.9064
2004-04-16,,0.058435,16.0,,,,,,2.9153
2004-04-17,,,16.0,,,,,,
2004-04-18,,,16.0,,,,,,
2004-04-19,,0.058503,16.0,,,,,,2.9101
2004-04-20,,0.058503,16.0,,,,,,2.9186
2004-04-21,,,16.0,,,,,,
2004-04-22,,0.058435,16.0,,,,,,2.9305
2004-04-23,,0.0584,16.0,,,,,,2.9173
2004-04-24,,,16.0,,,,,,
2004-04-25,,,16.0,,,,,,
2004-04-26,,0.058366,16.0,,,,,,2.9085
2004-04-27,,0.058332,16.0,,,,,,2.9161
2004-04-28,,0.058298,16.0,,,,,,2.9335
2004-04-29,,0.058229,16.0,,,,,,2.9522
2004-04-30,,0.058229,16.0,,,,,,2.9447
2004-05-01,0.51,,16.0,,0.23,118.01,160112.1,151100.02,
2004-05-02,,,16.0,,,,,,
2004-05-03,,0.058195,16.0,,,,,,2.9569
2004-05-04,,0.058195,16.0,,,,,,2.9696
2004-05-05,,0.05816,16.0,,,,,,2.9616
2004-05-06,,0.058126,16.0,,,,,,2.9899
2004-05-07,,0.058092,16.0,,,,,,3.0504
2004-05-08,,,16.0,,,,,,
2004-05-09,,,16.0,,,,,,
2004-05-10,,0.058058,16.0,,,,,,3.1249
2004-05-11,,0.058023,16.0,,,,,,3.1051
2004-05-12,,0.057989,16.0,,,,,,3.1211
2004-05-13,,0.058023,16.0,,,,,,3.1279
2004-05-14,,0.058126,16.0,,,,,,3.0982
2004-05-15,,,16.0,,,,,,
2004-05-16,,,16.0,,,,,,
2004-05-17,,0.058092,16.0,,,,,,3.122
2004-05-18,,0.058058,16.0,,,,,,3.1169
2004-05-19,,0.057989,16.0,,,,,,3.1059
2004-05-20,,0.058126,16.0,,,,,,3.1813
2004-05-21,,0.058263,16.0,,,,,,3.2051
2004-05-22,,,16.0,,,,,,
2004-05-23,,,16.0,,,,,,
2004-05-24,,0.058229,16.0,,,,,,3.1798
2004-05-25,,0.058195,16.0,,,,,,3.1576
2004-05-26,,0.058229,16.0,,,,,,3.157
2004-05-27,,0.058195,16.0,,,,,,3.1524
2004-05-28,,0.05816,16.0,,,,,,3.0961
2004-05-29,,,16.0,,,,,,
2004-05-30,,,16.0,,,,,,
2004-05-31,,0.05816,16.0,,,,,,3.1291
2004-06-01,0.71,0.05816,16.0,,0.72,118.21,162569.0,150047.4,3.1567
2004-06-02,,0.058058,16.0,,,,,,3.1302
2004-06-03,,0.058092,16.0,,,,,,3.1443
2004-06-04,,0.058195,16.0,,,,,,3.1335
2004-06-05,,,16.0,,,,,,
2004-06-06,,,16.0,,,,,,
2004-06-07,,0.058298,16.0,,,,,,3.1119
2004-06-08,,0.058366,16.0,,,,,,3.1155
2004-06-09,,0.058298,16.0,,,,,,3.1166
2004-06-10,,,16.0,,,,,,
2004-06-11,,0.058195,16.0,,,,,,3.1402
2004-06-12,,,16.0,,,,,,
2004-06-13,,,16.0,,,,,,
2004-06-14,,0.058229,16.0,,,,,,3.1651
2004-06-15,,0.058298,16.0,,,,,,3.138
2004-06-16,,0.058229,16.0,,,,,,3.1405
2004-06-17,,0.058195,16.0,,,,,,3.128
2004-06-18,,0.058195,16.0,,,,,,3.1388
2004-06-19,,,16.0,,,,,,
2004-06-20,,,16.0,,,,,,
2004-06-21,,0.058263,16.0,,,,,,3.1298
2004-06-22,,0.058298,16.0,,,,,,3.1341
2004-06-23,,0.058195,16.0,,,,,,3.1258
2004-06-24,,0.058195,16.0,,,,,,3.103
2004-06-25,,0.058229,16.0,,,,,,3.1096
2004-06-26,,,16.0,,,,,,
2004-06-27,,,16.0,,,,,,
2004-06-28,,0.058263,16.0,,,,,,3.1247
2004-06-29,,0.058263,16.0,,,,,,3.1183
2004-06-30,,0.058229,16.0,,,,,,3.1075
2004-07-01,0.91,0.058229,16.0,,0.67,110.68,168216.4,146751.92,3.0747
2004-07-02,,0.058263,16.0,,,,,,3.0502
2004-07-03,,,16.0,,,,,,
2004-07-04,,,16.0,,,,,,
2004-07-05,,0.058229,16.0,,,,,,3.0316
2004-07-06,,0.058229,16.0,,,,,,3.0418
2004-07-07,,0.058195,16.0,,,,,,3.0367
2004-07-08,,0.058126,16.0,,,,,,3.0475
2004-07-09,,0.058126,16.0,,,,,,3.0429
2004-07-10,,,16.0,,,,,,
2004-07-11,,,16.0,,,,,,
2004-07-12,,0.05816,16.0,,,,,,3.0371
2004-07-13,,0.05816,16.0,,,,,,3.042
2004-07-14,,0.058092,16.0,,,,,,3.0284
2004-07-15,,0.058126,16.0,,,,,,3.0215
2004-07-16,,0.058092,16.0,,,,,,3.0021
2004-07-17,,,16.0,,,,,,
2004-07-18,,,16.0,,,,,,
2004-07-19,,0.058092,16.0,,,,,,2.9939
2004-07-20,,0.058092,16.0,,,,,,3.0041
2004-07-21,,0.058058,16.0,,,,,,3.0247
2004-07-22,,0.058058,16.0,,,,,,3.0392
2004-07-23,,0.058058,16.0,,,,,,3.0465
2004-07-24,,,16.0,,,,,,
2004-07-25,,,16.0,,,,,,
2004-07-26,,0.058058,16.0,,,,,,3.0573
2004-07-27,,0.058058,16.0,,,,,,3.067
2004-07-28,,0.058092,16.0,,,,,,3.0557
2004-07-29,,0.05816,16.0,,,,,,3.0374
2004-07-30,,0.058298,16.0,,,,,,3.0268
2004-07-31,,,16.0,,,,,,
2004-08-01,0.69,,16.0,,0.85,107.24,168068.5,143758.07,
2004-08-02,,0.058298,16.0,,,,,,3.0466
2004-08-03,,0.058298,16.0,,,,,,3.055
2004-08-04,,0.058332,16.0,,,,,,3.0579
2004-08-05,,0.058366,16.0,,,,,,3.0637
2004-08-06,,0.058435,16.0,,,,,,3.0489
2004-08-07,,,16.0,,,,,,
2004-08-08,,,16.0,,,,,,
2004-08-09,,0.058435,16.0,,,,,,3.0396
2004-08-10,,0.058469,16.0,,,,,,3.0285
2004-08-11,,0.058503,16.0,,,,,,3.0392
2004-08-12,,0.058503,16.0,,,,,,3.0307
2004-08-13,,0.058503,16.0,,,,,,3.0235
2004-08-14,,,16.0,,,,,,
2004-08-15,,,16.0,,,,,,
2004-08-16,,0.058503,16.0,,,,,,3.0146
2004-08-17,,0.058503,16.0,,,,,,2.9989
2004-08-18,,0.058469,16.0,,,,,,2.9922
2004-08-19,,0.058435,16.0,,,,,,2.9793
2004-08-20,,0.0584,16.0,,,,,,2.9742
2004-08-21,,,16.0,,,,,,
2004-08-22,,,16.0,,,,,,
2004-08-23,,0.058366,16.0,,,,,,2.9687
2004-08-24,,0.058332,16.0,,,,,,2.9576
2004-08-25,,0.058366,16.0,,,,,,2.9512
2004-08-26,,0.058435,16.0,,,,,,2.9541
2004-08-27,,0.058503,16.0,,,,,,2.9571
2004-08-28,,,16.0,,,,,,
2004-08-29,,,16.0,,,,,,
2004-08-30,,0.058606,16.0,,,,,,2.9488
2004-08-31,,0.058606,16.0,,,,,,2.9338
2004-09-01,0.33,0.05864,16.0,,-0.19,105.4,168967.4,140466.58,2.9298
2004-09-02,,0.05864,16.0,,,,,,2.9361
2004-09-03,,0.05864,16.0,,,,,,2.9289
2004-09-04,,,16.0,,,,,,
2004-09-05,,,16.0,,,,,,
2004-09-06,,0.05864,16.0,,,,,,2.9142
2004-09-07,,,16.0,,,,,,
2004-09-08,,0.058674,16.0,,,,,,2.9014
2004-09-09,,0.058674,16.0,,,,,,2.9028
2004-09-10,,0.058709,16.0,,,,,,2.8988
2004-09-11,,,16.0,,,,,,
2004-09-12,,,16.0,,,,,,
2004-09-13,,0.058743,16.0,,,,,,2.906
2004-09-14,,0.058811,16.0,,,,,,2.9125
2004-09-15,,0.058811,16.0,,,,,,2.9042
2004-09-16,,0.059667,16.25,,,,,,2.8892
2004-09-17,,0.059701,16.25,,,,,,2.8744
2004-09-18,,,16.25,,,,,,
2004-09-19,,,16.25,,,,,,
2004-09-20,,0.059735,16.25,,,,,,2.8676
2004-09-21,,0.059735,16.25,,,,,,2.8737
2004-09-22,,0.059735,16.25,,,,,,2.8677
2004-09-23,,0.059735,16.25,,,,,,2.8725
2004-09-24,,0.059735,16.25,,,,,,2.8735
2004-09-25,,,16.25,,,,,,
2004-09-26,,,16.25,,,,,,
2004-09-27,,0.059735,16.25,,,,,,2.8728
2004-09-28,,0.059735,16.25,,,,,,2.8692
2004-09-29,,0.059701,16.25,,,,,,2.8602
2004-09-30,,0.059735,16.25,,,,,,2.8586
2004-10-01,0.44,0.059701,16.25,,-0.23,103.36,174390.5,143250.48,2.8513
2004-10-02,,,16.25,,,,,,
2004-10-03,,,16.25,,,,,,
2004-10-04,,0.059667,16.25,,,,,,2.8265
2004-10-05,,0.059598,16.25,,,,,,2.8241
2004-10-06,,0.059667,16.25,,,,,,2.8362
2004-10-07,,0.059701,16.25,,,,,,2.8518
2004-10-08,,0.059735,16.25,,,,,,2.8251
2004-10-09,,,16.25,,,,,,
2004-10-10,,,16.25,,,,,,
2004-10-11,,0.059735,16.25,,,,,,2.8318
2004-10-12,,,16.25,,,,,,
2004-10-13,,0.059735,16.25,,,,,,2.8374
2004-10-14,,0.059735,16.25,,,,,,2.8631
2004-10-15,,0.059735,16.25,,,,,,2.8623
2004-10-16,,,16.25,,,,,,
2004-10-17,,,16.25,,,,,,
2004-10-18,,0.059735,16.25,,,,,,2.8547
2004-10-19,,0.059735,16.25,,,,,,2.8706
2004-10-20,,0.059735,16.25,,,,,,2.8847
2004-10-21,,0.061439,16.75,,,,,,2.8535
2004-10-22,,0.061439,16.75,,,,,,2.8489
2004-10-23,,,16.75,,,,,,
2004-10-24,,,16.75,,,,,,
2004-10-25,,0.061439,16.75,,,,,,2.8817
2004-10-26,,0.061439,16.75,,,,,,2.8729
2004-10-27,,0.061439,16.75,,,,,,2.8585
2004-10-28,,0.061439,16.75,,,,,,2.8655
2004-10-29,,0.061439,16.75,,,,,,2.8565
2004-10-30,,,16.75,,,,,,
2004-10-31,,,16.75,,,,,,
2004-11-01,0.69,0.061439,16.75,,-0.01,101.83,178012.0,137971.88,2.859
2004-11-02,,,16.75,,,,,,
2004-11-03,,0.061405,16.75,,,,,,2.8304
2004-11-04,,0.061405,16.75,,,,,,2.8211
2004-11-05,,0.061405,16.75,,,,,,2.8186
2004-11-06,,,16.75,,,,,,
2004-11-07,,,16.75,,,,,,
2004-11-08,,0.061439,16.75,,,,,,2.8299
2004-11-09,,0.061439,16.75,,,,,,2.8287
2004-11-10,,0.061439,16.75,,,,,,2.8209
2004-11-11,,0.061439,16.75,,,,,,2.82
2004-11-12,,0.061439,16.75,,,,,,2.7991
2004-11-13,,,16.75,,,,,,
2004-11-14,,,16.75,,,,,,
2004-11-15,,,16.75,,,,,,
2004-11-16,,0.061439,16.75,,,,,,2.7856
2004-11-17,,0.061439,16.75,,,,,,2.7674
2004-11-18,,0.063136,17.25,,,,,,2.7603
2004-11-19,,0.063136,17.25,,,,,,2.7637
2004-11-20,,,17.25,,,,,,
2004-11-21,,,17.25,,,,,,
2004-11-22,,0.063102,17.25,,,,,,2.7678
2004-11-23,,0.063102,17.25,,,,,,2.7446
2004-11-24,,0.063136,17.25,,,,,,2.7485
2004-11-25,,0.063102,17.25,,,,,,2.7511
2004-11-26,,0.063068,17.25,,,,,,2.7332
2004-11-27,,,17.25,,,,,,
2004-11-28,,,17.25,,,,,,
2004-11-29,,0.063068,17.25,,,,,,2.7402
2004-11-30,,0.063035,17.25,,,,,,2.7307
2004-12-01,0.86,0.063102,17.25,,0.65,102.07,173518.0,125117.24,2.7145
2004-12-02,,0.063102,17.25,,,,,,2.7239
2004-12-03,,0.063102,17.25,,,,,,2.7095
2004-12-04,,,17.25,,,,,,
2004-12-05,,,17.25,,,,,,
2004-12-06,,0.063136,17.25,,,,,,2.7186
2004-12-07,,0.063136,17.25,,,,,,2.7322
2004-12-08,,0.063136,17.25,,,,,,2.7664
2004-12-09,,0.063136,17.25,,,,,,2.7744
2004-12-10,,0.063136,17.25,,,,,,2.7867
2004-12-11,,,17.25,,,,,,
2004-12-12,,,17.25,,,,,,
2004-12-13,,0.063136,17.25,,,,,,2.7697
2004-12-14,,0.063136,17.25,,,,,,2.758
2004-12-15,,0.06317,17.25,,,,,,2.7508
2004-12-16,,0.064826,17.75,,,,,,2.7293
2004-12-17,,0.064826,17.75,,,,,,2.7247
2004-12-18,,,17.75,,,,,,
2004-12-19,,,17.75,,,,,,
2004-12-20,,0.064826,17.75,,,,,,2.6927
2004-12-21,,0.064826,17.75,,,,,,2.6892
2004-12-22,,0.064826,17.75,,,,,,2.699
2004-12-23,,0.064826,17.75,,,,,,2.7067
2004-12-24,,0.064826,17.75,,,,,,2.6912
2004-12-25,,,17.75,,,,,,
2004-12-26,,,17.75,,,,,,
2004-12-27,,0.064826,17.75,,,,,,2.6983
2004-12-28,,0.064826,17.75,,,,,,2.6895
2004-12-29,,0.064826,17.75,,,,,,2.6836
2004-12-30,,0.06486,17.75,,,,,,2.6544
2004-12-31,,0.06486,17.75,,,,,,2.6544
2005-01-01,0.58,,17.75,,0.78,101.36,161646.6,116833.6,
2005-01-02,,,17.75,,,,,,
2005-01-03,,0.064826,17.75,,,,,,2.6682
2005-01-04,,0.064826,17.75,,,,,,2.6887
2005-01-05,,0.064826,17.75,,,,,,2.7096
2005-01-06,,0.064826,17.75,,,,,,2.7207
2005-01-07,,0.064826,17.75,,,,,,2.7032
2005-01-08,,,17.75,,,,,,
2005-01-09,,,17.75,,,,,,
2005-01-10,,0.064826,17.75,,,,,,2.6973
2005-01-11,,0.064826,17.75,,,,,,2.7106
2005-01-12,,0.064826,17.75,,,,,,2.7113
2005-01-13,,0.064826,17.75,,,,,,2.7011
2005-01-14,,0.064826,17.75,,,,,,2.7074
2005-01-15,,,17.75,,,,,,
2005-01-16,,,17.75,,,,,,
2005-01-17,,0.064826,17.75,,,,,,2.7007
2005-01-18,,0.064826,17.75,,,,,,2.7139
2005-01-19,,0.06486,17.75,,,,,,2.7185
2005-01-20,,0.066509,18.25,,,,,,2.7222
2005-01-21,,0.066509,18.25,,,,,,2.6999
2005-01-22,,,18.25,,,,,,
2005-01-23,,,18.25,,,,,,
2005-01-24,,0.066509,18.25,,,,,,2.678
2005-01-25,,0.066509,18.25,,,,,,2.6794
2005-01-26,,0.066509,18.25,,,,,,2.6748
2005-01-27,,0.066509,18.25,,,,,,2.6645
2005-01-28,,0.066509,18.25,,,,,,2.6587
2005-01-29,,,18.25,,,,,,
2005-01-30,,,18.25,,,,,,
2005-01-31,,0.066509,18.25,,,,,,2.6248
2005-02-01,0.59,0.066509,18.25,,0.49,98.74,159966.7,106382.96,2.613
2005-02-02,,0.066542,18.25,,,,,,2.624
2005-02-03,,0.066542,18.25,,,,,,2.6034
2005-02-04,,0.066542,18.25,,,,,,2.603
2005-02-05,,,18.25,,,,,,
2005-02-06,,,18.25,,,,,,
2005-02-07,,,18.25,,,,,,
2005-02-08,,,18.25,,,,,,
2005-02-09,,0.066542,18.25,,,,,,2.6078
2005-02-10,,0.066542,18.25,,,,,,2.6122
2005-02-11,,0.066576,18.25,,,,,,2.6173
2005-02-12,,,18.25,,,,,,
2005-02-13,,,18.25,,,,,,
2005-02-14,,0.066576,18.25,,,,,,2.5834
2005-02-15,,0.066576,18.25,,,,,,2.5762
2005-02-16,,0.066576,18.25,,,,,,2.5926
2005-02-17,,0.068218,18.75,,,,,,2.5737
2005-02-18,,0.068218,18.75,,,,,,2.5621
2005-02-19,,,18.75,,,,,,
2005-02-20,,,18.75,,,,,,
2005-02-21,,0.068218,18.75,,,,,,2.5762
2005-02-22,,0.068218,18.75,,,,,,2.5937
2005-02-23,,0.068218,18.75,,,,,,2.5857
2005-02-24,,0.068218,18.75,,,,,,2.6098
2005-02-25,,0.068218,18.75,,,,,,2.632
2005-02-26,,,18.75,,,,,,
2005-02-27,,,18.75,,,,,,
2005-02-28,,0.068184,18.75,,,,,,2.595
2005-03-01,0.61,0.068184,18.75,,0.26,106.39,178097.1,99051.6,2.6011
2005-03-02,,0.068184,18.75,,,,,,2.6368
2005-03-03,,0.068184,18.75,,,,,,2.6698
2005-03-04,,0.068184,18.75,,,,,,2.6615
2005-03-05,,,18.75,,,,,,
2005-03-06,,,18.75,,,,,,
2005-03-07,,0.068218,18.75,,,,,,2.6624
2005-03-08,,0.068218,18.75,,,,,,2.6934
2005-03-09,,0.068218,18.75,,,,,,2.7113
2005-03-10,,0.068218,18.75,,,,,,2.7319
2005-03-11,,0.068218,18.75,,,,,,2.7021
2005-03-12,,,18.75,,,,,,
2005-03-13,,,18.75,,,,,,
2005-03-14,,0.068218,18.75,,,,,,2.7523
2005-03-15,,0.068218,18.75,,,,,,2.7621
2005-03-16,,0.068218,18.75,,,,,,2.757
2005-03-17,,0.069853,19.25,,,,,,2.7522
2005-03-18,,0.069853,19.25,,,,,,2.7163
2005-03-19,,,19.25,,,,,,
2005-03-20,,,19.25,,,,,,
2005-03-21,,0.069853,19.25,,,,,,2.7288
2005-03-22,,0.069853,19.25,,,,,,2.706
2005-03-23,,0.069853,19.25,,,,,,2.7403
2005-03-24,,0.069853,19.25,,,,,,2.7303
2005-03-25,,,19.25,,,,,,
2005-03-26,,,19.25,,,,,,
2005-03-27,,,19.25,,,,,,
2005-03-28,,0.069886,19.25,,,,,,2.7385
2005-03-29,,0.069886,19.25,,,,,,2.7031
2005-03-30,,0.069886,19.25,,,,,,2.6808
2005-03-31,,0.069886,19.25,,,,,,2.6662
2005-04-01,0.87,0.069853,19.25,,0.81,99.59,177918.1,92510.02,2.655
2005-04-02,,,19.25,,,,,,
2005-04-03,,,19.25,,,,,,
2005-04-04,,0.069853,19.25,,,,,,2.6598
2005-04-05,,0.069853,19.25,,,,,,2.6255
2005-04-06,,0.069853,19.25,,,,,,2.6067
2005-04-07,,0.069853,19.25,,,,,,2.6019
2005-04-08,,0.069853,19.25,,,,,,2.5942
2005-04-09,,,19.25,,,,,,
2005-04-10,,,19.25,,,,,,
2005-04-11,,0.069853,19.25,,,,,,2.5783
2005-04-12,,0.069853,19.25,,,,,,2.5899
2005-04-13,,0.069853,19.25,,,,,,2.5598
2005-04-14,,0.069853,19.25,,,,,,2.5747
2005-04-15,,0.069853,19.25,,,,,,2.5971
2005-04-16,,,19.25,,,,,,
2005-04-17,,,19.25,,,,,,
2005-04-18,,0.069853,19.25,,,,,,2.6157
2005-04-19,,0.069853,19.25,,,,,,2.5825
2005-04-20,,0.069853,19.25,,,,,,2.5645
2005-04-21,,,19.5,,,,,,
2005-04-22,,0.070685,19.5,,,,,,2.5392
2005-04-23,,,19.5,,,,,,
2005-04-24,,,19.5,,,,,,
2005-04-25,,0.070685,19.5,,,,,,2.5308
2005-04-26,,0.070685,19.5,,,,,,2.5355
2005-04-27,,0.070718,19.5,,,,,,2.5195
2005-04-28,,0.070718,19.5,,,,,,2.5217
2005-04-29,,0.070718,19.5,,,,,,2.5313
2005-04-30,,,19.5,,,,,,
2005-05-01,0.49,,19.5,,0.65,94.57,178129.5,89300.29,
2005-05-02,,0.070718,19.5,,,,,,2.5146
2005-05-03,,0.070751,19.5,,,,,,2.5007
2005-05-04,,0.070751,19.5,,,,,,2.4765
2005-05-05,,0.070751,19.5,,,,,,2.4687
2005-05-06,,0.070751,19.5,,,,,,2.4594
2005-05-07,,,19.5,,,,,,
2005-05-08,,,19.5,,,,,,
2005-05-09,,0.070784,19.5,,,,,,2.4538
2005-05-10,,0.070784,19.5,,,,,,2.465
2005-05-11,,0.070784,19.5,,,,,,2.4719
2005-05-12,,0.070784,19.5,,,,,,2.4648
2005-05-13,,0.070784,19.5,,,,,,2.4715
2005-05-14,,,19.5,,,,,,
2005-05-15,,,19.5,,,,,,
2005-05-16,,0.070784,19.5,,,,,,2.4772
2005-05-17,,0.070784,19.5,,,,,,2.4779
2005-05-18,,0.070751,19.5,,,,,,2.4636
2005-05-19,,0.071581,19.75,,,,,,2.4458
2005-05-20,,0.071548,19.75,,,,,,2.4493
2005-05-21,,,19.75,,,,,,
2005-05-22,,,19.75,,,,,,
2005-05-23,,0.071548,19.75,,,,,,2.4299
2005-05-24,,0.071548,19.75,,,,,,2.4313
2005-05-25,,0.071548,19.75,,,,,,2.4116
2005-05-26,,,19.75,,,,,,
2005-05-27,,0.071548,19.75,,,,,,2.3934
2005-05-28,,,19.75,,,,,,
2005-05-29,,,19.75,,,,,,
2005-05-30,,0.071548,19.75,,,,,,2.3784
2005-05-31,,0.071581,19.75,,,,,,2.4038
2005-06-01,-0.02,0.071581,19.75,,-0.67,91.39,179509.8,84367.09,2.4286
2005-06-02,,0.071548,19.75,,,,,,2.4202
2005-06-03,,0.071548,19.75,,,,,,2.4029
2005-06-04,,,19.75,,,,,,
2005-06-05,,,19.75,,,,,,
2005-06-06,,0.071548,19.75,,,,,,2.4576
2005-06-07,,0.071548,19.75,,,,,,2.4632
2005-06-08,,0.071548,19.75,,,,,,2.4464
2005-06-09,,0.071548,19.75,,,,,,2.4891
2005-06-10,,0.071548,19.75,,,,,,2.4751
2005-06-11,,,19.75,,,,,,
2005-06-12,,,19.75,,,,,,
2005-06-13,,0.071548,19.75,,,,,,2.4562
2005-06-14,,0.071548,19.75,,,,,,2.4375
2005-06-15,,0.071548,19.75,,,,,,2.4455
2005-06-16,,0.071515,19.75,,,,,,2.4161
2005-06-17,,0.071515,19.75,,,,,,2.3873
2005-06-18,,,19.75,,,,,,
2005-06-19,,,19.75,,,,,,
2005-06-20,,0.071515,19.75,,,,,,2.3855
2005-06-21,,0.071515,19.75,,,,,,2.3772
2005-06-22,,0.071515,19.75,,,,,,2.3703
2005-06-23,,0.071515,19.75,,,,,,2.3932
2005-06-24,,0.071515,19.75,,,,,,2.3877
2005-06-25,,,19.75,,,,,,
2005-06-26,,,19.75,,,,,,
2005-06-27,,0.071515,19.75,,,,,,2.383
2005-06-28,,0.071515,19.75,,,,,,2.3694
2005-06-29,,0.071515,19.75,,,,,,2.3549
2005-06-30,,0.071515,19.75,,,,,,2.3504
2005-07-01,0.25,0.071481,19.75,,-0.77,90.03,181673.2,80358.45,2.3459
2005-07-02,,,19.75,,,,,,
2005-07-03,,,19.75,,,,,,
2005-07-04,,0.071448,19.75,,,,,,2.3715
2005-07-05,,0.071448,19.75,,,,,,2.3668
2005-07-06,,0.071448,19.75,,,,,,2.3901
2005-07-07,,0.071448,19.75,,,,,,2.389
2005-07-08,,0.071448,19.75,,,,,,2.3683
2005-07-09,,,19.75,,,,,,
2005-07-10,,,19.75,,,,,,
2005-07-11,,0.071448,19.75,,,,,,2.3502
2005-07-12,,0.071448,19.75,,,,,,2.3353
2005-07-13,,0.071448,19.75,,,,,,2.3482
2005-07-14,,0.071448,19.75,,,,,,2.3433
2005-07-15,,0.071481,19.75,,,,,,2.3427
2005-07-16,,,19.75,,,,,,
2005-07-17,,,19.75,,,,,,
2005-07-18,,0.071448,19.75,,,,,,2.3304
2005-07-19,,0.071448,19.75,,,,,,2.3434
2005-07-20,,0.071448,19.75,,,,,,2.3522
2005-07-21,,0.071448,19.75,,,,,,2.3405
2005-07-22,,0.071448,19.75,,,,,,2.3761
2005-07-23,,,19.75,,,,,,
2005-07-24,,,19.75,,,,,,
2005-07-25,,0.071448,19.75,,,,,,2.4287
2005-07-26,,0.071448,19.75,,,,,,2.4656
2005-07-27,,0.071448,19.75,,,,,,2.4439
2005-07-28,,0.071481,19.75,,,,,,2.4211
2005-07-29,,0.071515,19.75,,,,,,2.3905
2005-07-30,,,19.75,,,,,,
2005-07-31,,,19.75,,,,,,
2005-08-01,0.17,0.071515,19.75,,-0.73,89.02,186712.8,79660.45,2.3785
2005-08-02,,0.071548,19.75,,,,,,2.353
2005-08-03,,0.071548,19.75,,,,,,2.3151
2005-08-04,,0.071581,19.75,,,,,,2.3054
2005-08-05,,0.071581,19.75,,,,,,2.2986
2005-08-06,,,19.75,,,,,,
2005-08-07,,,19.75,,,,,,
2005-08-08,,0.071581,19.75,,,,,,2.31
2005-08-09,,0.071581,19.75,,,,,,2.3151
2005-08-10,,0.071581,19.75,,,,,,2.2767
2005-08-11,,0.071581,19.75,,,,,,2.3169
2005-08-12,,0.071581,19.75,,,,,,2.3758
2005-08-13,,,19.75,,,,,,
2005-08-14,,,19.75,,,,,,
2005-08-15,,0.071581,19.75,,,,,,2.3422
2005-08-16,,0.071614,19.75,,,,,,2.3442
2005-08-17,,0.071548,19.75,,,,,,2.3492
2005-08-18,,0.071515,19.75,,,,,,2.3637
2005-08-19,,0.071515,19.75,,,,,,2.4316
2005-08-20,,,19.75,,,,,,
2005-08-21,,,19.75,,,,,,
2005-08-22,,0.071515,19.75,,,,,,2.4028
2005-08-23,,0.071515,19.75,,,,,,2.4097
2005-08-24,,0.071515,19.75,,,,,,2.4235
2005-08-25,,0.071515,19.75,,,,,,2.4203
2005-08-26,,0.071515,19.75,,,,,,2.4129
2005-08-27,,,19.75,,,,,,
2005-08-28,,,19.75,,,,,,
2005-08-29,,0.071481,19.75,,,,,,2.3995
2005-08-30,,0.071481,19.75,,,,,,2.3861
2005-08-31,,0.071481,19.75,,,,,,2.3637
2005-09-01,0.35,0.071515,19.75,,-0.25,89.04,184473.1,74752.33,2.3623
2005-09-02,,0.071481,19.75,,,,,,2.3429
2005-09-03,,,19.75,,,,,,
2005-09-04,,,19.75,,,,,,
2005-09-05,,0.071481,19.75,,,,,,2.3295
2005-09-06,,0.071515,19.75,,,,,,2.3262
2005-09-07,,,19.75,,,,,,
2005-09-08,,0.071515,19.75,,,,,,2.3198
2005-09-09,,0.071515,19.75,,,,,,2.3175
2005-09-10,,,19.75,,,,,,
2005-09-11,,,19.75,,,,,,
2005-09-12,,0.071515,19.75,,,,,,2.3197
2005-09-13,,0.071515,19.75,,,,,,2.3269
2005-09-14,,0.071515,19.75,,,,,,2.33
2005-09-15,,0.070685,19.5,,,,,,2.3012
2005-09-16,,0.070718,19.5,,,,,,2.2937
2005-09-17,,,19.5,,,,,,
2005-09-18,,,19.5,,,,,,
2005-09-19,,0.070751,19.5,,,,,,2.2905
2005-09-20,,0.070751,19.5,,,,,,2.2948
2005-09-21,,0.070718,19.5,,,,,,2.2827
2005-09-22,,0.070751,19.5,,,,,,2.2752
2005-09-23,,0.070718,19.5,,,,,,2.2682
2005-09-24,,,19.5,,,,,,
2005-09-25,,,19.5,,,,,,
2005-09-26,,0.070718,19.5,,,,,,2.2583
2005-09-27,,0.070718,19.5,,,,,,2.2533
2005-09-28,,0.070784,19.5,,,,,,2.2433
2005-09-29,,0.070784,19.5,,,,,,2.2244
2005-09-30,,0.070818,19.5,,,,,,2.2222
2005-10-01,0.75,,19.5,,0.27,92.41,192948.2,64103.06,
2005-10-02,,,19.5,,,,,,
2005-10-03,,0.070651,19.5,,,,,,2.2339
2005-10-04,,0.070585,19.5,,,,,,2.2424
2005-10-05,,0.070552,19.5,,,,,,2.2685
2005-10-06,,0.070552,19.5,,,,,,2.2886
2005-10-07,,0.070552,19.5,,,,,,2.263
2005-10-08,,,19.5,,,,,,
2005-10-09,,,19.5,,,,,,
2005-10-10,,0.070552,19.5,,,,,,2.2384
2005-10-11,,0.070552,19.5,,,,,,2.2351
2005-10-12,,,19.5,,,,,,
2005-10-13,,0.070552,19.5,,,,,,2.2627
2005-10-14,,0.070552,19.5,,,,,,2.2511
2005-10-15,,,19.5,,,,,,
2005-10-16,,,19.5,,,,,,
2005-10-17,,0.070552,19.5,,,,,,2.2352
2005-10-18,,0.070552,19.5,,,,,,2.2405
2005-10-19,,0.070552,19.5,,,,,,2.2535
2005-10-20,,0.068886,19.0,,,,,,2.2443
2005-10-21,,0.068886,19.0,,,,,,2.2546
2005-10-22,,,19.0,,,,,,
2005-10-23,,,19.0,,,,,,
2005-10-24,,0.068886,19.0,,,,,,2.2623
2005-10-25,,0.068886,19.0,,,,,,2.2618
2005-10-26,,0.068886,19.0,,,,,,2.2746
2005-10-27,,0.068886,19.0,,,,,,2.2851
2005-10-28,,0.068886,19.0,,,,,,2.2791
2005-10-29,,,19.0,,,,,,
2005-10-30,,,19.0,,,,,,
2005-10-31,,0.068886,19.0,,,,,,2.2543
2005-11-01,0.55,0.068886,19.0,,0.88,92.02,196419.8,54062.93,2.2516
2005-11-02,,,19.0,,,,,,
2005-11-03,,0.068886,19.0,,,,,,2.2336
2005-11-04,,0.068919,19.0,,,,,,2.2231
2005-11-05,,,19.0,,,,,,
2005-11-06,,,19.0,,,,,,
2005-11-07,,0.068953,19.0,,,,,,2.2013
2005-11-08,,0.06902,19.0,,,,,,2.2032
2005-11-09,,0.069086,19.0,,,,,,2.1717
2005-11-10,,0.06912,19.0,,,,,,2.1757
2005-11-11,,0.069153,19.0,,,,,,2.1633
2005-11-12,,,19.0,,,,,,
2005-11-13,,,19.0,,,,,,
2005-11-14,,0.069153,19.0,,,,,,2.199
2005-11-15,,,19.0,,,,,,
2005-11-16,,0.06912,19.0,,,,,,2.1974
2005-11-17,,0.069086,19.0,,,,,,2.1866
2005-11-18,,0.069053,19.0,,,,,,2.2187
2005-11-19,,,19.0,,,,,,
2005-11-20,,,19.0,,,,,,
2005-11-21,,0.068986,19.0,,,,,,2.2181
2005-11-22,,0.068986,19.0,,,,,,2.2511
2005-11-23,,0.068919,19.0,,,,,,2.238
2005-11-24,,0.067247,18.5,,,,,,2.237
2005-11-25,,0.06728,18.5,,,,,,2.2329
2005-11-26,,,18.5,,,,,,
2005-11-27,,,18.5,,,,,,
2005-11-28,,0.067347,18.5,,,,,,2.2094
2005-11-29,,0.067381,18.5,,,,,,2.198
2005-11-30,,0.067481,18.5,,,,,,2.207
2005-12-01,0.36,0.067448,18.5,,0.27,100.0,193089.5,46793.32,2.2177
2005-12-02,,0.067381,18.5,,,,,,2.2061
2005-12-03,,,18.5,,,,,,
2005-12-04,,,18.5,,,,,,
2005-12-05,,0.067347,18.5,,,,,,2.1968
2005-12-06,,0.067314,18.5,,,,,,2.1807
2005-12-07,,0.067314,18.5,,,,,,2.18
2005-12-08,,0.067314,18.5,,,,,,2.2127
2005-12-09,,0.067314,18.5,,,,,,2.2446
2005-12-10,,,18.5,,,,,,
2005-12-11,,,18.5,,,,,,
2005-12-12,,0.067314,18.5,,,,,,2.2634
2005-12-13,,0.067314,18.5,,,,,,2.2565
2005-12-14,,0.067314,18.5,,,,,,2.2779
2005-12-15,,0.065702,18.0,,,,,,2.2957
2005-12-16,,0.065803,18.0,,,,,,2.3356
2005-12-17,,,18.0,,,,,,
2005-12-18,,,18.0,,,,,,
2005-12-19,,0.065836,18.0,,,,,,2.3735
2005-12-20,,0.065836,18.0,,,,,,2.3497
2005-12-21,,0.065836,18.0,,,,,,2.3168
2005-12-22,,0.065836,18.0,,,,,,2.3254
2005-12-23,,0.065836,18.0,,,,,,2.3327
2005-12-24,,,18.0,,,,,,
2005-12-25,,,18.0,,,,,,
2005-12-26,,0.065836,18.0,,,,,,2.3325
2005-12-27,,0.065836,18.0,,,,,,2.3526
2005-12-28,,0.065836,18.0,,,,,,2.3483
2005-12-29,,0.06587,18.0,,,,,,2.3407
2005-12-30,,0.06587,18.0,,,,,,2.3407
2005-12-31,,,18.0,,,,,,
2006-01-01,0.59,,18.0,,0.11,104.78,181707.7,35166.3,
2006-01-02,,0.065635,18.0,,,,,,2.337
2006-01-03,,0.065635,18.0,,,,,,2.346
2006-01-04,,0.065601,18.0,,,,,,2.3066
2006-01-05,,0.065567,18.0,,,,,,2.2825
2006-01-06,,0.065534,18.0,,,,,,2.287
2006-01-07,,,18.0,,,,,,
2006-01-08,,,18.0,,,,,,
2006-01-09,,0.065534,18.0,,,,,,2.2632
2006-01-10,,0.065534,18.0,,,,,,2.2638
2006-01-11,,0.065534,18.0,,,,,,2.2679
2006-01-12,,0.065534,18.0,,,,,,2.2729
2006-01-13,,0.065534,18.0,,,,,,2.2747
2006-01-14,,,18.0,,,,,,
2006-01-15,,,18.0,,,,,,
2006-01-16,,0.065534,18.0,,,,,,2.2762
2006-01-17,,0.065534,18.0,,,,,,2.2924
2006-01-18,,0.065534,18.0,,,,,,2.3276
2006-01-19,,0.063001,17.25,,,,,,2.3225
2006-01-20,,0.063001,17.25,,,,,,2.2756
2006-01-21,,,17.25,,,,,,
2006-01-22,,,17.25,,,,,,
2006-01-23,,0.063001,17.25,,,,,,2.2609
2006-01-24,,0.063001,17.25,,,,,,2.244
2006-01-25,,0.063035,17.25,,,,,,2.2433
2006-01-26,,0.063068,17.25,,,,,,2.2382
2006-01-27,,0.063102,17.25,,,,,,2.2152
2006-01-28,,,17.25,,,,,,
2006-01-29,,,17.25,,,,,,
2006-01-30,,0.063102,17.25,,,,,,2.2116
2006-01-31,,0.063102,17.25,,,,,,2.216
2006-02-01,0.41,0.063102,17.25,,-0.28,101.56,176988.5,27958.16,2.2217
2006-02-02,,0.063136,17.25,,,,,,2.221
2006-02-03,,0.063204,17.25,,,,,,2.2202
2006-02-04,,,17.25,,,,,,
2006-02-05,,,17.25,,,,,,
2006-02-06,,0.063238,17.25,,,,,,2.1877
2006-02-07,,0.063272,17.25,,,,,,2.1866
2006-02-08,,0.063305,17.25,,,,,,2.1956
2006-02-09,,0.063305,17.25,,,,,,2.1778
2006-02-10,,0.063305,17.25,,,,,,2.1575
2006-02-11,,,17.25,,,,,,
2006-02-12,,,17.25,,,,,,
2006-02-13,,0.063305,17.25,,,,,,2.1621
2006-02-14,,0.063305,17.25,,,,,,2.1435
2006-02-15,,0.063305,17.25,,,,,,2.1375
2006-02-16,,0.063305,17.25,,,,,,2.1177
2006-02-17,,0.063305,17.25,,,,,,2.1186
2006-02-18,,,17.25,,,,,,
2006-02-19,,,17.25,,,,,,
2006-02-20,,0.063305,17.25,,,,,,2.1182
2006-02-21,,0.063305,17.25,,,,,,2.1297
2006-02-22,,0.063305,17.25,,,,,,2.1484
2006-02-23,,0.063305,17.25,,,,,,2.1353
2006-02-24,,0.063305,17.25,,,,,,2.1355
2006-02-25,,,17.25,,,,,,
2006-02-26,,,17.25,,,,,,
2006-02-27,,,17.25,,,,,,
2006-02-28,,,17.25,,,,,,
2006-03-01,0.43,0.063305,17.25,,-0.24,96.26,195574.3,20050.39,2.1181
2006-03-02,,0.063305,17.25,,,,,,2.1134
2006-03-03,,0.063305,17.25,,,,,,2.1155
2006-03-04,,,17.25,,,,,,
2006-03-05,,,17.25,,,,,,
2006-03-06,,0.063305,17.25,,,,,,2.1261
2006-03-07,,0.063305,17.25,,,,,,2.1682
2006-03-08,,0.063305,17.25,,,,,,2.1778
2006-03-09,,0.060758,16.5,,,,,,2.1615
2006-03-10,,0.060758,16.5,,,,,,2.1447
2006-03-11,,,16.5,,,,,,
2006-03-12,,,16.5,,,,,,
2006-03-13,,0.060758,16.5,,,,,,2.1349
2006-03-14,,0.060758,16.5,,,,,,2.1269
2006-03-15,,0.060758,16.5,,,,,,2.1215
2006-03-16,,0.060758,16.5,,,,,,2.1067
2006-03-17,,0.060758,16.5,,,,,,2.1188
2006-03-18,,,16.5,,,,,,
2006-03-19,,,16.5,,,,,,
2006-03-20,,0.060758,16.5,,,,,,2.1386
2006-03-21,,0.060758,16.5,,,,,,2.1591
2006-03-22,,0.060758,16.5,,,,,,2.1553
2006-03-23,,0.060758,16.5,,,,,,2.1506
2006-03-24,,0.060758,16.5,,,,,,2.1628
2006-03-25,,,16.5,,,,,,
2006-03-26,,,16.5,,,,,,
2006-03-27,,0.060758,16.5,,,,,,2.1804
2006-03-28,,0.060758,16.5,,,,,,2.2238
2006-03-29,,0.060758,16.5,,,,,,2.2228
2006-03-30,,0.060758,16.5,,,,,,2.1952
2006-03-31,,0.060758,16.5,,,,,,2.1724
2006-04-01,0.21,,16.5,,-0.27,95.82,188585.8,12785.19,
2006-04-02,,,16.5,,,,,,
2006-04-03,,0.060452,16.5,,,,,,2.1542
2006-04-04,,0.060452,16.5,,,,,,2.1293
2006-04-05,,0.060452,16.5,,,,,,2.1344
2006-04-06,,0.060452,16.5,,,,,,2.1299
2006-04-07,,0.060452,16.5,,,,,,2.1409
2006-04-08,,,16.5,,,,,,
2006-04-09,,,16.5,,,,,,
2006-04-10,,0.060452,16.5,,,,,,2.1522
2006-04-11,,0.060452,16.5,,,,,,2.142
2006-04-12,,0.060452,16.5,,,,,,2.1336
2006-04-13,,0.060452,16.5,,,,,,2.1426
2006-04-14,,,16.5,,,,,,
2006-04-15,,,16.5,,,,,,
2006-04-16,,,16.5,,,,,,
2006-04-17,,0.060452,16.5,,,,,,2.1343
2006-04-18,,0.060452,16.5,,,,,,2.1292
2006-04-19,,0.060417,15.75,,,,,,2.1143
2006-04-20,,0.057852,15.75,,,,,,2.1236
2006-04-21,,,15.75,,,,,,
2006-04-22,,,15.75,,,,,,
2006-04-23,,,15.75,,,,,,
2006-04-24,,0.057817,15.75,,,,,,2.1182
2006-04-25,,0.057817,15.75,,,,,,2.1233
2006-04-26,,0.057817,15.75,,,,,,2.1224
2006-04-27,,0.057852,15.75,,,,,,2.1136
2006-04-28,,0.057886,15.75,,,,,,2.0892
2006-04-29,,,15.75,,,,,,
2006-04-30,,,15.75,,,,,,
2006-05-01,0.1,,15.75,,-0.03,99.45,198731.5,2228.35,
2006-05-02,,0.057886,15.75,,,,,,2.0718
2006-05-03,,0.05792,15.75,,,,,,2.0706
2006-05-04,,0.05792,15.75,,,,,,2.0667
2006-05-05,,0.058126,15.75,,,,,,2.0587
2006-05-06,,,15.75,,,,,,
2006-05-07,,,15.75,,,,,,
2006-05-08,,0.058126,15.75,,,,,,2.0651
2006-05-09,,0.058126,15.75,,,,,,2.0642
2006-05-10,,0.05792,15.75,,,,,,2.0586
2006-05-11,,0.057886,15.75,,,,,,2.0881
2006-05-12,,0.058058,15.75,,,,,,2.1307
2006-05-13,,,15.75,,,,,,
2006-05-14,,,15.75,,,,,,
2006-05-15,,0.058023,15.75,,,,,,2.1774
2006-05-16,,0.058126,15.75,,,,,,2.1403
2006-05-17,,0.057817,15.75,,,,,,2.1826
2006-05-18,,0.057817,15.75,,,,,,2.1833
2006-05-19,,0.057749,15.75,,,,,,2.193
2006-05-20,,,15.75,,,,,,
2006-05-21,,,15.75,,,,,,
2006-05-22,,0.057749,15.75,,,,,,2.2883
2006-05-23,,0.057783,15.75,,,,,,2.2601
2006-05-24,,0.057749,15.75,,,,,,2.3711
2006-05-25,,0.057783,15.75,,,,,,2.315
2006-05-26,,0.057749,15.75,,,,,,2.252
2006-05-27,,,15.75,,,,,,
2006-05-28,,,15.75,,,,,,
2006-05-29,,0.057783,15.75,,,,,,2.2566
2006-05-30,,0.057749,15.75,,,,,,2.3235
2006-05-31,,0.057749,15.75,,,,,,2.3005
2006-06-01,-0.21,0.056063,15.25,,-0.61,101.78,194659.5,986.56,2.2713
2006-06-02,,0.056028,15.25,,,,,,2.2595
2006-06-03,,,15.25,,,,,,
2006-06-04,,,15.25,,,,,,
2006-06-05,,0.056063,15.25,,,,,,2.2557
2006-06-06,,0.056063,15.25,,,,,,2.2686
2006-06-07,,0.056063,15.25,,,,,,2.25
2006-06-08,,0.056063,15.25,,,,,,2.2701
2006-06-09,,0.056063,15.25,,,,,,2.2615
2006-06-10,,,15.25,,,,,,
2006-06-11,,,15.25,,,,,,
2006-06-12,,0.056097,15.25,,,,,,2.2707
2006-06-13,,0.056132,15.25,,,,,,2.3018
2006-06-14,,0.056097,15.25,,,,,,2.2845
2006-06-15,,,15.25,,,,,,
2006-06-16,,0.056097,15.25,,,,,,2.2521
2006-06-17,,,15.25,,,,,,
2006-06-18,,,15.25,,,,,,
2006-06-19,,0.056097,15.25,,,,,,2.2404
2006-06-20,,0.056097,15.25,,,,,,2.2506
2006-06-21,,0.056097,15.25,,,,,,2.2378
2006-06-22,,0.056097,15.25,,,,,,2.2391
2006-06-23,,0.056063,15.25,,,,,,2.2462
2006-06-24,,,15.25,,,,,,
2006-06-25,,,15.25,,,,,,
2006-06-26,,0.056097,15.25,,,,,,2.2259
2006-06-27,,0.056097,15.25,,,,,,2.2315
2006-06-28,,0.056097,15.25,,,,,,2.2262
2006-06-29,,0.056097,15.25,,,,,,2.2063
2006-06-30,,0.056097,15.25,,,,,,2.1643
2006-07-01,0.19,,15.25,,0.09,102.3,203488.6,-9269.37,
2006-07-02,,,15.25,,,,,,
2006-07-03,,0.056063,15.25,,,,,,2.1701
2006-07-04,,0.056097,15.25,,,,,,2.1646
2006-07-05,,0.056097,15.25,,,,,,2.1955
2006-07-06,,0.056097,15.25,,,,,,2.184
2006-07-07,,0.056097,15.25,,,,,,2.1765
2006-07-08,,,15.25,,,,,,
2006-07-09,,,15.25,,,,,,
2006-07-10,,0.056097,15.25,,,,,,2.175
2006-07-11,,0.056097,15.25,,,,,,2.1859
2006-07-12,,0.056097,15.25,,,,,,2.1915
2006-07-13,,0.056097,15.25,,,,,,2.2106
2006-07-14,,0.056097,15.25,,,,,,2.213
2006-07-15,,,15.25,,,,,,
2006-07-16,,,15.25,,,,,,
2006-07-17,,0.056028,15.25,,,,,,2.2126
2006-07-18,,0.056132,15.25,,,,,,2.1962
2006-07-19,,0.056063,15.25,,,,,,2.181
2006-07-20,,0.054301,14.75,,,,,,2.1895
2006-07-21,,0.054266,14.75,,,,,,2.1935
2006-07-22,,,14.75,,,,,,
2006-07-23,,,14.75,,,,,,
2006-07-24,,0.054301,14.75,,,,,,2.1916
2006-07-25,,0.054301,14.75,,,,,,2.1993
2006-07-26,,0.054301,14.75,,,,,,2.1984
2006-07-27,,0.054301,14.75,,,,,,2.1899
2006-07-28,,0.054266,14.75,,,,,,2.18
2006-07-29,,,14.75,,,,,,
2006-07-30,,,14.75,,,,,,
2006-07-31,,0.054301,14.75,,,,,,2.1762
2006-08-01,0.05,0.054301,14.75,,0.07,97.67,208799.8,-19425.87,2.1905
2006-08-02,,0.054301,14.75,,,,,,2.1821
2006-08-03,,0.054335,14.75,,,,,,2.1835
2006-08-04,,0.054301,14.75,,,,,,2.172
2006-08-05,,,14.75,,,,,,
2006-08-06,,,14.75,,,,,,
2006-08-07,,0.054301,14.75,,,,,,2.1793
2006-08-08,,0.054301,14.75,,,,,,2.1839
2006-08-09,,0.054301,14.75,,,,,,2.1687
2006-08-10,,0.054301,14.75,,,,,,2.1628
2006-08-11,,0.054335,14.75,,,,,,2.1616
2006-08-12,,,14.75,,,,,,
2006-08-13,,,14.75,,,,,,
2006-08-14,,0.054405,14.75,,,,,,2.1605
2006-08-15,,0.054439,14.75,,,,,,2.148
2006-08-16,,0.054405,14.75,,,,,,2.1329
2006-08-17,,0.054405,14.75,,,,,,2.1365
2006-08-18,,0.054578,14.75,,,,,,2.1456
2006-08-19,,,14.75,,,,,,
2006-08-20,,,14.75,,,,,,
2006-08-21,,0.054439,14.75,,,,,,2.1361
2006-08-22,,0.054405,14.75,,,,,,2.1355
2006-08-23,,0.05437,14.75,,,,,,2.1354
2006-08-24,,0.054405,14.75,,,,,,2.1523
2006-08-25,,0.05437,14.75,,,,,,2.1571
2006-08-26,,,14.75,,,,,,
2006-08-27,,,14.75,,,,,,
2006-08-28,,0.054405,14.75,,,,,,2.1473
2006-08-29,,0.054405,14.75,,,,,,2.1419
2006-08-30,,0.054335,14.75,,,,,,2.133
2006-08-31,,0.052635,14.25,,,,,,2.1388
2006-09-01,0.21,0.0526,14.25,,0.08,95.09,205559.3,-23487.93,2.1468
2006-09-02,,,14.25,,,,,,
2006-09-03,,,14.25,,,,,,
2006-09-04,,0.0526,14.25,,,,,,2.1282
2006-09-05,,0.052635,14.25,,,,,,2.1288
2006-09-06,,0.0526,14.25,,,,,,2.1443
2006-09-07,,,14.25,,,,,,
2006-09-08,,0.0526,14.25,,,,,,2.1582
2006-09-09,,,14.25,,,,,,
2006-09-10,,,14.25,,,,,,
2006-09-11,,0.0526,14.25,,,,,,2.1751
2006-09-12,,0.0526,14.25,,,,,,2.1732
2006-09-13,,0.0526,14.25,,,,,,2.17
2006-09-14,,0.0526,14.25,,,,,,2.1593
2006-09-15,,0.0526,14.25,,,,,,2.154
2006-09-16,,,14.25,,,,,,
2006-09-17,,,14.25,,,,,,
2006-09-18,,0.052566,14.25,,,,,,2.1453
2006-09-19,,0.0526,14.25,,,,,,2.1518
2006-09-20,,0.0526,14.25,,,,,,2.169
2006-09-21,,0.052635,14.25,,,,,,2.1969
2006-09-22,,0.0526,14.25,,,,,,2.2177
2006-09-23,,,14.25,,,,,,
2006-09-24,,,14.25,,,,,,
2006-09-25,,0.0526,14.25,,,,,,2.2188
2006-09-26,,0.0526,14.25,,,,,,2.198
2006-09-27,,0.0526,14.25,,,,,,2.186
2006-09-28,,0.0526,14.25,,,,,,2.1793
2006-09-29,,0.0526,14.25,,,,,,2.1742
2006-09-30,,,14.25,,,,,,
2006-10-01,0.33,,14.25,,0.88,95.15,219035.0,-33409.76,
2006-10-02,,0.052566,14.25,,,,,,2.1623
2006-10-03,,0.052566,14.25,,,,,,2.1655
2006-10-04,,0.052566,14.25,,,,,,2.1676
2006-10-05,,0.052566,14.25,,,,,,2.1629
2006-10-06,,0.0526,14.25,,,,,,2.1636
2006-10-07,,,14.25,,,,,,
2006-10-08,,,14.25,,,,,,
2006-10-09,,0.052566,14.25,,,,,,2.1588
2006-10-10,,0.052566,14.25,,,,,,2.1497
2006-10-11,,0.052566,14.25,,,,,,2.1546
2006-10-12,,,14.25,,,,,,
2006-10-13,,0.052566,14.25,,,,,,2.1419
2006-10-14,,,14.25,,,,,,
2006-10-15,,,14.25,,,,,,
2006-10-16,,0.052566,14.25,,,,,,2.1331
2006-10-17,,0.052566,14.25,,,,,,2.1361
2006-10-18,,0.052566,14.25,,,,,,2.1339
2006-10-19,,0.050858,13.75,,,,,,2.1387
2006-10-20,,0.050788,13.75,,,,,,2.1457
2006-10-21,,,13.75,,,,,,
2006-10-22,,,13.75,,,,,,
2006-10-23,,0.050823,13.75,,,,,,2.1391
2006-10-24,,0.050858,13.75,,,,,,2.1467
2006-10-25,,0.050893,13.75,,,,,,2.151
2006-10-26,,0.050893,13.75,,,,,,2.1363
2006-10-27,,0.050858,13.75,,,,,,2.1378
2006-10-28,,,13.75,,,,,,
2006-10-29,,,13.75,,,,,,
2006-10-30,,0.050893,13.75,,,,,,2.1456
2006-10-31,,0.050893,13.75,,,,,,2.143
2006-11-01,0.31,0.050893,13.75,,1.05,99.86,220981.6,-42230.5,2.141
2006-11-02,,,13.75,,,,,,
2006-11-03,,0.050858,13.75,,,,,,2.142
2006-11-04,,,13.75,,,,,,
2006-11-05,,,13.75,,,,,,
2006-11-06,,0.050928,13.75,,,,,,2.1378
2006-11-07,,0.050928,13.75,,,,,,2.1353
2006-11-08,,0.050928,13.75,,,,,,2.1464
2006-11-09,,0.050893,13.75,,,,,,2.1412
2006-11-10,,0.050823,13.75,,,,,,2.1489
2006-11-11,,,13.75,,,,,,
2006-11-12,,,13.75,,,,,,
2006-11-13,,0.050893,13.75,,,,,,2.162
2006-11-14,,0.050858,13.75,,,,,,2.1537
2006-11-15,,,13.75,,,,,,
2006-11-16,,0.050823,13.75,,,,,,2.1517
2006-11-17,,0.050823,13.75,,,,,,2.1593
2006-11-18,,,13.75,,,,,,
2006-11-19,,,13.75,,,,,,
2006-11-20,,0.050893,13.75,,,,,,2.1622
2006-11-21,,0.050893,13.75,,,,,,2.1638
2006-11-22,,0.050823,13.75,,,,,,2.1623
2006-11-23,,0.050858,13.75,,,,,,2.1683
2006-11-24,,0.050823,13.75,,,,,,2.17
2006-11-25,,,13.75,,,,,,
2006-11-26,,,13.75,,,,,,
2006-11-27,,0.050823,13.75,,,,,,2.18
2006-11-28,,0.050893,13.75,,,,,,2.187
2006-11-29,,0.050893,13.75,,,,,,2.1783
2006-11-30,,0.049143,13.25,,,,,,2.1668
2006-12-01,0.48,0.049143,13.25,,0.39,100.71,215338.3,-47003.44,2.1672
2006-12-02,,,13.25,,,,,,
2006-12-03,,,13.25,,,,,,
2006-12-04,,0.049143,13.25,,,,,,2.1693
2006-12-05,,0.049178,13.25,,,,,,2.156
2006-12-06,,0.049143,13.25,,,,,,2.1528
2006-12-07,,0.049143,13.25,,,,,,2.1428
2006-12-08,,0.049143,13.25,,,,,,2.1442
2006-12-09,,,13.25,,,,,,
2006-12-10,,,13.25,,,,,,
2006-12-11,,0.049178,13.25,,,,,,2.1384
2006-12-12,,0.049143,13.25,,,,,,2.1481
2006-12-13,,0.049178,13.25,,,,,,2.1459
2006-12-14,,0.049178,13.25,,,,,,2.146
2006-12-15,,0.049143,13.25,,,,,,2.147
2006-12-16,,,13.25,,,,,,
2006-12-17,,,13.25,,,,,,
2006-12-18,,0.049178,13.25,,,,,,2.147
2006-12-19,,0.049178,13.25,,,,,,2.1572
2006-12-20,,0.049178,13.25,,,,,,2.156
2006-12-21,,0.049178,13.25,,,,,,2.1593
2006-12-22,,0.049178,13.25,,,,,,2.1518
2006-12-23,,,13.25,,,,,,
2006-12-24,,,13.25,,,,,,
2006-12-25,,,13.25,,,,,,
2006-12-26,,0.049178,13.25,,,,,,2.1437
2006-12-27,,0.049143,13.25,,,,,,2.1497
2006-12-28,,0.049178,13.25,,,,,,2.138
2006-12-29,,0.049178,13.25,,,,,,2.138
2006-12-30,,,13.25,,,,,,
2006-12-31,,,13.25,,,,,,
2007-01-01,0.44,,13.25,,0.84,100.51,206662.3,-58356.28,
2007-01-02,,0.049178,13.25,,,,,,2.1342
2007-01-03,,0.049143,13.25,,,,,,2.1372
2007-01-04,,0.049178,13.25,,,,,,2.1429
2007-01-05,,0.049178,13.25,,,,,,2.1474
2007-01-06,,,13.25,,,,,,
2007-01-07,,,13.25,,,,,,
2007-01-08,,0.049178,13.25,,,,,,2.1505
2007-01-09,,0.049178,13.25,,,,,,2.1506
2007-01-10,,0.049178,13.25,,,,,,2.1556
2007-01-11,,0.049178,13.25,,,,,,2.1465
2007-01-12,,0.049143,13.25,,,,,,2.1421
2007-01-13,,,13.25,,,,,,
2007-01-14,,,13.25,,,,,,
2007-01-15,,0.049178,13.25,,,,,,2.1407
2007-01-16,,0.049178,13.25,,,,,,2.1444
2007-01-17,,0.049178,13.25,,,,,,2.135
2007-01-18,,0.049178,13.25,,,,,,2.1329
2007-01-19,,0.049178,13.25,,,,,,2.1307
2007-01-20,,,13.25,,,,,,
2007-01-21,,,13.25,,,,,,
2007-01-22,,0.049178,13.25,,,,,,2.1327
2007-01-23,,0.049178,13.25,,,,,,2.1368
2007-01-24,,0.049143,13.25,,,,,,2.1286
2007-01-25,,0.0483,13.0,,,,,,2.1281
2007-01-26,,0.04823,13.0,,,,,,2.136
2007-01-27,,,13.0,,,,,,
2007-01-28,,,13.0,,,,,,
2007-01-29,,0.048265,13.0,,,,,,2.136
2007-01-30,,0.048265,13.0,,,,,,2.1329
2007-01-31,,0.048265,13.0,,,,,,2.1247
2007-02-01,0.44,0.048265,13.0,,0.78,98.85,201552.1,-79457.56,2.1093
2007-02-02,,0.048265,13.0,,,,,,2.0982
2007-02-03,,,13.0,,,,,,
2007-02-04,,,13.0,,,,,,
2007-02-05,,0.048265,13.0,,,,,,2.0964
2007-02-06,,0.048265,13.0,,,,,,2.0833
2007-02-07,,0.048265,13.0,,,,,,2.0852
2007-02-08,,0.048265,13.0,,,,,,2.0951
2007-02-09,,0.048265,13.0,,,,,,2.1033
2007-02-10,,,13.0,,,,,,
2007-02-11,,,13.0,,,,,,
2007-02-12,,0.048265,13.0,,,,,,2.114
2007-02-13,,0.048265,13.0,,,,,,2.1088
2007-02-14,,0.048265,13.0,,,,,,2.1
2007-02-15,,0.048265,13.0,,,,,,2.0896
2007-02-16,,0.0483,13.0,,,,,,2.0913
2007-02-17,,,13.0,,,,,,
2007-02-18,,,13.0,,,,,,
2007-02-19,,,13.0,,,,,,
2007-02-20,,,13.0,,,,,,
2007-02-21,,0.0483,13.0,,,,,,2.0802
2007-02-22,,0.0483,13.0,,,,,,2.0766
2007-02-23,,0.0483,13.0,,,,,,2.0868
2007-02-24,,,13.0,,,,,,
2007-02-25,,,13.0,,,,,,
2007-02-26,,0.048265,13.0,,,,,,2.0863
2007-02-27,,0.048265,13.0,,,,,,2.1099
2007-02-28,,0.048265,13.0,,,,,,2.1182
2007-03-01,0.37,0.048265,13.0,,0.98,98.29,223208.6,-95589.24,2.126
2007-03-02,,0.048265,13.0,,,,,,2.1274
2007-03-03,,,13.0,,,,,,
2007-03-04,,,13.0,,,,,,
2007-03-05,,0.048265,13.0,,,,,,2.1388
2007-03-06,,0.048265,13.0,,,,,,2.1209
2007-03-07,,0.048265,13.0,,,,,,2.1121
2007-03-08,,0.04742,12.75,,,,,,2.1054
2007-03-09,,0.04742,12.75,,,,,,2.0983
2007-03-10,,,12.75,,,,,,
2007-03-11,,,12.75,,,,,,
2007-03-12,,0.04742,12.75,,,,,,2.0902
2007-03-13,,0.047385,12.75,,,,,,2.0962
2007-03-14,,0.047385,12.75,,,,,,2.1044
2007-03-15,,0.047385,12.75,,,,,,2.0909
2007-03-16,,0.047385,12.75,,,,,,2.0915
2007-03-17,,,12.75,,,,,,
2007-03-18,,,12.75,,,,,,
2007-03-19,,0.047385,12.75,,,,,,2.0792
2007-03-20,,0.047385,12.75,,,,,,2.0763
2007-03-21,,0.047385,12.75,,,,,,2.0676
2007-03-22,,0.047385,12.75,,,,,,2.0602
2007-03-23,,0.047385,12.75,,,,,,2.0652
2007-03-24,,,12.75,,,,,,
2007-03-25,,,12.75,,,,,,
2007-03-26,,0.047385,12.75,,,,,,2.0601
2007-03-27,,0.047385,12.75,,,,,,2.0637
2007-03-28,,0.047385,12.75,,,,,,2.0716
2007-03-29,,0.047385,12.75,,,,,,2.0545
2007-03-30,,0.047385,12.75,,,,,,2.0504
2007-03-31,,,12.75,,,,,,
2007-04-01,0.25,,12.75,,0.03,92.61,218931.2,-121727.8,
2007-04-02,,0.047385,12.75,,,,,,2.0478
2007-04-03,,0.047385,12.75,,,,,,2.0372
2007-04-04,,0.047385,12.75,,,,,,2.0321
2007-04-05,,0.04742,12.75,,,,,,2.0333
2007-04-06,,,12.75,,,,,,
2007-04-07,,,12.75,,,,,,
2007-04-08,,,12.75,,,,,,
2007-04-09,,0.047385,12.75,,,,,,2.0236
2007-04-10,,0.047385,12.75,,,,,,2.0282
2007-04-11,,0.047385,12.75,,,,,,2.0333
2007-04-12,,0.047385,12.75,,,,,,2.0371
2007-04-13,,0.047385,12.75,,,,,,2.0231
2007-04-14,,,12.75,,,,,,
2007-04-15,,,12.75,,,,,,
2007-04-16,,0.047385,12.75,,,,,,2.034
2007-04-17,,0.04735,12.75,,,,,,2.0348
2007-04-18,,0.04735,12.75,,,,,,2.0365
2007-04-19,,0.046503,12.5,,,,,,2.0312
2007-04-20,,0.046503,12.5,,,,,,2.0262
2007-04-21,,,12.5,,,,,,
2007-04-22,,,12.5,,,,,,
2007-04-23,,0.046503,12.5,,,,,,2.029
2007-04-24,,0.046503,12.5,,,,,,2.0385
2007-04-25,,0.046503,12.5,,,,,,2.0236
2007-04-26,,0.046503,12.5,,,,,,2.0252
2007-04-27,,0.046503,12.5,,,,,,2.0321
2007-04-28,,,12.5,,,,,,
2007-04-29,,,12.5,,,,,,
2007-04-30,,0.046503,12.5,,,,,,2.0339
2007-05-01,0.28,,12.5,,0.16,89.54,227535.3,-144385.77,
2007-05-02,,0.046503,12.5,,,,,,2.0268
2007-05-03,,0.046503,12.5,,,,,,2.0239
2007-05-04,,0.046503,12.5,,,,,,2.0309
2007-05-05,,,12.5,,,,,,
2007-05-06,,,12.5,,,,,,
2007-05-07,,0.046503,12.5,,,,,,2.0266
2007-05-08,,0.046503,12.5,,,,,,2.0226
2007-05-09,,0.046503,12.5,,,,,,2.0222
2007-05-10,,0.046503,12.5,,,,,,2.0217
2007-05-11,,0.046503,12.5,,,,,,2.0194
2007-05-12,,,12.5,,,,,,
2007-05-13,,,12.5,,,,,,
2007-05-14,,0.046503,12.5,,,,,,2.0138
2007-05-15,,0.046503,12.5,,,,,,1.9922
2007-05-16,,0.046503,12.5,,,,,,1.9586
2007-05-17,,0.046503,12.5,,,,,,1.9573
2007-05-18,,0.046503,12.5,,,,,,1.963
2007-05-19,,,12.5,,,,,,
2007-05-20,,,12.5,,,,,,
2007-05-21,,0.046503,12.5,,,,,,1.9435
2007-05-22,,0.046503,12.5,,,,,,1.9409
2007-05-23,,0.046503,12.5,,,,,,1.9489
2007-05-24,,0.046503,12.5,,,,,,1.9653
2007-05-25,,0.046503,12.5,,,,,,1.952
2007-05-26,,,12.5,,,,,,
2007-05-27,,,12.5,,,,,,
2007-05-28,,0.046503,12.5,,,,,,1.9441
2007-05-29,,0.046503,12.5,,,,,,1.9461
2007-05-30,,0.046503,12.5,,,,,,1.9468
2007-05-31,,0.046503,12.5,,,,,,1.9289
2007-06-01,0.28,0.046503,12.5,,1.09,87.96,224188.2,-164315.56,1.9056
2007-06-02,,,12.5,,,,,,
2007-06-03,,,12.5,,,,,,
2007-06-04,,0.046503,12.5,,,,,,1.9215
2007-06-05,,0.046503,12.5,,,,,,1.9395
2007-06-06,,0.046503,12.5,,,,,,1.9617
2007-06-07,,,12.5,,,,,,
2007-06-08,,0.044734,12.0,,,,,,1.9638
2007-06-09,,,12.0,,,,,,
2007-06-10,,,12.0,,,,,,
2007-06-11,,0.044734,12.0,,,,,,1.9473
2007-06-12,,0.044734,12.0,,,,,,1.942
2007-06-13,,0.044734,12.0,,,,,,1.9442
2007-06-14,,0.044734,12.0,,,,,,1.9303
2007-06-15,,0.044734,12.0,,,,,,1.9097
2007-06-16,,,12.0,,,,,,
2007-06-17,,,12.0,,,,,,
2007-06-18,,0.044734,12.0,,,,,,1.9047
2007-06-19,,0.044734,12.0,,,,,,1.9058
2007-06-20,,0.044734,12.0,,,,,,1.9198
2007-06-21,,0.044734,12.0,,,,,,1.9197
2007-06-22,,0.044734,12.0,,,,,,1.9334
2007-06-23,,,12.0,,,,,,
2007-06-24,,,12.0,,,,,,
2007-06-25,,0.044734,12.0,,,,,,1.9379
2007-06-26,,0.044734,12.0,,,,,,1.9488
2007-06-27,,0.044734,12.0,,,,,,1.9499
2007-06-28,,0.044734,12.0,,,,,,1.9256
2007-06-29,,0.044734,12.0,,,,,,1.9262
2007-06-30,,,12.0,,,,,,
2007-07-01,0.24,,12.0,,1.27,88.33,230916.3,-150416.46,
2007-07-02,,0.044734,12.0,,,,,,1.9176
2007-07-03,,0.044734,12.0,,,,,,1.9122
2007-07-04,,0.044734,12.0,,,,,,1.9099
2007-07-05,,0.044734,12.0,,,,,,1.9157
2007-07-06,,0.044734,12.0,,,,,,1.9033
2007-07-07,,,12.0,,,,,,
2007-07-08,,,12.0,,,,,,
2007-07-09,,0.044734,12.0,,,,,,1.8992
2007-07-10,,0.044734,12.0,,,,,,1.8947
2007-07-11,,0.044734,12.0,,,,,,1.89
2007-07-12,,0.044734,12.0,,,,,,1.8767
2007-07-13,,0.044734,12.0,,,,,,1.8684
2007-07-14,,,12.0,,,,,,
2007-07-15,,,12.0,,,,,,
2007-07-16,,0.044734,12.0,,,,,,1.8647
2007-07-17,,0.044734,12.0,,,,,,1.8621
2007-07-18,,0.044734,12.0,,,,,,1.8609
2007-07-19,,0.042956,11.5,,,,,,1.8536
2007-07-20,,0.042956,11.5,,,,,,1.8606
2007-07-21,,,11.5,,,,,,
2007-07-22,,,11.5,,,,,,
2007-07-23,,0.042956,11.5,,,,,,1.8448
2007-07-24,,0.042956,11.5,,,,,,1.8525
2007-07-25,,0.042956,11.5,,,,,,1.8643
2007-07-26,,0.042956,11.5,,,,,,1.9054
2007-07-27,,0.042956,11.5,,,,,,1.9069
2007-07-28,,,11.5,,,,,,
2007-07-29,,,11.5,,,,,,
2007-07-30,,0.042956,11.5,,,,,,1.8809
2007-07-31,,0.042956,11.5,,,,,,1.8776
2007-08-01,0.47,0.042956,11.5,,1.39,91.72,233905.1,-166357.79,1.8856
2007-08-02,,0.042956,11.5,,,,,,1.8729
2007-08-03,,0.042956,11.5,,,,,,1.8814
2007-08-04,,,11.5,,,,,,
2007-08-05,,,11.5,,,,,,
2007-08-06,,0.042956,11.5,,,,,,1.9106
2007-08-07,,0.042956,11.5,,,,,,1.9077
2007-08-08,,0.042956,11.5,,,,,,1.8866
2007-08-09,,0.042956,11.5,,,,,,1.9191
2007-08-10,,0.042956,11.5,,,,,,1.955
2007-08-11,,,11.5,,,,,,
2007-08-12,,,11.5,,,,,,
2007-08-13,,0.042921,11.5,,,,,,1.9411
2007-08-14,,0.042956,11.5,,,,,,1.9809
2007-08-15,,0.042956,11.5,,,,,,2.0043
2007-08-16,,0.042956,11.5,,,,,,2.1124
2007-08-17,,0.042956,11.5,,,,,,2.0376
2007-08-18,,,11.5,,,,,,
2007-08-19,,,11.5,,,,,,
2007-08-20,,0.042956,11.5,,,,,,2.028
2007-08-21,,0.042956,11.5,,,,,,2.0385
2007-08-22,,0.042956,11.5,,,,,,2.0173
2007-08-23,,0.042956,11.5,,,,,,1.9939
2007-08-24,,0.042956,11.5,,,,,,1.9855
2007-08-25,,,11.5,,,,,,
2007-08-26,,,11.5,,,,,,
2007-08-27,,0.042956,11.5,,,,,,1.9489
2007-08-28,,0.042956,11.5,,,,,,1.9849
2007-08-29,,0.042956,11.5,,,,,,1.9864
2007-08-30,,0.042956,11.5,,,,,,1.9777
2007-08-31,,0.042956,11.5,,,,,,1.962
2007-09-01,0.18,,11.5,,0.44,92.83,227024.5,-153534.86,
2007-09-02,,,11.5,,,,,,
2007-09-03,,0.042956,11.5,,,,,,1.9547
2007-09-04,,0.042956,11.5,,,,,,1.9528
2007-09-05,,0.042956,11.5,,,,,,1.964
2007-09-06,,0.042065,11.25,,,,,,1.9545
2007-09-07,,,11.25,,,,,,
2007-09-08,,,11.25,,,,,,
2007-09-09,,,11.25,,,,,,
2007-09-10,,0.042065,11.25,,,,,,1.9591
2007-09-11,,0.042065,11.25,,,,,,1.9304
2007-09-12,,0.042065,11.25,,,,,,1.9125
2007-09-13,,0.042065,11.25,,,,,,1.8991
2007-09-14,,0.042065,11.25,,,,,,1.9031
2007-09-15,,,11.25,,,,,,
2007-09-16,,,11.25,,,,,,
2007-09-17,,0.042065,11.25,,,,,,1.9123
2007-09-18,,0.042065,11.25,,,,,,1.896
2007-09-19,,0.042065,11.25,,,,,,1.8639
2007-09-20,,0.042065,11.25,,,,,,1.8637
2007-09-21,,0.042065,11.25,,,,,,1.8618
2007-09-22,,,11.25,,,,,,
2007-09-23,,,11.25,,,,,,
2007-09-24,,0.042065,11.25,,,,,,1.8694
2007-09-25,,0.042065,11.25,,,,,,1.8656
2007-09-26,,0.042065,11.25,,,,,,1.8493
2007-09-27,,0.042065,11.25,,,,,,1.8409
2007-09-28,,0.042065,11.25,,,,,,1.8389
2007-09-29,,,11.25,,,,,,
2007-09-30,,,11.25,,,,,,
2007-10-01,0.3,0.042065,11.25,,0.52,89.37,245688.0,-153882.0,1.8225
2007-10-02,,0.042065,11.25,,,,,,1.8235
2007-10-03,,0.042065,11.25,,,,,,1.8274
2007-10-04,,0.042065,11.25,,,,,,1.8284
2007-10-05,,0.042065,11.25,,,,,,1.8092
2007-10-06,,,11.25,,,,,,
2007-10-07,,,11.25,,,,,,
2007-10-08,,0.042065,11.25,,,,,,1.8133
2007-10-09,,0.042065,11.25,,,,,,1.8108
2007-10-10,,0.042065,11.25,,,,,,1.8048
2007-10-11,,0.042065,11.25,,,,,,1.792
2007-10-12,,,11.25,,,,,,
2007-10-13,,,11.25,,,,,,
2007-10-14,,,11.25,,,,,,
2007-10-15,,0.042065,11.25,,,,,,1.8078
2007-10-16,,0.042065,11.25,,,,,,1.8242
2007-10-17,,0.042065,11.25,,,,,,1.8138
2007-10-18,,0.042065,11.25,,,,,,1.8071
2007-10-19,,0.042065,11.25,,,,,,1.7964
2007-10-20,,,11.25,,,,,,
2007-10-21,,,11.25,,,,,,
2007-10-22,,0.042065,11.25,,,,,,1.8206
2007-10-23,,0.042065,11.25,,,,,,1.8007
2007-10-24,,0.042065,11.25,,,,,,1.7969
2007-10-25,,0.042065,11.25,,,,,,1.7896
2007-10-26,,0.042065,11.25,,,,,,1.7752
2007-10-27,,,11.25,,,,,,
2007-10-28,,,11.25,,,,,,
2007-10-29,,0.042065,11.25,,,,,,1.7595
2007-10-30,,0.042029,11.25,,,,,,1.7552
2007-10-31,,0.042065,11.25,,,,,,1.744
2007-11-01,0.38,0.042065,11.25,,0.73,89.62,243269.2,-174791.74,1.746
2007-11-02,,,11.25,,,,,,
2007-11-03,,,11.25,,,,,,
2007-11-04,,,11.25,,,,,,
2007-11-05,,0.042065,11.25,,,,,,1.7556
2007-11-06,,0.042065,11.25,,,,,,1.7325
2007-11-07,,0.042065,11.25,,,,,,1.74
2007-11-08,,0.042065,11.25,,,,,,1.7354
2007-11-09,,0.042065,11.25,,,,,,1.749
2007-11-10,,,11.25,,,,,,
2007-11-11,,,11.25,,,,,,
2007-11-12,,0.042065,11.25,,,,,,1.774
2007-11-13,,0.042065,11.25,,,,,,1.7682
2007-11-14,,0.042065,11.25,,,,,,1.7378
2007-11-15,,,11.25,,,,,,
2007-11-16,,0.042065,11.25,,,,,,1.7414
2007-11-17,,,11.25,,,,,,
2007-11-18,,,11.25,,,,,,
2007-11-19,,0.042065,11.25,,,,,,1.7593
2007-11-20,,0.042065,11.25,,,,,,1.7647
2007-11-21,,0.042065,11.25,,,,,,1.7866
2007-11-22,,0.042065,11.25,,,,,,1.7747
2007-11-23,,0.042065,11.25,,,,,,1.7962
2007-11-24,,,11.25,,,,,,
2007-11-25,,,11.25,,,,,,
2007-11-26,,0.042065,11.25,,,,,,1.811
2007-11-27,,0.042065,11.25,,,,,,1.8501
2007-11-28,,0.042065,11.25,,,,,,1.8018
2007-11-29,,0.042065,11.25,,,,,,1.7905
2007-11-30,,0.042065,11.25,,,,,,1.7837
2007-12-01,0.74,,11.25,,2.06,93.98,237382.1,-177496.49,
2007-12-02,,,11.25,,,,,,
2007-12-03,,0.042065,11.25,,,,,,1.7888
2007-12-04,,0.042065,11.25,,,,,,1.8233
2007-12-05,,0.042065,11.25,,,,,,1.7956
2007-12-06,,0.042065,11.25,,,,,,1.7873
2007-12-07,,0.042065,11.25,,,,,,1.7616
2007-12-08,,,11.25,,,,,,
2007-12-09,,,11.25,,,,,,
2007-12-10,,0.042065,11.25,,,,,,1.762
2007-12-11,,0.042065,11.25,,,,,,1.765
2007-12-12,,0.042065,11.25,,,,,,1.7624
2007-12-13,,0.042065,11.25,,,,,,1.7746
2007-12-14,,0.042065,11.25,,,,,,1.7959
2007-12-15,,,11.25,,,,,,
2007-12-16,,,11.25,,,,,,
2007-12-17,,0.042065,11.25,,,,,,1.8123
2007-12-18,,0.042065,11.25,,,,,,1.8091
2007-12-19,,0.042065,11.25,,,,,,1.8019
2007-12-20,,0.042065,11.25,,,,,,1.8032
2007-12-21,,0.042065,11.25,,,,,,1.7966
2007-12-22,,,11.25,,,,,,
2007-12-23,,,11.25,,,,,,
2007-12-24,,0.042065,11.25,,,,,,1.7909
2007-12-25,,,11.25,,,,,,
2007-12-26,,0.042065,11.25,,,,,,1.7795
2007-12-27,,0.042065,11.25,,,,,,1.7671
2007-12-28,,0.042065,11.25,,,,,,1.7713
2007-12-29,,,11.25,,,,,,
2007-12-30,,,11.25,,,,,,
2007-12-31,,0.042065,11.25,,,,,,1.7713
2008-01-01,0.54,,11.25,,1.52,98.05,232824.8,-185972.6,
2008-01-02,,0.042065,11.25,,,,,,1.7722
2008-01-03,,0.042065,11.25,,,,,,1.7569
2008-01-04,,0.042065,11.25,,,,,,1.7574
2008-01-05,,,11.25,,,,,,
2008-01-06,,,11.25,,,,,,
2008-01-07,,0.042029,11.25,,,,,,1.7675
2008-01-08,,0.042029,11.25,,,,,,1.7554
2008-01-09,,0.042065,11.25,,,,,,1.7691
2008-01-10,,0.042065,11.25,,,,,,1.7628
2008-01-11,,0.042065,11.25,,,,,,1.7536
2008-01-12,,,11.25,,,,,,
2008-01-13,,,11.25,,,,,,
2008-01-14,,0.042065,11.25,,,,,,1.7414
2008-01-15,,0.042065,11.25,,,,,,1.745
2008-01-16,,0.042065,11.25,,,,,,1.763
2008-01-17,,0.042065,11.25,,,,,,1.7687
2008-01-18,,0.042065,11.25,,,,,,1.785
2008-01-19,,,11.25,,,,,,
2008-01-20,,,11.25,,,,,,
2008-01-21,,0.042029,11.25,,,,,,1.8301
2008-01-22,,0.042065,11.25,,,,,,1.8041
2008-01-23,,0.042065,11.25,,,,,,1.8147
2008-01-24,,0.042029,11.25,,,,,,1.7883
2008-01-25,,0.042065,11.25,,,,,,1.7912
2008-01-26,,,11.25,,,,,,
2008-01-27,,,11.25,,,,,,
2008-01-28,,0.042065,11.25,,,,,,1.7906
2008-01-29,,0.042065,11.25,,,,,,1.7762
2008-01-30,,0.042065,11.25,,,,,,1.7802
2008-01-31,,0.042065,11.25,,,,,,1.7603
2008-02-01,0.49,0.042065,11.25,,0.6,102.18,231982.2,-179529.58,1.7451
2008-02-02,,,11.25,,,,,,
2008-02-03,,,11.25,,,,,,
2008-02-04,,,11.25,,,,,,
2008-02-05,,,11.25,,,,,,
2008-02-06,,0.042065,11.25,,,,,,1.7531
2008-02-07,,0.042065,11.25,,,,,,1.7627
2008-02-08,,0.042065,11.25,,,,,,1.7681
2008-02-09,,,11.25,,,,,,
2008-02-10,,,11.25,,,,,,
2008-02-11,,0.042065,11.25,,,,,,1.7601
2008-02-12,,0.042065,11.25,,,,,,1.7478
2008-02-13,,0.042065,11.25,,,,,,1.7459
2008-02-14,,0.042065,11.25,,,,,,1.7469
2008-02-15,,0.042029,11.25,,,,,,1.7541
2008-02-16,,,11.25,,,,,,
2008-02-17,,,11.25,,,,,,
2008-02-18,,0.042065,11.25,,,,,,1.7394
2008-02-19,,0.042065,11.25,,,,,,1.7329
2008-02-20,,0.042065,11.25,,,,,,1.7351
2008-02-21,,0.042065,11.25,,,,,,1.7104
2008-02-22,,0.042065,11.25,,,,,,1.704
2008-02-23,,,11.25,,,,,,
2008-02-24,,,11.25,,,,,,
2008-02-25,,0.042065,11.25,,,,,,1.7062
2008-02-26,,0.042065,11.25,,,,,,1.6882
2008-02-27,,0.042065,11.25,,,,,,1.6715
2008-02-28,,0.042065,11.25,,,,,,1.6723
2008-02-29,,0.042065,11.25,,,,,,1.6833
2008-03-01,0.48,,11.25,,0.89,102.15,247248.3,-186534.47,
2008-03-02,,,11.25,,,,,,
2008-03-03,,0.042065,11.25,,,,,,1.6816
2008-03-04,,0.042029,11.25,,,,,,1.673
2008-03-05,,0.042065,11.25,,,,,,1.67
2008-03-06,,0.042065,11.25,,,,,,1.672
2008-03-07,,0.042065,11.25,,,,,,1.6841
2008-03-08,,,11.25,,,,,,
2008-03-09,,,11.25,,,,,,
2008-03-10,,0.042065,11.25,,,,,,1.6996
2008-03-11,,0.042065,11.25,,,,,,1.6947
2008-03-12,,0.042065,11.25,,,,,,1.6796
2008-03-13,,0.042065,11.25,,,,,,1.6971
2008-03-14,,0.042065,11.25,,,,,,1.6947
2008-03-15,,,11.25,,,,,,
2008-03-16,,,11.25,,,,,,
2008-03-17,,0.042065,11.25,,,,,,1.7248
2008-03-18,,0.042029,11.25,,,,,,1.7007
2008-03-19,,0.042065,11.25,,,,,,1.7045
2008-03-20,,0.042065,11.25,,,,,,1.7424
2008-03-21,,,11.25,,,,,,
2008-03-22,,,11.25,,,,,,
2008-03-23,,,11.25,,,,,,
2008-03-24,,0.042065,11.25,,,,,,1.7407
2008-03-25,,0.042065,11.25,,,,,,1.7341
2008-03-26,,0.042065,11.25,,,,,,1.7288
2008-03-27,,0.042065,11.25,,,,,,1.7345
2008-03-28,,0.042065,11.25,,,,,,1.7456
2008-03-29,,,11.25,,,,,,
2008-03-30,,,11.25,,,,,,
2008-03-31,,0.042065,11.25,,,,,,1.7491
2008-04-01,0.55,0.042065,11.25,,1.29,100.4,253194.4,-181410.16,1.7534
2008-04-02,,0.041886,11.25,,,,,,1.7273
2008-04-03,,0.042065,11.25,,,,,,1.7252
2008-04-04,,0.042065,11.25,,,,,,1.7117
2008-04-05,,,11.25,,,,,,
2008-04-06,,,11.25,,,,,,
2008-04-07,,0.042065,11.25,,,,,,1.699
2008-04-08,,0.042065,11.25,,,,,,1.7038
2008-04-09,,0.042065,11.25,,,,,,1.6878
2008-04-10,,0.042065,11.25,,,,,,1.6822
2008-04-11,,0.042065,11.25,,,,,,1.6876
2008-04-12,,,11.25,,,,,,
2008-04-13,,,11.25,,,,,,
2008-04-14,,0.042065,11.25,,,,,,1.6867
2008-04-15,,0.042065,11.25,,,,,,1.6822
2008-04-16,,0.042065,11.25,,,,,,1.6699
2008-04-17,,0.043846,11.75,,,,,,1.6588
2008-04-18,,0.043739,11.75,,,,,,1.6693
2008-04-19,,,11.75,,,,,,
2008-04-20,,,11.75,,,,,,
2008-04-21,,,11.75,,,,,,
2008-04-22,,0.043704,11.75,,,,,,1.6575
2008-04-23,,0.043704,11.75,,,,,,1.6582
2008-04-24,,0.043633,11.75,,,,,,1.6687
2008-04-25,,0.043561,11.75,,,,,,1.6688
2008-04-26,,,11.75,,,,,,
2008-04-27,,,11.75,,,,,,
2008-04-28,,0.043597,11.75,,,,,,1.6764
2008-04-29,,0.043597,11.75,,,,,,1.7058
2008-04-30,,0.043597,11.75,,,,,,1.6872
2008-05-01,0.79,,11.75,,1.95,99.51,255747.4,-174786.12,
2008-05-02,,0.043597,11.75,,,,,,1.6506
2008-05-03,,,11.75,,,,,,
2008-05-04,,,11.75,,,,,,
2008-05-05,,0.043597,11.75,,,,,,1.6578
2008-05-06,,0.043597,11.75,,,,,,1.6615
2008-05-07,,0.043597,11.75,,,,,,1.6741
2008-05-08,,0.043561,11.75,,,,,,1.6936
2008-05-09,,0.043597,11.75,,,,,,1.6949
2008-05-10,,,11.75,,,,,,
2008-05-11,,,11.75,,,,,,
2008-05-12,,0.043597,11.75,,,,,,1.6743
2008-05-13,,0.043633,11.75,,,,,,1.6583
2008-05-14,,0.043668,11.75,,,,,,1.6641
2008-05-15,,0.043668,11.75,,,,,,1.6601
2008-05-16,,0.043704,11.75,,,,,,1.6434
2008-05-17,,,11.75,,,,,,
2008-05-18,,,11.75,,,,,,
2008-05-19,,0.043704,11.75,,,,,,1.646
2008-05-20,,0.043704,11.75,,,,,,1.657
2008-05-21,,0.043704,11.75,,,,,,1.6492
2008-05-22,,,11.75,,,,,,
2008-05-23,,0.043704,11.75,,,,,,1.6547
2008-05-24,,,11.75,,,,,,
2008-05-25,,,11.75,,,,,,
2008-05-26,,0.043704,11.75,,,,,,1.661
2008-05-27,,0.043704,11.75,,,,,,1.6681
2008-05-28,,0.043704,11.75,,,,,,1.663
2008-05-29,,0.043704,11.75,,,,,,1.6496
2008-05-30,,0.043704,11.75,,,,,,1.6294
2008-05-31,,,11.75,,,,,,
2008-06-01,0.74,,11.75,,2.11,101.57,260583.4,-172385.81,
2008-06-02,,0.043704,11.75,,,,,,1.632
2008-06-03,,0.043704,11.75,,,,,,1.6215
2008-06-04,,0.043704,11.75,,,,,,1.6307
2008-06-05,,0.045478,12.25,,,,,,1.6262
2008-06-06,,0.045478,12.25,,,,,,1.6282
2008-06-07,,,12.25,,,,,,
2008-06-08,,,12.25,,,,,,
2008-06-09,,0.045478,12.25,,,,,,1.6265
2008-06-10,,0.045549,12.25,,,,,,1.6392
2008-06-11,,0.045584,12.25,,,,,,1.6428
2008-06-12,,0.045584,12.25,,,,,,1.64
2008-06-13,,0.045584,12.25,,,,,,1.6368
2008-06-14,,,12.25,,,,,,
2008-06-15,,,12.25,,,,,,
2008-06-16,,0.045584,12.25,,,,,,1.6277
2008-06-17,,0.045584,12.25,,,,,,1.6127
2008-06-18,,0.045584,12.25,,,,,,1.6113
2008-06-19,,0.045584,12.25,,,,,,1.6051
2008-06-20,,0.045584,12.25,,,,,,1.6042
2008-06-21,,,12.25,,,,,,
2008-06-22,,,12.25,,,,,,
2008-06-23,,0.045584,12.25,,,,,,1.6117
2008-06-24,,0.045584,12.25,,,,,,1.6046
2008-06-25,,0.045584,12.25,,,,,,1.6001
2008-06-26,,0.045584,12.25,,,,,,1.5951
2008-06-27,,0.045584,12.25,,,,,,1.6077
2008-06-28,,,12.25,,,,,,
2008-06-29,,,12.25,,,,,,
2008-06-30,,0.045584,12.25,,,,,,1.5919
2008-07-01,0.53,0.045584,12.25,,1.05,100.35,271290.4,-162440.56,1.6061
2008-07-02,,0.045584,12.25,,,,,,1.5993
2008-07-03,,0.045584,12.25,,,,,,1.6089
2008-07-04,,0.045584,12.25,,,,,,1.61
2008-07-05,,,12.25,,,,,,
2008-07-06,,,12.25,,,,,,
2008-07-07,,0.045584,12.25,,,,,,1.6041
2008-07-08,,0.045584,12.25,,,,,,1.6027
2008-07-09,,0.045584,12.25,,,,,,1.6092
2008-07-10,,0.045584,12.25,,,,,,1.6147
2008-07-11,,0.045584,12.25,,,,,,1.6032
2008-07-12,,,12.25,,,,,,
2008-07-13,,,12.25,,,,,,
2008-07-14,,0.045584,12.25,,,,,,1.5942
2008-07-15,,0.045584,12.25,,,,,,1.591
2008-07-16,,0.045584,12.25,,,,,,1.596
2008-07-17,,0.045584,12.25,,,,,,1.5913
2008-07-18,,0.045584,12.25,,,,,,1.5938
2008-07-19,,,12.25,,,,,,
2008-07-20,,,12.25,,,,,,
2008-07-21,,0.045584,12.25,,,,,,1.5818
2008-07-22,,0.045584,12.25,,,,,,1.5811
2008-07-23,,0.045549,12.25,,,,,,1.5834
2008-07-24,,0.048194,13.0,,,,,,1.5781
2008-07-25,,0.04823,13.0,,,,,,1.5745
2008-07-26,,,13.0,,,,,,
2008-07-27,,,13.0,,,,,,
2008-07-28,,0.04823,13.0,,,,,,1.5754
2008-07-29,,0.04823,13.0,,,,,,1.573
2008-07-30,,0.04823,13.0,,,,,,1.5641
2008-07-31,,0.04823,13.0,,,,,,1.5666
2008-08-01,0.28,0.04823,13.0,,-0.18,95.88,268546.1,-172706.42,1.5593
2008-08-02,,,13.0,,,,,,
2008-08-03,,,13.0,,,,,,
2008-08-04,,0.04823,13.0,,,,,,1.5659
2008-08-05,,0.04823,13.0,,,,,,1.5732
2008-08-06,,0.04823,13.0,,,,,,1.5782
2008-08-07,,0.04823,13.0,,,,,,1.5843
2008-08-08,,0.04823,13.0,,,,,,1.6136
2008-08-09,,,13.0,,,,,,
2008-08-10,,,13.0,,,,,,
2008-08-11,,0.04823,13.0,,,,,,1.6148
2008-08-12,,0.048194,13.0,,,,,,1.6161
2008-08-13,,0.048194,13.0,,,,,,1.6211
2008-08-14,,0.04823,13.0,,,,,,1.6204
2008-08-15,,0.04823,13.0,,,,,,1.6389
2008-08-16,,,13.0,,,,,,
2008-08-17,,,13.0,,,,,,
2008-08-18,,0.04823,13.0,,,,,,1.6349
2008-08-19,,0.04823,13.0,,,,,,1.6343
2008-08-20,,0.04823,13.0,,,,,,1.6207
2008-08-21,,0.04823,13.0,,,,,,1.6143
2008-08-22,,0.04823,13.0,,,,,,1.6217
2008-08-23,,,13.0,,,,,,
2008-08-24,,,13.0,,,,,,
2008-08-25,,0.04823,13.0,,,,,,1.6275
2008-08-26,,0.04823,13.0,,,,,,1.6375
2008-08-27,,0.04823,13.0,,,,,,1.6213
2008-08-28,,0.04823,13.0,,,,,,1.6262
2008-08-29,,0.04823,13.0,,,,,,1.6344
2008-08-30,,,13.0,,,,,,
2008-08-31,,,13.0,,,,,,
2008-09-01,0.26,0.048194,13.0,,-0.27,102.73,272766.1,-219670.39,1.6447
2008-09-02,,0.04823,13.0,,,,,,1.6602
2008-09-03,,0.04823,13.0,,,,,,1.6728
2008-09-04,,0.04823,13.0,,,,,,1.701
2008-09-05,,0.04823,13.0,,,,,,1.7305
2008-09-06,,,13.0,,,,,,
2008-09-07,,,13.0,,,,,,
2008-09-08,,0.048194,13.0,,,,,,1.7282
2008-09-09,,0.04823,13.0,,,,,,1.7544
2008-09-10,,0.04823,13.0,,,,,,1.7858
2008-09-11,,0.050823,13.75,,,,,,1.8255
2008-09-12,,0.050823,13.75,,,,,,1.7912
2008-09-13,,,13.75,,,,,,
2008-09-14,,,13.75,,,,,,
2008-09-15,,0.050823,13.75,,,,,,1.8125
2008-09-16,,0.050823,13.75,,,,,,1.841
2008-09-17,,0.050823,13.75,,,,,,1.866
2008-09-18,,0.050823,13.75,,,,,,1.9159
2008-09-19,,0.050823,13.75,,,,,,1.8398
2008-09-20,,,13.75,,,,,,
2008-09-21,,,13.75,,,,,,
2008-09-22,,0.050823,13.75,,,,,,1.7989
2008-09-23,,0.050823,13.75,,,,,,1.8242
2008-09-24,,0.050823,13.75,,,,,,1.8445
2008-09-25,,0.050823,13.75,,,,,,1.8277
2008-09-26,,0.050823,13.75,,,,,,1.8555
2008-09-27,,,13.75,,,,,,
2008-09-28,,,13.75,,,,,,
2008-09-29,,0.050858,13.75,,,,,,1.9559
2008-09-30,,0.050823,13.75,,,,,,1.9143
2008-10-01,0.45,0.050823,13.75,,0.69,104.17,284913.7,-257821.02,1.9213
2008-10-02,,0.050858,13.75,,,,,,2.0081
2008-10-03,,0.050858,13.75,,,,,,2.054
2008-10-04,,,13.75,,,,,,
2008-10-05,,,13.75,,,,,,
2008-10-06,,0.050858,13.75,,,,,,2.1769
2008-10-07,,0.050858,13.75,,,,,,2.1883
2008-10-08,,0.050858,13.75,,,,,,2.3924
2008-10-09,,0.050858,13.75,,,,,,2.1818
2008-10-10,,0.050858,13.75,,,,,,2.288
2008-10-11,,,13.75,,,,,,
2008-10-12,,,13.75,,,,,,
2008-10-13,,0.050858,13.75,,,,,,2.1562
2008-10-14,,0.050858,13.75,,,,,,2.0789
2008-10-15,,0.050858,13.75,,,,,,2.1551
2008-10-16,,0.050823,13.75,,,,,,2.1854
2008-10-17,,0.050823,13.75,,,,,,2.102
2008-10-18,,,13.75,,,,,,
2008-10-19,,,13.75,,,,,,
2008-10-20,,0.050823,13.75,,,,,,2.1174
2008-10-21,,0.050823,13.75,,,,,,2.1941
2008-10-22,,0.050823,13.75,,,,,,2.365
2008-10-23,,0.050823,13.75,,,,,,2.3147
2008-10-24,,0.050823,13.75,,,,,,2.3112
2008-10-25,,,13.75,,,,,,
2008-10-26,,,13.75,,,,,,
2008-10-27,,0.050823,13.75,,,,,,2.2524
2008-10-28,,0.050823,13.75,,,,,,2.17
2008-10-29,,0.050858,13.75,,,,,,2.132
2008-10-30,,0.050858,13.75,,,,,,2.1151
2008-10-31,,0.050788,13.75,,,,,,2.1153
2008-11-01,0.36,,13.75,,0.61,101.91,272120.7,-298562.41,
2008-11-02,,,13.75,,,,,,
2008-11-03,,0.050788,13.75,,,,,,2.1818
2008-11-04,,0.050788,13.75,,,,,,2.1227
2008-11-05,,0.050788,13.75,,,,,,2.121
2008-11-06,,0.050788,13.75,,,,,,2.1593
2008-11-07,,0.050753,13.75,,,,,,2.1613
2008-11-08,,,13.75,,,,,,
2008-11-09,,,13.75,,,,,,
2008-11-10,,0.050753,13.75,,,,,,2.1335
2008-11-11,,0.050753,13.75,,,,,,2.201
2008-11-12,,0.050753,13.75,,,,,,2.2632
2008-11-13,,0.050753,13.75,,,,,,2.3314
2008-11-14,,0.050718,13.75,,,,,,2.28
2008-11-15,,,13.75,,,,,,
2008-11-16,,,13.75,,,,,,
2008-11-17,,0.050718,13.75,,,,,,2.294
2008-11-18,,0.050718,13.75,,,,,,2.2996
2008-11-19,,0.050753,13.75,,,,,,2.3766
2008-11-20,,0.050718,13.75,,,,,,2.3962
2008-11-21,,0.050718,13.75,,,,,,2.4277
2008-11-22,,,13.75,,,,,,
2008-11-23,,,13.75,,,,,,
2008-11-24,,0.050753,13.75,,,,,,2.35
2008-11-25,,0.050753,13.75,,,,,,2.3056
2008-11-26,,0.050753,13.75,,,,,,2.3221
2008-11-27,,0.050753,13.75,,,,,,2.2657
2008-11-28,,0.050788,13.75,,,,,,2.3331
2008-11-29,,,13.75,,,,,,
2008-11-30,,,13.75,,,,,,
2008-12-01,0.28,0.050788,13.75,,0.36,105.39,258585.6,-294760.4,2.3565
2008-12-02,,0.050823,13.75,,,,,,2.3457
2008-12-03,,0.050823,13.75,,,,,,2.4213
2008-12-04,,0.050823,13.75,,,,,,2.4905
2008-12-05,,0.050823,13.75,,,,,,2.5004
2008-12-06,,,13.75,,,,,,
2008-12-07,,,13.75,,,,,,
2008-12-08,,0.050823,13.75,,,,,,2.4689
2008-12-09,,0.050823,13.75,,,,,,2.4829
2008-12-10,,0.050823,13.75,,,,,,2.4683
2008-12-11,,0.050823,13.75,,,,,,2.3397
2008-12-12,,0.050823,13.75,,,,,,2.392
2008-12-13,,,13.75,,,,,,
2008-12-14,,,13.75,,,,,,
2008-12-15,,0.050823,13.75,,,,,,2.369
2008-12-16,,0.050823,13.75,,,,,,2.3783
2008-12-17,,0.050823,13.75,,,,,,2.3576
2008-12-18,,0.050823,13.75,,,,,,2.3572
2008-12-19,,0.050823,13.75,,,,,,2.3859
2008-12-20,,,13.75,,,,,,
2008-12-21,,,13.75,,,,,,
2008-12-22,,0.050823,13.75,,,,,,2.374
2008-12-23,,0.050823,13.75,,,,,,2.3829
2008-12-24,,0.050823,13.75,,,,,,2.3751
2008-12-25,,,13.75,,,,,,
2008-12-26,,0.050823,13.75,,,,,,2.3613
2008-12-27,,,13.75,,,,,,
2008-12-28,,,13.75,,,,,,
2008-12-29,,0.050823,13.75,,,,,,2.3956
2008-12-30,,0.050823,13.75,,,,,,2.337
2008-12-31,,0.050858,13.75,,,,,,2.337
2009-01-01,0.48,,13.75,,0.75,106.54,244784.1,-281005.5,
2009-01-02,,0.050858,13.75,,,,,,2.3298
2009-01-03,,,13.75,,,,,,
2009-01-04,,,13.75,,,,,,
2009-01-05,,0.050823,13.75,,,,,,2.278
2009-01-06,,0.050823,13.75,,,,,,2.1889
2009-01-07,,0.050823,13.75,,,,,,2.2174
2009-01-08,,0.050823,13.75,,,,,,2.2683
2009-01-09,,0.050823,13.75,,,,,,2.2867
2009-01-10,,,13.75,,,,,,
2009-01-11,,,13.75,,,,,,
2009-01-12,,0.050823,13.75,,,,,,2.2969
2009-01-13,,0.050823,13.75,,,,,,2.3083
2009-01-14,,0.050823,13.75,,,,,,2.3341
2009-01-15,,0.050823,13.75,,,,,,2.3803
2009-01-16,,0.050823,13.75,,,,,,2.3248
2009-01-17,,,13.75,,,,,,
2009-01-18,,,13.75,,,,,,
2009-01-19,,0.050823,13.75,,,,,,2.3306
2009-01-20,,0.050788,13.75,,,,,,2.3548
2009-01-21,,0.050788,13.75,,,,,,2.3544
2009-01-22,,0.047279,12.75,,,,,,2.3299
2009-01-23,,0.047314,12.75,,,,,,2.3568
2009-01-24,,,12.75,,,,,,
2009-01-25,,,12.75,,,,,,
2009-01-26,,0.047279,12.75,,,,,,2.3149
2009-01-27,,0.047314,12.75,,,,,,2.3109
2009-01-28,,0.047314,12.75,,,,,,2.2982
2009-01-29,,0.047314,12.75,,,,,,2.2761
2009-01-30,,0.047314,12.75,,,,,,2.3162
2009-01-31,,,12.75,,,,,,
2009-02-01,0.55,,12.75,,0.27,103.6,242496.9,-287181.55,
2009-02-02,,0.047314,12.75,,,,,,2.3475
2009-02-03,,0.047314,12.75,,,,,,2.3144
2009-02-04,,0.047314,12.75,,,,,,2.2994
2009-02-05,,0.047314,12.75,,,,,,2.3065
2009-02-06,,0.047314,12.75,,,,,,2.2658
2009-02-07,,,12.75,,,,,,
2009-02-08,,,12.75,,,,,,
2009-02-09,,0.047314,12.75,,,,,,2.2446
2009-02-10,,0.047314,12.75,,,,,,2.2528
2009-02-11,,0.047314,12.75,,,,,,2.287
2009-02-12,,0.047314,12.75,,,,,,2.2909
2009-02-13,,0.047314,12.75,,,,,,2.268
2009-02-14,,,12.75,,,,,,
2009-02-15,,,12.75,,,,,,
2009-02-16,,0.047314,12.75,,,,,,2.2719
2009-02-17,,0.047314,12.75,,,,,,2.3131
2009-02-18,,0.047314,12.75,,,,,,2.3396
2009-02-19,,0.047314,12.75,,,,,,2.3249
2009-02-20,,0.047314,12.75,,,,,,2.3916
2009-02-21,,,12.75,,,,,,
2009-02-22,,,12.75,,,,,,
2009-02-23,,,12.75,,,,,,
2009-02-24,,,12.75,,,,,,
2009-02-25,,0.047314,12.75,,,,,,2.3814
2009-02-26,,0.047314,12.75,,,,,,2.3503
2009-02-27,,0.047314,12.75,,,,,,2.3784
2009-02-28,,,12.75,,,,,,
2009-03-01,0.2,,12.75,,0.3,101.46,268846.1,-284093.2,
2009-03-02,,0.047314,12.75,,,,,,2.4121
2009-03-03,,0.047314,12.75,,,,,,2.4218
2009-03-04,,0.047314,12.75,,,,,,2.3917
2009-03-05,,0.047314,12.75,,,,,,2.3822
2009-03-06,,0.047314,12.75,,,,,,2.3768
2009-03-07,,,12.75,,,,,,
2009-03-08,,,12.75,,,,,,
2009-03-09,,0.047314,12.75,,,,,,2.3781
2009-03-10,,0.047314,12.75,,,,,,2.3515
2009-03-11,,0.047314,12.75,,,,,,2.3366
2009-03-12,,0.041993,11.25,,,,,,2.3158
2009-03-13,,0.041993,11.25,,,,,,2.3012
2009-03-14,,,11.25,,,,,,
2009-03-15,,,11.25,,,,,,
2009-03-16,,0.041993,11.25,,,,,,2.2705
2009-03-17,,0.041993,11.25,,,,,,2.2833
2009-03-18,,0.041993,11.25,,,,,,2.2806
2009-03-19,,0.041993,11.25,,,,,,2.2379
2009-03-20,,0.041993,11.25,,,,,,2.2567
2009-03-21,,,11.25,,,,,,
2009-03-22,,,11.25,,,,,,
2009-03-23,,0.041993,11.25,,,,,,2.2505
2009-03-24,,0.041993,11.25,,,,,,2.2567
2009-03-25,,0.041993,11.25,,,,,,2.2435
2009-03-26,,0.041993,11.25,,,,,,2.2375
2009-03-27,,0.041993,11.25,,,,,,2.2745
2009-03-28,,,11.25,,,,,,
2009-03-29,,,11.25,,,,,,
2009-03-30,,0.041993,11.25,,,,,,2.3297
2009-03-31,,0.041993,11.25,,,,,,2.3152
2009-04-01,0.48,0.041993,11.25,,0.15,101.47,263434.9,-261272.73,2.2899
2009-04-02,,0.041993,11.25,,,,,,2.2355
2009-04-03,,0.041993,11.25,,,,,,2.2072
2009-04-04,,,11.25,,,,,,
2009-04-05,,,11.25,,,,,,
2009-04-06,,0.041993,11.25,,,,,,2.2252
2009-04-07,,0.041993,11.25,,,,,,2.2249
2009-04-08,,0.041993,11.25,,,,,,2.2014
2009-04-09,,0.041993,11.25,,,,,,2.1766
2009-04-10,,,11.25,,,,,,
2009-04-11,,,11.25,,,,,,
2009-04-12,,,11.25,,,,,,
2009-04-13,,0.041993,11.25,,,,,,2.1699
2009-04-14,,0.041993,11.25,,,,,,2.1876
2009-04-15,,0.041993,11.25,,,,,,2.1992
2009-04-16,,0.041993,11.25,,,,,,2.1791
2009-04-17,,0.041993,11.25,,,,,,2.1864
2009-04-18,,,11.25,,,,,,
2009-04-19,,,11.25,,,,,,
2009-04-20,,0.041993,11.25,,,,,,2.235
2009-04-21,,,11.25,,,,,,
2009-04-22,,0.041993,11.25,,,,,,2.2128
2009-04-23,,0.041993,11.25,,,,,,2.2107
2009-04-24,,0.041993,11.25,,,,,,2.1933
2009-04-25,,,11.25,,,,,,
2009-04-26,,,11.25,,,,,,
2009-04-27,,0.041993,11.25,,,,,,2.2165
2009-04-28,,0.041993,11.25,,,,,,2.2037
2009-04-29,,0.041957,11.25,,,,,,2.1838
2009-04-30,,0.038406,10.25,,,,,,2.1783
2009-05-01,0.47,,10.25,,0.44,101.02,268734.4,-233554.45,
2009-05-02,,,10.25,,,,,,
2009-05-03,,,10.25,,,,,,
2009-05-04,,0.038406,10.25,,,,,,2.1369
2009-05-05,,0.038406,10.25,,,,,,2.1476
2009-05-06,,0.038406,10.25,,,,,,2.1213
2009-05-07,,0.038406,10.25,,,,,,2.0984
2009-05-08,,0.038406,10.25,,,,,,2.075
2009-05-09,,,10.25,,,,,,
2009-05-10,,,10.25,,,,,,
2009-05-11,,0.038406,10.25,,,,,,2.0579
2009-05-12,,0.03837,10.25,,,,,,2.0649
2009-05-13,,0.038406,10.25,,,,,,2.0992
2009-05-14,,0.038406,10.25,,,,,,2.0929
2009-05-15,,0.038406,10.25,,,,,,2.0762
2009-05-16,,,10.25,,,,,,
2009-05-17,,,10.25,,,,,,
2009-05-18,,0.038406,10.25,,,,,,2.0784
2009-05-19,,0.038406,10.25,,,,,,2.0488
2009-05-20,,0.038406,10.25,,,,,,2.0199
2009-05-21,,0.038406,10.25,,,,,,2.0264
2009-05-22,,0.038406,10.25,,,,,,2.0279
2009-05-23,,,10.25,,,,,,
2009-05-24,,,10.25,,,,,,
2009-05-25,,0.038406,10.25,,,,,,2.0234
2009-05-26,,0.038406,10.25,,,,,,2.0261
2009-05-27,,0.038406,10.25,,,,,,2.0095
2009-05-28,,0.038406,10.25,,,,,,2.0144
2009-05-29,,0.038406,10.25,,,,,,1.973
2009-05-30,,,10.25,,,,,,
2009-05-31,,,10.25,,,,,,
2009-06-01,0.36,0.038406,10.25,,0.7,94.71,271408.2,-230347.26,1.944
2009-06-02,,0.038406,10.25,,,,,,1.937
2009-06-03,,0.038406,10.25,,,,,,1.96
2009-06-04,,0.038406,10.25,,,,,,1.9497
2009-06-05,,0.038406,10.25,,,,,,1.9534
2009-06-06,,,10.25,,,,,,
2009-06-07,,,10.25,,,,,,
2009-06-08,,0.038406,10.25,,,,,,1.9704
2009-06-09,,0.038406,10.25,,,,,,1.9385
2009-06-10,,0.03837,10.25,,,,,,1.9474
2009-06-11,,,10.25,,,,,,
2009-06-12,,0.034786,9.25,,,,,,1.9301
2009-06-13,,,9.25,,,,,,
2009-06-14,,,9.25,,,,,,
2009-06-15,,0.034786,9.25,,,,,,1.9458
2009-06-16,,0.034786,9.25,,,,,,1.9461
2009-06-17,,0.034786,9.25,,,,,,1.9784
2009-06-18,,0.034786,9.25,,,,,,1.9709
2009-06-19,,0.034786,9.25,,,,,,1.9592
2009-06-20,,,9.25,,,,,,
2009-06-21,,,9.25,,,,,,
2009-06-22,,0.034786,9.25,,,,,,2.0074
2009-06-23,,0.034786,9.25,,,,,,2.0019
2009-06-24,,0.034786,9.25,,,,,,1.9724
2009-06-25,,0.034786,9.25,,,,,,1.9562
2009-06-26,,0.034786,9.25,,,,,,1.9396
2009-06-27,,,9.25,,,,,,
2009-06-28,,,9.25,,,,,,
2009-06-29,,0.034786,9.25,,,,,,1.9487
2009-06-30,,0.034786,9.25,,,,,,1.9516
2009-07-01,0.24,0.034786,9.25,,-0.06,94.28,281453.8,-222113.41,1.9342
2009-07-02,,0.034786,9.25,,,,,,1.9469
2009-07-03,,0.034786,9.25,,,,,,1.9474
2009-07-04,,,9.25,,,,,,
2009-07-05,,,9.25,,,,,,
2009-07-06,,0.034786,9.25,,,,,,1.9711
2009-07-07,,0.034786,9.25,,,,,,1.9641
2009-07-08,,0.034786,9.25,,,,,,1.9982
2009-07-09,,0.034786,9.25,,,,,,1.9921
2009-07-10,,0.034786,9.25,,,,,,2.0147
2009-07-11,,,9.25,,,,,,
2009-07-12,,,9.25,,,,,,
2009-07-13,,0.034786,9.25,,,,,,1.9895
2009-07-14,,0.034786,9.25,,,,,,1.9704
2009-07-15,,0.034786,9.25,,,,,,1.942
2009-07-16,,0.034786,9.25,,,,,,1.934
2009-07-17,,0.034786,9.25,,,,,,1.929
2009-07-18,,,9.25,,,,,,
2009-07-19,,,9.25,,,,,,
2009-07-20,,0.034786,9.25,,,,,,1.9068
2009-07-21,,0.034786,9.25,,,,,,1.9043
2009-07-22,,0.034749,9.25,,,,,,1.9029
2009-07-23,,0.032963,8.75,,,,,,1.8922
2009-07-24,,0.032963,8.75,,,,,,1.896
2009-07-25,,,8.75,,,,,,
2009-07-26,,,8.75,,,,,,
2009-07-27,,0.032963,8.75,,,,,,1.8837
2009-07-28,,0.032927,8.75,,,,,,1.8819
2009-07-29,,0.032963,8.75,,,,,,1.8982
2009-07-30,,0.032927,8.75,,,,,,1.8811
2009-07-31,,0.032927,8.75,,,,,,1.8726
2009-08-01,0.15,,8.75,,-0.01,93.61,282514.8,-223419.78,
2009-08-02,,,8.75,,,,,,
2009-08-03,,0.032927,8.75,,,,,,1.8369
2009-08-04,,0.032927,8.75,,,,,,1.8272
2009-08-05,,0.032927,8.75,,,,,,1.8181
2009-08-06,,0.032927,8.75,,,,,,1.8348
2009-08-07,,0.032927,8.75,,,,,,1.8232
2009-08-08,,,8.75,,,,,,
2009-08-09,,,8.75,,,,,,
2009-08-10,,0.032927,8.75,,,,,,1.8412
2009-08-11,,0.032927,8.75,,,,,,1.8457
2009-08-12,,0.032927,8.75,,,,,,1.8386
2009-08-13,,0.032927,8.75,,,,,,1.8325
2009-08-14,,0.032927,8.75,,,,,,1.8385
2009-08-15,,,8.75,,,,,,
2009-08-16,,,8.75,,,,,,
2009-08-17,,0.032927,8.75,,,,,,1.8682
2009-08-18,,0.032927,8.75,,,,,,1.8574
2009-08-19,,0.032927,8.75,,,,,,1.8433
2009-08-20,,0.032927,8.75,,,,,,1.8434
2009-08-21,,0.032927,8.75,,,,,,1.8297
2009-08-22,,,8.75,,,,,,
2009-08-23,,,8.75,,,,,,
2009-08-24,,0.032927,8.75,,,,,,1.8339
2009-08-25,,0.032927,8.75,,,,,,1.8419
2009-08-26,,0.032927,8.75,,,,,,1.867
2009-08-27,,0.032927,8.75,,,,,,1.8669
2009-08-28,,0.032927,8.75,,,,,,1.874
2009-08-29,,,8.75,,,,,,
2009-08-30,,,8.75,,,,,,
2009-08-31,,0.032927,8.75,,,,,,1.8864
2009-09-01,0.24,0.032927,8.75,,-0.14,91.52,288874.7,-207060.45,1.8829
2009-09-02,,0.032927,8.75,,,,,,1.9038
2009-09-03,,0.032927,8.75,,,,,,1.8702
2009-09-04,,0.032927,8.75,,,,,,1.8501
2009-09-05,,,8.75,,,,,,
2009-09-06,,,8.75,,,,,,
2009-09-07,,,8.75,,,,,,
2009-09-08,,0.032927,8.75,,,,,,1.8254
2009-09-09,,0.032927,8.75,,,,,,1.828
2009-09-10,,0.032927,8.75,,,,,,1.8261
2009-09-11,,0.032927,8.75,,,,,,1.8179
2009-09-12,,,8.75,,,,,,
2009-09-13,,,8.75,,,,,,
2009-09-14,,0.032927,8.75,,,,,,1.8197
2009-09-15,,0.032927,8.75,,,,,,1.8087
2009-09-16,,0.032927,8.75,,,,,,1.7984
2009-09-17,,0.032927,8.75,,,,,,1.8094
2009-09-18,,0.032927,8.75,,,,,,1.8049
2009-09-19,,,8.75,,,,,,
2009-09-20,,,8.75,,,,,,
2009-09-21,,0.032927,8.75,,,,,,1.8172
2009-09-22,,0.032927,8.75,,,,,,1.8061
2009-09-23,,0.032927,8.75,,,,,,1.7916
2009-09-24,,0.032927,8.75,,,,,,1.7917
2009-09-25,,0.032927,8.75,,,,,,1.8017
2009-09-26,,,8.75,,,,,,
2009-09-27,,,8.75,,,,,,
2009-09-28,,0.032927,8.75,,,,,,1.791
2009-09-29,,0.032927,8.75,,,,,,1.7928
2009-09-30,,0.032927,8.75,,,,,,1.7781
2009-10-01,0.28,0.032927,8.75,,-0.09,90.83,309141.3,-209794.7,1.7794
2009-10-02,,0.032927,8.75,,,,,,1.7844
2009-10-03,,,8.75,,,,,,
2009-10-04,,,8.75,,,,,,
2009-10-05,,0.032927,8.75,,,,,,1.7673
2009-10-06,,0.032927,8.75,,,,,,1.7533
2009-10-07,,0.032927,8.75,,,,,,1.7595
2009-10-08,,0.032927,8.75,,,,,,1.7412
2009-10-09,,0.032927,8.75,,,,,,1.7389
2009-10-10,,,8.75,,,,,,
2009-10-11,,,8.75,,,,,,
2009-10-12,,,8.75,,,,,,
2009-10-13,,0.032927,8.75,,,,,,1.7298
2009-10-14,,0.032927,8.75,,,,,,1.7099
2009-10-15,,0.032927,8.75,,,,,,1.7037
2009-10-16,,0.032927,8.75,,,,,,1.7135
2009-10-17,,,8.75,,,,,,
2009-10-18,,,8.75,,,,,,
2009-10-19,,0.032927,8.75,,,,,,1.713
2009-10-20,,0.032927,8.75,,,,,,1.745
2009-10-21,,0.032927,8.75,,,,,,1.744
2009-10-22,,0.032927,8.75,,,,,,1.7304
2009-10-23,,0.032927,8.75,,,,,,1.7113
2009-10-24,,,8.75,,,,,,
2009-10-25,,,8.75,,,,,,
2009-10-26,,0.032927,8.75,,,,,,1.7157
2009-10-27,,0.032927,8.75,,,,,,1.7342
2009-10-28,,0.032927,8.75,,,,,,1.7447
2009-10-29,,0.032927,8.75,,,,,,1.7436
2009-10-30,,0.032927,8.75,,,,,,1.744
2009-10-31,,,8.75,,,,,,
2009-11-01,0.41,,8.75,,0.58,93.37,307943.5,-217709.99,
2009-11-02,,,8.75,,,,,,
2009-11-03,,0.032927,8.75,,,,,,1.7588
2009-11-04,,0.032927,8.75,,,,,,1.7271
2009-11-05,,0.032927,8.75,,,,,,1.724
2009-11-06,,0.032927,8.75,,,,,,1.7179
2009-11-07,,,8.75,,,,,,
2009-11-08,,,8.75,,,,,,
2009-11-09,,0.032927,8.75,,,,,,1.7024
2009-11-10,,0.032927,8.75,,,,,,1.7096
2009-11-11,,0.032927,8.75,,,,,,1.7112
2009-11-12,,0.032927,8.75,,,,,,1.725
2009-11-13,,0.032927,8.75,,,,,,1.729
2009-11-14,,,8.75,,,,,,
2009-11-15,,,8.75,,,,,,
2009-11-16,,0.032927,8.75,,,,,,1.7127
2009-11-17,,0.032927,8.75,,,,,,1.7153
2009-11-18,,0.032927,8.75,,,,,,1.7103
2009-11-19,,0.032927,8.75,,,,,,1.7287
2009-11-20,,0.032927,8.75,,,,,,1.7356
2009-11-21,,,8.75,,,,,,
2009-11-22,,,8.75,,,,,,
2009-11-23,,0.032927,8.75,,,,,,1.7245
2009-11-24,,0.032927,8.75,,,,,,1.7282
2009-11-25,,0.032927,8.75,,,,,,1.7272
2009-11-26,,0.032927,8.75,,,,,,1.7409
2009-11-27,,0.032927,8.75,,,,,,1.7443
2009-11-28,,,8.75,,,,,,
2009-11-29,,,8.75,,,,,,
2009-11-30,,0.032927,8.75,,,,,,1.7505
2009-12-01,0.37,0.032927,8.75,,0.24,96.99,303406.8,-215870.02,1.7293
2009-12-02,,0.032927,8.75,,,,,,1.7201
2009-12-03,,0.032927,8.75,,,,,,1.7096
2009-12-04,,0.032927,8.75,,,,,,1.7131
2009-12-05,,,8.75,,,,,,
2009-12-06,,,8.75,,,,,,
2009-12-07,,0.032927,8.75,,,,,,1.7302
2009-12-08,,0.032927,8.75,,,,,,1.7482
2009-12-09,,0.032927,8.75,,,,,,1.7611
2009-12-10,,0.032927,8.75,,,,,,1.7627
2009-12-11,,0.032927,8.75,,,,,,1.7521
2009-12-12,,,8.75,,,,,,
2009-12-13,,,8.75,,,,,,
2009-12-14,,0.032927,8.75,,,,,,1.7483
2009-12-15,,0.032927,8.75,,,,,,1.7557
2009-12-16,,0.032927,8.75,,,,,,1.7518
2009-12-17,,0.032927,8.75,,,,,,1.7823
2009-12-18,,0.032927,8.75,,,,,,1.7879
2009-12-19,,,8.75,,,,,,
2009-12-20,,,8.75,,,,,,
2009-12-21,,0.032927,8.75,,,,,,1.7787
2009-12-22,,0.032927,8.75,,,,,,1.7825
2009-12-23,,0.032927,8.75,,,,,,1.7763
2009-12-24,,0.032927,8.75,,,,,,1.7527
2009-12-25,,,8.75,,,,,,
2009-12-26,,,8.75,,,,,,
2009-12-27,,,8.75,,,,,,
2009-12-28,,0.032927,8.75,,,,,,1.7398
2009-12-29,,0.03289,8.75,,,,,,1.7421
2009-12-30,,0.032927,8.75,,,,,,1.7412
2009-12-31,,0.032927,8.75,,,,,,1.7412
2010-01-01,0.75,,8.75,,1.13,101.01,284387.8,-240337.94,
2010-01-02,,,8.75,,,,,,
2010-01-03,,,8.75,,,,,,
2010-01-04,,0.032927,8.75,,,,,,1.724
2010-01-05,,0.032927,8.75,,,,,,1.7227
2010-01-06,,0.032927,8.75,,,,,,1.7337
2010-01-07,,0.032927,8.75,,,,,,1.7413
2010-01-08,,0.032927,8.75,,,,,,1.739
2010-01-09,,,8.75,,,,,,
2010-01-10,,,8.75,,,,,,
2010-01-11,,0.032927,8.75,,,,,,1.7323
2010-01-12,,0.032927,8.75,,,,,,1.7439
2010-01-13,,0.032927,8.75,,,,,,1.7442
2010-01-14,,0.032927,8.75,,,,,,1.7648
2010-01-15,,0.032927,8.75,,,,,,1.7711
2010-01-16,,,8.75,,,,,,
2010-01-17,,,8.75,,,,,,
2010-01-18,,0.032927,8.75,,,,,,1.7721
2010-01-19,,0.032927,8.75,,,,,,1.7747
2010-01-20,,0.032927,8.75,,,,,,1.7854
2010-01-21,,0.032927,8.75,,,,,,1.7903
2010-01-22,,0.032927,8.75,,,,,,1.8187
2010-01-23,,,8.75,,,,,,
2010-01-24,,,8.75,,,,,,
2010-01-25,,0.032927,8.75,,,,,,1.8194
2010-01-26,,0.03289,8.75,,,,,,1.8367
2010-01-27,,0.032927,8.75,,,,,,1.8513
2010-01-28,,0.032927,8.75,,,,,,1.856
2010-01-29,,0.032927,8.75,,,,,,1.8748
2010-01-30,,,8.75,,,,,,
2010-01-31,,,8.75,,,,,,
2010-02-01,0.78,0.032927,8.75,,0.96,102.85,283355.0,-227502.61,1.8773
2010-02-02,,0.032927,8.75,,,,,,1.8363
2010-02-03,,0.032927,8.75,,,,,,1.8337
2010-02-04,,0.032927,8.75,,,,,,1.8715
2010-02-05,,0.032927,8.75,,,,,,1.8753
2010-02-06,,,8.75,,,,,,
2010-02-07,,,8.75,,,,,,
2010-02-08,,0.032927,8.75,,,,,,1.873
2010-02-09,,0.032927,8.75,,,,,,1.855
2010-02-10,,0.032927,8.75,,,,,,1.8483
2010-02-11,,0.032927,8.75,,,,,,1.8516
2010-02-12,,0.032927,8.75,,,,,,1.867
2010-02-13,,,8.75,,,,,,
2010-02-14,,,8.75,,,,,,
2010-02-15,,,8.75,,,,,,
2010-02-16,,,8.75,,,,,,
2010-02-17,,0.032927,8.75,,,,,,1.8313
2010-02-18,,0.032927,8.75,,,,,,1.8266
2010-02-19,,0.032927,8.75,,,,,,1.8116
2010-02-20,,,8.75,,,,,,
2010-02-21,,,8.75,,,,,,
2010-02-22,,0.032927,8.75,,,,,,1.8046
2010-02-23,,0.032927,8.75,,,,,,1.8186
2010-02-24,,0.032927,8.75,,,,,,1.8203
2010-02-25,,0.032927,8.75,,,,,,1.8364
2010-02-26,,0.032927,8.75,,,,,,1.811
2010-02-27,,,8.75,,,,,,
2010-02-28,,,8.75,,,,,,
2010-03-01,0.52,0.032927,8.75,,1.55,95.08,318654.6,-225005.21,1.8
2010-03-02,,0.032927,8.75,,,,,,1.7851
2010-03-03,,0.032927,8.75,,,,,,1.7846
2010-03-04,,0.032927,8.75,,,,,,1.7888
2010-03-05,,0.032927,8.75,,,,,,1.7824
2010-03-06,,,8.75,,,,,,
2010-03-07,,,8.75,,,,,,
2010-03-08,,0.032927,8.75,,,,,,1.7826
2010-03-09,,0.032927,8.75,,,,,,1.7899
2010-03-10,,0.032927,8.75,,,,,,1.7716
2010-03-11,,0.032927,8.75,,,,,,1.7693
2010-03-12,,0.032927,8.75,,,,,,1.7637
2010-03-13,,,8.75,,,,,,
2010-03-14,,,8.75,,,,,,
2010-03-15,,0.032927,8.75,,,,,,1.7644
2010-03-16,,0.032927,8.75,,,,,,1.7666
2010-03-17,,0.032927,8.75,,,,,,1.764
2010-03-18,,0.032927,8.75,,,,,,1.7848
2010-03-19,,0.032927,8.75,,,,,,1.7954
2010-03-20,,,8.75,,,,,,
2010-03-21,,,8.75,,,,,,
2010-03-22,,0.032927,8.75,,,,,,1.803
2010-03-23,,0.032927,8.75,,,,,,1.7813
2010-03-24,,0.032927,8.75,,,,,,1.7904
2010-03-25,,0.032927,8.75,,,,,,1.8008
2010-03-26,,0.032927,8.75,,,,,,1.8231
2010-03-27,,,8.75,,,,,,
2010-03-28,,,8.75,,,,,,
2010-03-29,,0.032927,8.75,,,,,,1.8064
2010-03-30,,0.032927,8.75,,,,,,1.7952
2010-03-31,,0.032927,8.75,,,,,,1.781
2010-04-01,0.57,0.032927,8.75,,1.45,92.12,311649.1,-215343.91,1.7701
2010-04-02,,,8.75,,,,,,
2010-04-03,,,8.75,,,,,,
2010-04-04,,,8.75,,,,,,
2010-04-05,,0.032927,8.75,,,,,,1.7573
2010-04-06,,0.032927,8.75,,,,,,1.7605
2010-04-07,,0.032927,8.75,,,,,,1.7662
2010-04-08,,0.032927,8.75,,,,,,1.7806
2010-04-09,,0.032927,8.75,,,,,,1.773
2010-04-10,,,8.75,,,,,,
2010-04-11,,,8.75,,,,,,
2010-04-12,,0.032927,8.75,,,,,,1.7608
2010-04-13,,0.032927,8.75,,,,,,1.7584
2010-04-14,,0.032927,8.75,,,,,,1.7446
2010-04-15,,0.032927,8.75,,,,,,1.7483
2010-04-16,,0.032927,8.75,,,,,,1.7558
2010-04-17,,,8.75,,,,,,
2010-04-18,,,8.75,,,,,,
2010-04-19,,0.032927,8.75,,,,,,1.7588
2010-04-20,,0.032927,8.75,,,,,,1.7497
2010-04-21,,,8.75,,,,,,
2010-04-22,,0.032927,8.75,,,,,,1.7626
2010-04-23,,0.03289,8.75,,,,,,1.7624
2010-04-24,,,8.75,,,,,,
2010-04-25,,,8.75,,,,,,
2010-04-26,,0.03289,8.75,,,,,,1.7446
2010-04-27,,0.03289,8.75,,,,,,1.7592
2010-04-28,,0.03289,8.75,,,,,,1.7558
2010-04-29,,0.035621,9.5,,,,,,1.7321
2010-04-30,,0.035657,9.5,,,,,,1.7306
2010-05-01,0.43,,9.5,,0.28,92.38,315947.2,-231322.18,
2010-05-02,,,9.5,,,,,,
2010-05-03,,0.035657,9.5,,,,,,1.7315
2010-05-04,,0.035657,9.5,,,,,,1.7557
2010-05-05,,0.035657,9.5,,,,,,1.7862
2010-05-06,,0.035657,9.5,,,,,,1.8353
2010-05-07,,0.035657,9.5,,,,,,1.8343
2010-05-08,,,9.5,,,,,,
2010-05-09,,,9.5,,,,,,
2010-05-10,,0.035657,9.5,,,,,,1.7833
2010-05-11,,0.035657,9.5,,,,,,1.7843
2010-05-12,,0.035657,9.5,,,,,,1.7723
2010-05-13,,0.035657,9.5,,,,,,1.7737
2010-05-14,,0.035657,9.5,,,,,,1.7967
2010-05-15,,,9.5,,,,,,
2010-05-16,,,9.5,,,,,,
2010-05-17,,0.035657,9.5,,,,,,1.8045
2010-05-18,,0.035657,9.5,,,,,,1.7921
2010-05-19,,0.035657,9.5,,,,,,1.8366
2010-05-20,,0.035657,9.5,,,,,,1.8677
2010-05-21,,0.035657,9.5,,,,,,1.871
2010-05-22,,,9.5,,,,,,
2010-05-23,,,9.5,,,,,,
2010-05-24,,0.035621,9.5,,,,,,1.8522
2010-05-25,,0.035657,9.5,,,,,,1.8811
2010-05-26,,0.035657,9.5,,,,,,1.8461
2010-05-27,,0.035657,9.5,,,,,,1.8328
2010-05-28,,0.035621,9.5,,,,,,1.8229
2010-05-29,,,9.5,,,,,,
2010-05-30,,,9.5,,,,,,
2010-05-31,,0.035621,9.5,,,,,,1.8167
2010-06-01,0.0,0.035657,9.5,,-0.9,90.98,316548.7,-229197.32,1.8255
2010-06-02,,0.035657,9.5,,,,,,1.8362
2010-06-03,,,9.5,,,,,,
2010-06-04,,0.035657,9.5,,,,,,1.8401
2010-06-05,,,9.5,,,,,,
2010-06-06,,,9.5,,,,,,
2010-06-07,,0.035657,9.5,,,,,,1.8634
2010-06-08,,0.035657,9.5,,,,,,1.8658
2010-06-09,,0.035657,9.5,,,,,,1.8423
2010-06-10,,0.03837,10.25,,,,,,1.8185
2010-06-11,,0.03837,10.25,,,,,,1.8125
2010-06-12,,,10.25,,,,,,
2010-06-13,,,10.25,,,,,,
2010-06-14,,0.03837,10.25,,,,,,1.803
2010-06-15,,0.03837,10.25,,,,,,1.7971
2010-06-16,,0.03837,10.25,,,,,,1.7893
2010-06-17,,0.03837,10.25,,,,,,1.7817
2010-06-18,,0.03837,10.25,,,,,,1.7761
2010-06-19,,,10.25,,,,,,
2010-06-20,,,10.25,,,,,,
2010-06-21,,0.03837,10.25,,,,,,1.7663
2010-06-22,,0.03837,10.25,,,,,,1.768
2010-06-23,,0.03837,10.25,,,,,,1.7908
2010-06-24,,0.03837,10.25,,,,,,1.7907
2010-06-25,,0.03837,10.25,,,,,,1.7781
2010-06-26,,,10.25,,,,,,
2010-06-27,,,10.25,,,,,,
2010-06-28,,0.038406,10.25,,,,,,1.7826
2010-06-29,,0.038406,10.25,,,,,,1.8076
2010-06-30,,0.038406,10.25,,,,,,1.8015
2010-07-01,0.01,0.038406,10.25,,-0.76,93.16,328892.6,-224840.9,1.8006
2010-07-02,,0.038406,10.25,,,,,,1.7785
2010-07-03,,,10.25,,,,,,
2010-07-04,,,10.25,,,,,,
2010-07-05,,0.038406,10.25,,,,,,1.7755
2010-07-06,,0.038406,10.25,,,,,,1.7665
2010-07-07,,0.038406,10.25,,,,,,1.7719
2010-07-08,,0.038406,10.25,,,,,,1.7652
2010-07-09,,0.038406,10.25,,,,,,1.7572
2010-07-10,,,10.25,,,,,,
2010-07-11,,,10.25,,,,,,
2010-07-12,,0.038406,10.25,,,,,,1.7644
2010-07-13,,0.038406,10.25,,,,,,1.7525
2010-07-14,,0.038406,10.25,,,,,,1.7657
2010-07-15,,0.038406,10.25,,,,,,1.769
2010-07-16,,0.038406,10.25,,,,,,1.7792
2010-07-17,,,10.25,,,,,,
2010-07-18,,,10.25,,,,,,
2010-07-19,,0.038406,10.25,,,,,,1.7854
2010-07-20,,0.038406,10.25,,,,,,1.78
2010-07-21,,0.038406,10.25,,,,,,1.7766
2010-07-22,,0.040203,10.75,,,,,,1.7629
2010-07-23,,0.040203,10.75,,,,,,1.7617
2010-07-24,,,10.75,,,,,,
2010-07-25,,,10.75,,,,,,
2010-07-26,,0.040203,10.75,,,,,,1.7669
2010-07-27,,0.040203,10.75,,,,,,1.7658
2010-07-28,,0.040203,10.75,,,,,,1.765
2010-07-29,,0.040203,10.75,,,,,,1.7643
2010-07-30,,0.040203,10.75,,,,,,1.7572
2010-07-31,,,10.75,,,,,,
2010-08-01,0.04,,10.75,,-0.24,98.32,332376.6,-222186.78,
2010-08-02,,0.040203,10.75,,,,,,1.7489
2010-08-03,,0.040203,10.75,,,,,,1.7594
2010-08-04,,0.040203,10.75,,,,,,1.7563
2010-08-05,,0.040203,10.75,,,,,,1.7535
2010-08-06,,0.040203,10.75,,,,,,1.7566
2010-08-07,,,10.75,,,,,,
2010-08-08,,,10.75,,,,,,
2010-08-09,,0.040203,10.75,,,,,,1.7537
2010-08-10,,0.040203,10.75,,,,,,1.7576
2010-08-11,,0.040203,10.75,,,,,,1.7663
2010-08-12,,0.040203,10.75,,,,,,1.7731
2010-08-13,,0.040203,10.75,,,,,,1.7716
2010-08-14,,,10.75,,,,,,
2010-08-15,,,10.75,,,,,,
2010-08-16,,0.040203,10.75,,,,,,1.7639
2010-08-17,,0.040203,10.75,,,,,,1.7528
2010-08-18,,0.040203,10.75,,,,,,1.7513
2010-08-19,,0.040203,10.75,,,,,,1.7584
2010-08-20,,0.040203,10.75,,,,,,1.7597
2010-08-21,,,10.75,,,,,,
2010-08-22,,,10.75,,,,,,
2010-08-23,,0.040203,10.75,,,,,,1.7587
2010-08-24,,0.040203,10.75,,,,,,1.7727
2010-08-25,,0.040203,10.75,,,,,,1.7668
2010-08-26,,0.040203,10.75,,,,,,1.7596
2010-08-27,,0.040203,10.75,,,,,,1.7544
2010-08-28,,,10.75,,,,,,
2010-08-29,,,10.75,,,,,,
2010-08-30,,0.040203,10.75,,,,,,1.7591
2010-08-31,,0.040203,10.75,,,,,,1.756
2010-09-01,0.45,0.040203,10.75,,1.08,104.42,336665.5,-228008.46,1.7441
2010-09-02,,0.040203,10.75,,,,,,1.7367
2010-09-03,,0.040203,10.75,,,,,,1.7281
2010-09-04,,,10.75,,,,,,
2010-09-05,,,10.75,,,,,,
2010-09-06,,0.040203,10.75,,,,,,1.7259
2010-09-07,,,10.75,,,,,,
2010-09-08,,0.040203,10.75,,,,,,1.7231
2010-09-09,,0.040203,10.75,,,,,,1.7238
2010-09-10,,0.040203,10.75,,,,,,1.7186
2010-09-11,,,10.75,,,,,,
2010-09-12,,,10.75,,,,,,
2010-09-13,,0.040203,10.75,,,,,,1.7174
2010-09-14,,0.040203,10.75,,,,,,1.7076
2010-09-15,,0.040203,10.75,,,,,,1.7169
2010-09-16,,0.040203,10.75,,,,,,1.7184
2010-09-17,,0.040203,10.75,,,,,,1.7166
2010-09-18,,,10.75,,,,,,
2010-09-19,,,10.75,,,,,,
2010-09-20,,0.040203,10.75,,,,,,1.7216
2010-09-21,,0.040203,10.75,,,,,,1.7255
2010-09-22,,0.040203,10.75,,,,,,1.7184
2010-09-23,,0.040203,10.75,,,,,,1.7194
2010-09-24,,0.040203,10.75,,,,,,1.712
2010-09-25,,,10.75,,,,,,
2010-09-26,,,10.75,,,,,,
2010-09-27,,0.040203,10.75,,,,,,1.71
2010-09-28,,0.040203,10.75,,,,,,1.7093
2010-09-29,,0.040203,10.75,,,,,,1.7053
2010-09-30,,0.040203,10.75,,,,,,1.6942
2010-10-01,0.75,0.040203,10.75,,1.89,108.89,350938.6,-246849.88,1.6812
2010-10-02,,,10.75,,,,,,
2010-10-03,,,10.75,,,,,,
2010-10-04,,0.040203,10.75,,,,,,1.6882
2010-10-05,,0.040203,10.75,,,,,,1.6808
2010-10-06,,0.040203,10.75,,,,,,1.6758
2010-10-07,,0.040203,10.75,,,,,,1.6777
2010-10-08,,0.040203,10.75,,,,,,1.6804
2010-10-09,,,10.75,,,,,,
2010-10-10,,,10.75,,,,,,
2010-10-11,,0.040203,10.75,,,,,,1.6648
2010-10-12,,,10.75,,,,,,
2010-10-13,,0.040203,10.75,,,,,,1.6554
2010-10-14,,0.040203,10.75,,,,,,1.6596
2010-10-15,,0.040203,10.75,,,,,,1.6604
2010-10-16,,,10.75,,,,,,
2010-10-17,,,10.75,,,,,,
2010-10-18,,0.040203,10.75,,,,,,1.6686
2010-10-19,,0.040203,10.75,,,,,,1.6868
2010-10-20,,0.040203,10.75,,,,,,1.6735
2010-10-21,,0.040203,10.75,,,,,,1.6897
2010-10-22,,0.040203,10.75,,,,,,1.6997
2010-10-23,,,10.75,,,,,,
2010-10-24,,,10.75,,,,,,
2010-10-25,,0.040203,10.75,,,,,,1.7026
2010-10-26,,0.040203,10.75,,,,,,1.7045
2010-10-27,,0.040203,10.75,,,,,,1.7077
2010-10-28,,0.040203,10.75,,,,,,1.7112
2010-10-29,,0.040203,10.75,,,,,,1.7014
2010-10-30,,,10.75,,,,,,
2010-10-31,,,10.75,,,,,,
2010-11-01,0.83,0.040203,10.75,,2.22,117.82,358431.8,-252181.85,1.7044
2010-11-02,,,10.75,,,,,,
2010-11-03,,0.040203,10.75,,,,,,1.6937
2010-11-04,,0.040203,10.75,,,,,,1.6819
2010-11-05,,0.040203,10.75,,,,,,1.6801
2010-11-06,,,10.75,,,,,,
2010-11-07,,,10.75,,,,,,
2010-11-08,,0.040203,10.75,,,,,,1.697
2010-11-09,,0.040203,10.75,,,,,,1.697
2010-11-10,,0.040203,10.75,,,,,,1.707
2010-11-11,,0.040203,10.75,,,,,,1.7178
2010-11-12,,0.040203,10.75,,,,,,1.7198
2010-11-13,,,10.75,,,,,,
2010-11-14,,,10.75,,,,,,
2010-11-15,,,10.75,,,,,,
2010-11-16,,0.040203,10.75,,,,,,1.7295
2010-11-17,,0.040203,10.75,,,,,,1.7298
2010-11-18,,0.040203,10.75,,,,,,1.7143
2010-11-19,,0.040203,10.75,,,,,,1.7189
2010-11-20,,,10.75,,,,,,
2010-11-21,,,10.75,,,,,,
2010-11-22,,0.040203,10.75,,,,,,1.7235
2010-11-23,,0.040203,10.75,,,,,,1.7336
2010-11-24,,0.040203,10.75,,,,,,1.7247
2010-11-25,,0.040203,10.75,,,,,,1.7206
2010-11-26,,0.040203,10.75,,,,,,1.7298
2010-11-27,,,10.75,,,,,,
2010-11-28,,,10.75,,,,,,
2010-11-29,,0.040203,10.75,,,,,,1.7271
2010-11-30,,0.040203,10.75,,,,,,1.7161
2010-12-01,0.63,0.040203,10.75,,1.32,123.07,347999.5,-219620.76,1.7052
2010-12-02,,0.040203,10.75,,,,,,1.7029
2010-12-03,,0.040203,10.75,,,,,,1.6917
2010-12-04,,,10.75,,,,,,
2010-12-05,,,10.75,,,,,,
2010-12-06,,0.040203,10.75,,,,,,1.6836
2010-12-07,,0.040203,10.75,,,,,,1.6739
2010-12-08,,0.040203,10.75,,,,,,1.6892
2010-12-09,,0.040203,10.75,,,,,,1.7024
2010-12-10,,0.040203,10.75,,,,,,1.7117
2010-12-11,,,10.75,,,,,,
2010-12-12,,,10.75,,,,,,
2010-12-13,,0.040203,10.75,,,,,,1.7027
2010-12-14,,0.040203,10.75,,,,,,1.6949
2010-12-15,,0.040203,10.75,,,,,,1.6988
2010-12-16,,0.040239,10.75,,,,,,1.7028
2010-12-17,,0.040203,10.75,,,,,,1.7098
2010-12-18,,,10.75,,,,,,
2010-12-19,,,10.75,,,,,,
2010-12-20,,0.040203,10.75,,,,,,1.7082
2010-12-21,,0.040203,10.75,,,,,,1.6974
2010-12-22,,0.040203,10.75,,,,,,1.6946
2010-12-23,,0.040203,10.75,,,,,,1.6984
2010-12-24,,0.040203,10.75,,,,,,1.6903
2010-12-25,,,10.75,,,,,,
2010-12-26,,,10.75,,,,,,
2010-12-27,,0.040203,10.75,,,,,,1.6922
2010-12-28,,0.040203,10.75,,,,,,1.6866
2010-12-29,,0.040203,10.75,,,,,,1.6788
2010-12-30,,0.040239,10.75,,,,,,1.6662
2010-12-31,,0.040239,10.75,,,,,,1.6662
2011-01-01,0.83,,10.75,,1.16,129.72,327592.4,-238912.86,
2011-01-02,,,10.75,,,,,,
2011-01-03,,0.040239,10.75,,,,,,1.651
2011-01-04,,0.040203,10.75,,,,,,1.6556
2011-01-05,,0.040239,10.75,,,,,,1.6713
2011-01-06,,0.040203,10.75,,,,,,1.6857
2011-01-07,,0.040239,10.75,,,,,,1.6861
2011-01-08,,,10.75,,,,,,
2011-01-09,,,10.75,,,,,,
2011-01-10,,0.040203,10.75,,,,,,1.6912
2011-01-11,,0.040203,10.75,,,,,,1.6887
2011-01-12,,0.040203,10.75,,,,,,1.6773
2011-01-13,,0.040203,10.75,,,,,,1.6701
2011-01-14,,0.040203,10.75,,,,,,1.6843
2011-01-15,,,10.75,,,,,,
2011-01-16,,,10.75,,,,,,
2011-01-17,,0.040203,10.75,,,,,,1.6818
2011-01-18,,0.040203,10.75,,,,,,1.6745
2011-01-19,,0.040203,10.75,,,,,,1.6714
2011-01-20,,0.041993,11.25,,,,,,1.6715
2011-01-21,,0.041993,11.25,,,,,,1.6723
2011-01-22,,,11.25,,,,,,
2011-01-23,,,11.25,,,,,,
2011-01-24,,0.041993,11.25,,,,,,1.6731
2011-01-25,,0.041993,11.25,,,,,,1.6745
2011-01-26,,0.041993,11.25,,,,,,1.6692
2011-01-27,,0.042029,11.25,,,,,,1.672
2011-01-28,,0.042029,11.25,,,,,,1.6782
2011-01-29,,,11.25,,,,,,
2011-01-30,,,11.25,,,,,,
2011-01-31,,0.042029,11.25,,,,,,1.6734
2011-02-01,0.8,0.041993,11.25,,0.23,138.16,332316.4,-255625.54,1.6631
2011-02-02,,0.042029,11.25,,,,,,1.6671
2011-02-03,,0.042029,11.25,,,,,,1.6697
2011-02-04,,0.042029,11.25,,,,,,1.6738
2011-02-05,,,11.25,,,,,,
2011-02-06,,,11.25,,,,,,
2011-02-07,,0.042029,11.25,,,,,,1.6776
2011-02-08,,0.042029,11.25,,,,,,1.6711
2011-02-09,,0.042029,11.25,,,,,,1.6643
2011-02-10,,0.042029,11.25,,,,,,1.668
2011-02-11,,0.042029,11.25,,,,,,1.6679
2011-02-12,,,11.25,,,,,,
2011-02-13,,,11.25,,,,,,
2011-02-14,,0.042029,11.25,,,,,,1.6681
2011-02-15,,0.042029,11.25,,,,,,1.6682
2011-02-16,,0.042029,11.25,,,,,,1.6704
2011-02-17,,0.042029,11.25,,,,,,1.6661
2011-02-18,,0.042029,11.25,,,,,,1.6677
2011-02-19,,,11.25,,,,,,
2011-02-20,,,11.25,,,,,,
2011-02-21,,0.042029,11.25,,,,,,1.6667
2011-02-22,,0.042029,11.25,,,,,,1.6694
2011-02-23,,0.042029,11.25,,,,,,1.672
2011-02-24,,0.042029,11.25,,,,,,1.6649
2011-02-25,,0.042029,11.25,,,,,,1.6625
2011-02-26,,,11.25,,,,,,
2011-02-27,,,11.25,,,,,,
2011-02-28,,0.042029,11.25,,,,,,1.6612
2011-03-01,0.79,0.042029,11.25,,0.75,135.78,356621.8,-261110.63,1.6627
2011-03-02,,0.042029,11.25,,,,,,1.661
2011-03-03,,0.04381,11.75,,,,,,1.6545
2011-03-04,,0.04381,11.75,,,,,,1.6462
2011-03-05,,,11.75,,,,,,
2011-03-06,,,11.75,,,,,,
2011-03-07,,,11.75,,,,,,
2011-03-08,,,11.75,,,,,,
2011-03-09,,0.04381,11.75,,,,,,1.6559
2011-03-10,,0.04381,11.75,,,,,,1.6612
2011-03-11,,0.04381,11.75,,,,,,1.6649
2011-03-12,,,11.75,,,,,,
2011-03-13,,,11.75,,,,,,
2011-03-14,,0.04381,11.75,,,,,,1.6631
2011-03-15,,0.04381,11.75,,,,,,1.6692
2011-03-16,,0.04381,11.75,,,,,,1.6674
2011-03-17,,0.04381,11.75,,,,,,1.6757
2011-03-18,,0.04381,11.75,,,,,,1.672
2011-03-19,,,11.75,,,,,,
2011-03-20,,,11.75,,,,,,
2011-03-21,,0.04381,11.75,,,,,,1.6652
2011-03-22,,0.04381,11.75,,,,,,1.6638
2011-03-23,,0.04381,11.75,,,,,,1.6602
2011-03-24,,0.04381,11.75,,,,,,1.6593
2011-03-25,,0.04381,11.75,,,,,,1.6581
2011-03-26,,,11.75,,,,,,
2011-03-27,,,11.75,,,,,,
2011-03-28,,0.04381,11.75,,,,,,1.6614
2011-03-29,,0.04381,11.75,,,,,,1.6546
2011-03-30,,0.04381,11.75,,,,,,1.636
2011-03-31,,0.04381,11.75,,,,,,1.6287
2011-04-01,0.77,0.04381,11.75,,0.58,128.88,354607.7,-259675.14,1.6194
2011-04-02,,,11.75,,,,,,
2011-04-03,,,11.75,,,,,,
2011-04-04,,0.04381,11.75,,,,,,1.611
2011-04-05,,0.04381,11.75,,,,,,1.6087
2011-04-06,,0.04381,11.75,,,,,,1.6097
2011-04-07,,0.04381,11.75,,,,,,1.5927
2011-04-08,,0.04381,11.75,,,,,,1.5762
2011-04-09,,,11.75,,,,,,
2011-04-10,,,11.75,,,,,,
2011-04-11,,0.04381,11.75,,,,,,1.5805
2011-04-12,,0.04381,11.75,,,,,,1.587
2011-04-13,,0.04381,11.75,,,,,,1.5864
2011-04-14,,0.04381,11.75,,,,,,1.5842
2011-04-15,,0.04381,11.75,,,,,,1.5776
2011-04-16,,,11.75,,,,,,
2011-04-17,,,11.75,,,,,,
2011-04-18,,0.04381,11.75,,,,,,1.5912
2011-04-19,,0.04381,11.75,,,,,,1.5792
2011-04-20,,0.04381,11.75,,,,,,1.5722
2011-04-21,,,11.75,,,,,,
2011-04-22,,,11.75,,,,,,
2011-04-23,,,11.75,,,,,,
2011-04-24,,,11.75,,,,,,
2011-04-25,,0.044698,12.0,,,,,,1.572
2011-04-26,,0.044698,12.0,,,,,,1.5654
2011-04-27,,0.044698,12.0,,,,,,1.5705
2011-04-28,,0.044698,12.0,,,,,,1.5853
2011-04-29,,0.044698,12.0,,,,,,1.5733
2011-04-30,,,12.0,,,,,,
2011-05-01,0.47,,12.0,,0.63,121.25,368282.8,-267231.92,
2011-05-02,,0.044698,12.0,,,,,,1.5747
2011-05-03,,0.044698,12.0,,,,,,1.589
2011-05-04,,0.044698,12.0,,,,,,1.603
2011-05-05,,0.044698,12.0,,,,,,1.6219
2011-05-06,,0.044698,12.0,,,,,,1.6111
2011-05-07,,,12.0,,,,,,
2011-05-08,,,12.0,,,,,,
2011-05-09,,0.044698,12.0,,,,,,1.6199
2011-05-10,,0.044698,12.0,,,,,,1.6069
2011-05-11,,0.044698,12.0,,,,,,1.6178
2011-05-12,,0.044698,12.0,,,,,,1.6207
2011-05-13,,0.044698,12.0,,,,,,1.6328
2011-05-14,,,12.0,,,,,,
2011-05-15,,,12.0,,,,,,
2011-05-16,,0.044698,12.0,,,,,,1.6317
2011-05-17,,0.044698,12.0,,,,,,1.629
2011-05-18,,0.044698,12.0,,,,,,1.6166
2011-05-19,,0.044698,12.0,,,,,,1.6165
2011-05-20,,0.044698,12.0,,,,,,1.6169
2011-05-21,,,12.0,,,,,,
2011-05-22,,,12.0,,,,,,
2011-05-23,,0.044698,12.0,,,,,,1.6339
2011-05-24,,0.044698,12.0,,,,,,1.6256
2011-05-25,,0.044698,12.0,,,,,,1.6297
2011-05-26,,0.044698,12.0,,,,,,1.6196
2011-05-27,,0.044698,12.0,,,,,,1.6038
2011-05-28,,,12.0,,,,,,
2011-05-29,,,12.0,,,,,,
2011-05-30,,0.044698,12.0,,,,,,1.5958
2011-05-31,,0.044698,12.0,,,,,,1.5799
2011-06-01,0.15,0.044698,12.0,,-0.26,119.31,363821.7,-269652.92,1.5878
2011-06-02,,0.044698,12.0,,,,,,1.5805
2011-06-03,,0.044698,12.0,,,,,,1.5744
2011-06-04,,,12.0,,,,,,
2011-06-05,,,12.0,,,,,,
2011-06-06,,0.044698,12.0,,,,,,1.581
2011-06-07,,0.044698,12.0,,,,,,1.5764
2011-06-08,,0.044698,12.0,,,,,,1.582
2011-06-09,,0.045584,12.25,,,,,,1.5877
2011-06-10,,0.045584,12.25,,,,,,1.5938
2011-06-11,,,12.25,,,,,,
2011-06-12,,,12.25,,,,,,
2011-06-13,,0.045584,12.25,,,,,,1.5888
2011-06-14,,0.045584,12.25,,,,,,1.5821
2011-06-15,,0.045584,12.25,,,,,,1.596
2011-06-16,,0.045584,12.25,,,,,,1.6108
2011-06-17,,0.045584,12.25,,,,,,1.5979
2011-06-18,,,12.25,,,,,,
2011-06-19,,,12.25,,,,,,
2011-06-20,,0.045584,12.25,,,,,,1.5969
2011-06-21,,0.045584,12.25,,,,,,1.591
2011-06-22,,0.045584,12.25,,,,,,1.5877
2011-06-23,,,12.25,,,,,,
2011-06-24,,0.045584,12.25,,,,,,1.5988
2011-06-25,,,12.25,,,,,,
2011-06-26,,,12.25,,,,,,
2011-06-27,,0.045584,12.25,,,,,,1.5969
2011-06-28,,0.045584,12.25,,,,,,1.5833
2011-06-29,,0.045584,12.25,,,,,,1.573
2011-06-30,,0.045584,12.25,,,,,,1.5611
2011-07-01,0.16,0.045584,12.25,,-0.34,116.87,367341.3,-283209.66,1.5599
2011-07-02,,,12.25,,,,,,
2011-07-03,,,12.25,,,,,,
2011-07-04,,0.045584,12.25,,,,,,1.558
2011-07-05,,0.045584,12.25,,,,,,1.5637
2011-07-06,,0.045584,12.25,,,,,,1.5662
2011-07-07,,0.045584,12.25,,,,,,1.5581
2011-07-08,,0.045584,12.25,,,,,,1.5634
2011-07-09,,,12.25,,,,,,
2011-07-10,,,12.25,,,,,,
2011-07-11,,0.045584,12.25,,,,,,1.5796
2011-07-12,,0.045584,12.25,,,,,,1.5773
2011-07-13,,0.045584,12.25,,,,,,1.5762
2011-07-14,,0.045584,12.25,,,,,,1.5729
2011-07-15,,0.045584,12.25,,,,,,1.5743
2011-07-16,,,12.25,,,,,,
2011-07-17,,,12.25,,,,,,
2011-07-18,,0.045584,12.25,,,,,,1.5828
2011-07-19,,0.045584,12.25,,,,,,1.5691
2011-07-20,,0.045584,12.25,,,,,,1.5651
2011-07-21,,0.046468,12.5,,,,,,1.5567
2011-07-22,,0.046468,12.5,,,,,,1.5547
2011-07-23,,,12.5,,,,,,
2011-07-24,,,12.5,,,,,,
2011-07-25,,0.046468,12.5,,,,,,1.5449
2011-07-26,,0.046468,12.5,,,,,,1.5345
2011-07-27,,0.046468,12.5,,,,,,1.5639
2011-07-28,,0.046468,12.5,,,,,,1.5651
2011-07-29,,0.046468,12.5,,,,,,1.5563
2011-07-30,,,12.5,,,,,,
2011-07-31,,,12.5,,,,,,
2011-08-01,0.37,0.046468,12.5,,0.72,119.72,374873.1,-298996.31,1.5551
2011-08-02,,0.046468,12.5,,,,,,1.5656
2011-08-03,,0.046468,12.5,,,,,,1.5651
2011-08-04,,0.046468,12.5,,,,,,1.5752
2011-08-05,,0.046468,12.5,,,,,,1.5895
2011-08-06,,,12.5,,,,,,
2011-08-07,,,12.5,,,,,,
2011-08-08,,0.046468,12.5,,,,,,1.5999
2011-08-09,,0.046468,12.5,,,,,,1.6334
2011-08-10,,0.046468,12.5,,,,,,1.6183
2011-08-11,,0.046468,12.5,,,,,,1.6306
2011-08-12,,0.046468,12.5,,,,,,1.6157
2011-08-13,,,12.5,,,,,,
2011-08-14,,,12.5,,,,,,
2011-08-15,,0.046468,12.5,,,,,,1.5956
2011-08-16,,0.046468,12.5,,,,,,1.5918
2011-08-17,,0.046468,12.5,,,,,,1.583
2011-08-18,,0.046468,12.5,,,,,,1.6062
2011-08-19,,0.046468,12.5,,,,,,1.596
2011-08-20,,,12.5,,,,,,
2011-08-21,,,12.5,,,,,,
2011-08-22,,0.046468,12.5,,,,,,1.6009
2011-08-23,,0.046468,12.5,,,,,,1.6036
2011-08-24,,0.046468,12.5,,,,,,1.6039
2011-08-25,,0.046432,12.5,,,,,,1.6154
2011-08-26,,0.046432,12.5,,,,,,1.6114
2011-08-27,,,12.5,,,,,,
2011-08-28,,,12.5,,,,,,
2011-08-29,,0.046432,12.5,,,,,,1.5974
2011-08-30,,0.046432,12.5,,,,,,1.5904
2011-08-31,,0.046432,12.5,,,,,,1.5872
2011-09-01,0.53,0.044663,12.0,,0.64,129.76,370119.9,-379265.02,1.604
2011-09-02,,0.044663,12.0,,,,,,1.6343
2011-09-03,,,12.0,,,,,,
2011-09-04,,,12.0,,,,,,
2011-09-05,,0.044663,12.0,,,,,,1.6522
2011-09-06,,0.044663,12.0,,,,,,1.6583
2011-09-07,,,12.0,,,,,,
2011-09-08,,0.044663,12.0,,,,,,1.6566
2011-09-09,,0.044663,12.0,,,,,,1.6774
2011-09-10,,,12.0,,,,,,
2011-09-11,,,12.0,,,,,,
2011-09-12,,0.044663,12.0,,,,,,1.6899
2011-09-13,,0.044663,12.0,,,,,,1.7127
2011-09-14,,0.044663,12.0,,,,,,1.7288
2011-09-15,,0.044663,12.0,,,,,,1.7106
2011-09-16,,0.044663,12.0,,,,,,1.7122
2011-09-17,,,12.0,,,,,,
2011-09-18,,,12.0,,,,,,
2011-09-19,,0.044627,12.0,,,,,,1.7763
2011-09-20,,0.044627,12.0,,,,,,1.787
2011-09-21,,0.044627,12.0,,,,,,1.828
2011-09-22,,0.044627,12.0,,,,,,1.9016
2011-09-23,,0.044627,12.0,,,,,,1.8735
2011-09-24,,,12.0,,,,,,
2011-09-25,,,12.0,,,,,,
2011-09-26,,0.044627,12.0,,,,,,1.8445
2011-09-27,,0.044627,12.0,,,,,,1.8008
2011-09-28,,0.044627,12.0,,,,,,1.8131
2011-09-29,,0.044627,12.0,,,,,,1.8291
2011-09-30,,0.044627,12.0,,,,,,1.8544
2011-10-01,0.43,,12.0,,0.56,126.6,383767.3,-335124.22,
2011-10-02,,,12.0,,,,,,
2011-10-03,,0.044627,12.0,,,,,,1.8811
2011-10-04,,0.044627,12.0,,,,,,1.8856
2011-10-05,,0.044627,12.0,,,,,,1.8456
2011-10-06,,0.044627,12.0,,,,,,1.8116
2011-10-07,,0.044627,12.0,,,,,,1.7666
2011-10-08,,,12.0,,,,,,
2011-10-09,,,12.0,,,,,,
2011-10-10,,0.044627,12.0,,,,,,1.7478
2011-10-11,,0.044627,12.0,,,,,,1.7658
2011-10-12,,,12.0,,,,,,
2011-10-13,,0.044627,12.0,,,,,,1.7536
2011-10-14,,0.044627,12.0,,,,,,1.7376
2011-10-15,,,12.0,,,,,,
2011-10-16,,,12.0,,,,,,
2011-10-17,,0.044627,12.0,,,,,,1.7488
2011-10-18,,0.044627,12.0,,,,,,1.7724
2011-10-19,,0.044592,12.0,,,,,,1.7604
2011-10-20,,0.042849,11.5,,,,,,1.7826
2011-10-21,,0.042849,11.5,,,,,,1.7803
2011-10-22,,,11.5,,,,,,
2011-10-23,,,11.5,,,,,,
2011-10-24,,0.042849,11.5,,,,,,1.7768
2011-10-25,,0.042849,11.5,,,,,,1.7548
2011-10-26,,0.042849,11.5,,,,,,1.7606
2011-10-27,,0.042849,11.5,,,,,,1.7323
2011-10-28,,0.042849,11.5,,,,,,1.6986
2011-10-29,,,11.5,,,,,,
2011-10-30,,,11.5,,,,,,
2011-10-31,,0.042849,11.5,,,,,,1.6885
2011-11-01,0.52,0.042849,11.5,,1.08,125.33,391536.4,-368595.61,1.7506
2011-11-02,,,11.5,,,,,,
2011-11-03,,0.042849,11.5,,,,,,1.727
2011-11-04,,0.042849,11.5,,,,,,1.7415
2011-11-05,,,11.5,,,,,,
2011-11-06,,,11.5,,,,,,
2011-11-07,,0.042849,11.5,,,,,,1.7503
2011-11-08,,0.042849,11.5,,,,,,1.7453
2011-11-09,,0.042849,11.5,,,,,,1.7516
2011-11-10,,0.042849,11.5,,,,,,1.761
2011-11-11,,0.042849,11.5,,,,,,1.7547
2011-11-12,,,11.5,,,,,,
2011-11-13,,,11.5,,,,,,
2011-11-14,,0.042849,11.5,,,,,,1.7649
2011-11-15,,,11.5,,,,,,
2011-11-16,,0.042849,11.5,,,,,,1.7772
2011-11-17,,0.042849,11.5,,,,,,1.7775
2011-11-18,,0.042849,11.5,,,,,,1.7723
2011-11-19,,,11.5,,,,,,
2011-11-20,,,11.5,,,,,,
2011-11-21,,0.042849,11.5,,,,,,1.8061
2011-11-22,,0.042849,11.5,,,,,,1.8069
2011-11-23,,0.042849,11.5,,,,,,1.8441
2011-11-24,,0.042849,11.5,,,,,,1.866
2011-11-25,,0.042849,11.5,,,,,,1.8937
2011-11-26,,,11.5,,,,,,
2011-11-27,,,11.5,,,,,,
2011-11-28,,0.042849,11.5,,,,,,1.8596
2011-11-29,,0.042849,11.5,,,,,,1.8486
2011-11-30,,0.042849,11.5,,,,,,1.8109
2011-12-01,0.5,0.041063,11.0,,1.23,124.27,385501.2,-386351.51,1.7929
2011-12-02,,0.041063,11.0,,,,,,1.7843
2011-12-03,,,11.0,,,,,,
2011-12-04,,,11.0,,,,,,
2011-12-05,,0.041063,11.0,,,,,,1.783
2011-12-06,,0.041063,11.0,,,,,,1.7913
2011-12-07,,0.041063,11.0,,,,,,1.798
2011-12-08,,0.041063,11.0,,,,,,1.7941
2011-12-09,,0.041063,11.0,,,,,,1.813
2011-12-10,,,11.0,,,,,,
2011-12-11,,,11.0,,,,,,
2011-12-12,,0.041063,11.0,,,,,,1.8219
2011-12-13,,0.041063,11.0,,,,,,1.8409
2011-12-14,,0.041063,11.0,,,,,,1.8728
2011-12-15,,0.041063,11.0,,,,,,1.8609
2011-12-16,,0.041063,11.0,,,,,,1.8465
2011-12-17,,,11.0,,,,,,
2011-12-18,,,11.0,,,,,,
2011-12-19,,0.041063,11.0,,,,,,1.8616
2011-12-20,,0.041063,11.0,,,,,,1.8508
2011-12-21,,0.041063,11.0,,,,,,1.8556
2011-12-22,,0.041063,11.0,,,,,,1.8578
2011-12-23,,0.041063,11.0,,,,,,1.856
2011-12-24,,,11.0,,,,,,
2011-12-25,,,11.0,,,,,,
2011-12-26,,0.041063,11.0,,,,,,1.8566
2011-12-27,,0.041063,11.0,,,,,,1.8585
2011-12-28,,0.041063,11.0,,,,,,1.8634
2011-12-29,,0.041063,11.0,,,,,,1.8758
2011-12-30,,0.041099,11.0,,,,,,1.8758
2011-12-31,,,11.0,,,,,,
2012-01-01,0.56,,11.0,,0.86,126.13,364188.7,-345783.43,
2012-01-02,,0.041063,11.0,,,,,,1.8683
2012-01-03,,0.041063,11.0,,,,,,1.8457
2012-01-04,,0.041063,11.0,,,,,,1.8272
2012-01-05,,0.041063,11.0,,,,,,1.8371
2012-01-06,,0.041063,11.0,,,,,,1.8449
2012-01-07,,,11.0,,,,,,
2012-01-08,,,11.0,,,,,,
2012-01-09,,0.041063,11.0,,,,,,1.8442
2012-01-10,,0.041063,11.0,,,,,,1.8042
2012-01-11,,0.041063,11.0,,,,,,1.8048
2012-01-12,,0.041063,11.0,,,,,,1.7874
2012-01-13,,0.041063,11.0,,,,,,1.7853
2012-01-14,,,11.0,,,,,,
2012-01-15,,,11.0,,,,,,
2012-01-16,,0.041063,11.0,,,,,,1.7836
2012-01-17,,0.041063,11.0,,,,,,1.776
2012-01-18,,0.041063,11.0,,,,,,1.7791
2012-01-19,,0.03927,10.5,,,,,,1.7648
2012-01-20,,0.03927,10.5,,,,,,1.767
2012-01-21,,,10.5,,,,,,
2012-01-22,,,10.5,,,,,,
2012-01-23,,0.03927,10.5,,,,,,1.7528
2012-01-24,,0.03927,10.5,,,,,,1.7649
2012-01-25,,0.03927,10.5,,,,,,1.7632
2012-01-26,,0.03927,10.5,,,,,,1.7389
2012-01-27,,0.03927,10.5,,,,,,1.7436
2012-01-28,,,10.5,,,,,,
2012-01-29,,,10.5,,,,,,
2012-01-30,,0.03927,10.5,,,,,,1.7509
2012-01-31,,0.03927,10.5,,,,,,1.7391
2012-02-01,0.45,0.03927,10.5,,0.19,121.72,367527.7,-333832.98,1.7376
2012-02-02,,0.03927,10.5,,,,,,1.7326
2012-02-03,,0.03927,10.5,,,,,,1.7223
2012-02-04,,,10.5,,,,,,
2012-02-05,,,10.5,,,,,,
2012-02-06,,0.03927,10.5,,,,,,1.7249
2012-02-07,,0.03927,10.5,,,,,,1.7261
2012-02-08,,0.03927,10.5,,,,,,1.7195
2012-02-09,,0.03927,10.5,,,,,,1.7225
2012-02-10,,0.03927,10.5,,,,,,1.726
2012-02-11,,,10.5,,,,,,
2012-02-12,,,10.5,,,,,,
2012-02-13,,0.03927,10.5,,,,,,1.7169
2012-02-14,,0.03927,10.5,,,,,,1.7173
2012-02-15,,0.03927,10.5,,,,,,1.7158
2012-02-16,,0.03927,10.5,,,,,,1.7326
2012-02-17,,0.03927,10.5,,,,,,1.7136
2012-02-18,,,10.5,,,,,,
2012-02-19,,,10.5,,,,,,
2012-02-20,,,10.5,,,,,,
2012-02-21,,,10.5,,,,,,
2012-02-22,,0.03927,10.5,,,,,,1.7076
2012-02-23,,0.03927,10.5,,,,,,1.704
2012-02-24,,0.03927,10.5,,,,,,1.7098
2012-02-25,,,10.5,,,,,,
2012-02-26,,,10.5,,,,,,
2012-02-27,,0.03927,10.5,,,,,,1.7088
2012-02-28,,0.03927,10.5,,,,,,1.7024
2012-02-29,,0.03927,10.5,,,,,,1.7092
2012-03-01,0.21,0.03927,10.5,8.0,0.25,124.22,397757.8,-380161.09,1.7152
2012-03-02,,0.03927,10.5,,,,,,1.7245
2012-03-03,,,10.5,,,,,,
2012-03-04,,,10.5,,,,,,
2012-03-05,,0.03927,10.5,,,,,,1.7314
2012-03-06,,0.03927,10.5,,,,,,1.7556
2012-03-07,,0.03927,10.5,,,,,,1.7692
2012-03-08,,0.036564,9.75,,,,,,1.7697
2012-03-09,,0.036564,9.75,,,,,,1.7767
2012-03-10,,,9.75,,,,,,
2012-03-11,,,9.75,,,,,,
2012-03-12,,0.036564,9.75,,,,,,1.8157
2012-03-13,,0.036564,9.75,,,,,,1.8102
2012-03-14,,0.036564,9.75,,,,,,1.8146
2012-03-15,,0.036564,9.75,,,,,,1.8006
2012-03-16,,0.036564,9.75,,,,,,1.8018
2012-03-17,,,9.75,,,,,,
2012-03-18,,,9.75,,,,,,
2012-03-19,,0.036564,9.75,,,,,,1.809
2012-03-20,,0.036564,9.75,,,,,,1.8259
2012-03-21,,0.036564,9.75,,,,,,1.8267
2012-03-22,,0.036564,9.75,,,,,,1.825
2012-03-23,,0.036564,9.75,,,,,,1.8194
2012-03-24,,,9.75,,,,,,
2012-03-25,,,9.75,,,,,,
2012-03-26,,0.036564,9.75,,,,,,1.8143
2012-03-27,,0.036564,9.75,,,,,,1.8135
2012-03-28,,0.036564,9.75,,,,,,1.8223
2012-03-29,,0.036564,9.75,,,,,,1.8334
2012-03-30,,0.036564,9.75,,,,,,1.8221
2012-03-31,,,9.75,,,,,,
2012-04-01,0.64,,9.75,7.8,0.51,123.92,385882.7,-413830.56,
2012-04-02,,0.036564,9.75,,,,,,1.8314
2012-04-03,,0.036564,9.75,,,,,,1.8256
2012-04-04,,0.036564,9.75,,,,,,1.8316
2012-04-05,,0.036564,9.75,,,,,,1.8301
2012-04-06,,,9.75,,,,,,
2012-04-07,,,9.75,,,,,,
2012-04-08,,,9.75,,,,,,
2012-04-09,,0.036564,9.75,,,,,,1.826
2012-04-10,,0.036564,9.75,,,,,,1.8317
2012-04-11,,0.036564,9.75,,,,,,1.8303
2012-04-12,,0.036564,9.75,,,,,,1.827
2012-04-13,,0.036564,9.75,,,,,,1.8364
2012-04-14,,,9.75,,,,,,
2012-04-15,,,9.75,,,,,,
2012-04-16,,0.036564,9.75,,,,,,1.8373
2012-04-17,,0.036564,9.75,,,,,,1.8454
2012-04-18,,0.036564,9.75,,,,,,1.8694
2012-04-19,,0.033839,9.0,,,,,,1.8867
2012-04-20,,0.033839,9.0,,,,,,1.8786
2012-04-21,,,9.0,,,,,,
2012-04-22,,,9.0,,,,,,
2012-04-23,,0.033839,9.0,,,,,,1.8864
2012-04-24,,0.033839,9.0,,,,,,1.878
2012-04-25,,0.033839,9.0,,,,,,1.8807
2012-04-26,,0.033839,9.0,,,,,,1.8871
2012-04-27,,0.033839,9.0,,,,,,1.8852
2012-04-28,,,9.0,,,,,,
2012-04-29,,,9.0,,,,,,
2012-04-30,,0.033839,9.0,,,,,,1.8918
2012-05-01,0.36,,9.0,7.7,0.73,125.73,401863.7,-449695.9,
2012-05-02,,0.033839,9.0,,,,,,1.9149
2012-05-03,,0.033839,9.0,,,,,,1.9277
2012-05-04,,0.033839,9.0,,,,,,1.921
2012-05-05,,,9.0,,,,,,
2012-05-06,,,9.0,,,,,,
2012-05-07,,0.033839,9.0,,,,,,1.9268
2012-05-08,,0.033839,9.0,,,,,,1.9366
2012-05-09,,0.033839,9.0,,,,,,1.9577
2012-05-10,,0.033839,9.0,,,,,,1.9581
2012-05-11,,0.033839,9.0,,,,,,1.9513
2012-05-12,,,9.0,,,,,,
2012-05-13,,,9.0,,,,,,
2012-05-14,,0.033803,9.0,,,,,,1.9866
2012-05-15,,0.033803,9.0,,,,,,1.9947
2012-05-16,,0.033803,9.0,,,,,,1.9974
2012-05-17,,0.033803,9.0,,,,,,1.9973
2012-05-18,,0.033803,9.0,,,,,,2.0095
2012-05-19,,,9.0,,,,,,
2012-05-20,,,9.0,,,,,,
2012-05-21,,0.033803,9.0,,,,,,2.0374
2012-05-22,,0.033803,9.0,,,,,,2.0493
2012-05-23,,0.033803,9.0,,,,,,2.0816
2012-05-24,,0.033803,9.0,,,,,,2.0384
2012-05-25,,0.033803,9.0,,,,,,2.0032
2012-05-26,,,9.0,,,,,,
2012-05-27,,,9.0,,,,,,
2012-05-28,,0.033803,9.0,,,,,,1.9778
2012-05-29,,0.033803,9.0,,,,,,1.9944
2012-05-30,,0.033766,9.0,,,,,,2.0078
2012-05-31,,0.031976,8.5,,,,,,2.0223
2012-06-01,0.08,0.031976,8.5,7.6,0.68,126.11,395379.2,-448758.64,2.035
2012-06-02,,,8.5,,,,,,
2012-06-03,,,8.5,,,,,,
2012-06-04,,0.031976,8.5,,,,,,2.041
2012-06-05,,0.031976,8.5,,,,,,2.0266
2012-06-06,,0.031976,8.5,,,,,,2.0183
2012-06-07,,,8.5,,,,,,
2012-06-08,,0.031976,8.5,,,,,,2.0353
2012-06-09,,,8.5,,,,,,
2012-06-10,,,8.5,,,,,,
2012-06-11,,0.031976,8.5,,,,,,2.0348
2012-06-12,,0.031976,8.5,,,,,,2.0564
2012-06-13,,0.031976,8.5,,,,,,2.0604
2012-06-14,,0.031976,8.5,,,,,,2.0691
2012-06-15,,0.031976,8.5,,,,,,2.0443
2012-06-16,,,8.5,,,,,,
2012-06-17,,,8.5,,,,,,
2012-06-18,,0.031976,8.5,,,,,,2.0634
2012-06-19,,0.031976,8.5,,,,,,2.044
2012-06-20,,0.031976,8.5,,,,,,2.0293
2012-06-21,,0.031976,8.5,,,,,,2.0363
2012-06-22,,0.031976,8.5,,,,,,2.0555
2012-06-23,,,8.5,,,,,,
2012-06-24,,,8.5,,,,,,
2012-06-25,,0.031976,8.5,,,,,,2.0718
2012-06-26,,0.031976,8.5,,,,,,2.0743
2012-06-27,,0.031976,8.5,,,,,,2.0764
2012-06-28,,0.031976,8.5,,,,,,2.0904
2012-06-29,,0.032012,8.5,,,,,,2.0213
2012-06-30,,,8.5,,,,,,
2012-07-01,0.43,,8.5,7.5,0.91,138.71,409024.9,-460456.92,
2012-07-02,,0.031976,8.5,,,,,,1.9893
2012-07-03,,0.031976,8.5,,,,,,1.9888
2012-07-04,,0.031976,8.5,,,,,,2.0201
2012-07-05,,0.031976,8.5,,,,,,2.0292
2012-07-06,,0.031976,8.5,,,,,,2.0359
2012-07-07,,,8.5,,,,,,
2012-07-08,,,8.5,,,,,,
2012-07-09,,0.031976,8.5,,,,,,2.0312
2012-07-10,,0.031976,8.5,,,,,,2.0332
2012-07-11,,0.031976,8.5,,,,,,2.031
2012-07-12,,0.03014,8.0,,,,,,2.0471
2012-07-13,,0.03014,8.0,,,,,,2.0338
2012-07-14,,,8.0,,,,,,
2012-07-15,,,8.0,,,,,,
2012-07-16,,0.03014,8.0,,,,,,2.038
2012-07-17,,0.03014,8.0,,,,,,2.0349
2012-07-18,,0.03014,8.0,,,,,,2.0258
2012-07-19,,0.03014,8.0,,,,,,2.0239
2012-07-20,,0.03014,8.0,,,,,,2.0227
2012-07-21,,,8.0,,,,,,
2012-07-22,,,8.0,,,,,,
2012-07-23,,0.03014,8.0,,,,,,2.0412
2012-07-24,,0.03014,8.0,,,,,,2.0418
2012-07-25,,0.03014,8.0,,,,,,2.0403
2012-07-26,,0.03014,8.0,,,,,,2.0255
2012-07-27,,0.03014,8.0,,,,,,2.0173
2012-07-28,,,8.0,,,,,,
2012-07-29,,,8.0,,,,,,
2012-07-30,,0.03014,8.0,,,,,,2.0313
2012-07-31,,0.03014,8.0,,,,,,2.0499
2012-08-01,0.41,0.03014,8.0,7.3,0.88,139.31,418752.4,-455716.04,2.0432
2012-08-02,,0.03014,8.0,,,,,,2.0475
2012-08-03,,0.03014,8.0,,,,,,2.0313
2012-08-04,,,8.0,,,,,,
2012-08-05,,,8.0,,,,,,
2012-08-06,,0.03014,8.0,,,,,,2.0279
2012-08-07,,0.03014,8.0,,,,,,2.0281
2012-08-08,,0.03014,8.0,,,,,,2.0273
2012-08-09,,0.03014,8.0,,,,,,2.0182
2012-08-10,,0.03014,8.0,,,,,,2.0175
2012-08-11,,,8.0,,,,,,
2012-08-12,,,8.0,,,,,,
2012-08-13,,0.03014,8.0,,,,,,2.0266
2012-08-14,,0.03014,8.0,,,,,,2.0258
2012-08-15,,0.03014,8.0,,,,,,2.0234
2012-08-16,,0.03014,8.0,,,,,,2.0214
2012-08-17,,0.03014,8.0,,,,,,2.0182
2012-08-18,,,8.0,,,,,,
2012-08-19,,,8.0,,,,,,
2012-08-20,,0.03014,8.0,,,,,,2.0209
2012-08-21,,0.03014,8.0,,,,,,2.0173
2012-08-22,,0.03014,8.0,,,,,,2.021
2012-08-23,,0.03014,8.0,,,,,,2.0241
2012-08-24,,0.03014,8.0,,,,,,2.0255
2012-08-25,,,8.0,,,,,,
2012-08-26,,,8.0,,,,,,
2012-08-27,,0.03014,8.0,,,,,,2.0293
2012-08-28,,0.03014,8.0,,,,,,2.0433
2012-08-29,,0.03014,8.0,,,,,,2.0509
2012-08-30,,0.028296,7.5,,,,,,2.0513
2012-08-31,,0.028296,7.5,,,,,,2.0372
2012-09-01,0.57,,7.5,7.1,1.26,139.05,402671.5,-452977.95,
2012-09-02,,,7.5,,,,,,
2012-09-03,,0.028296,7.5,,,,,,2.0335
2012-09-04,,0.028296,7.5,,,,,,2.0392
2012-09-05,,0.028296,7.5,,,,,,2.0385
2012-09-06,,0.028296,7.5,,,,,,2.0381
2012-09-07,,,7.5,,,,,,
2012-09-08,,,7.5,,,,,,
2012-09-09,,,7.5,,,,,,
2012-09-10,,0.028296,7.5,,,,,,2.0241
2012-09-11,,0.028296,7.5,,,,,,2.0197
2012-09-12,,0.028296,7.5,,,,,,2.0204
2012-09-13,,0.028296,7.5,,,,,,2.0254
2012-09-14,,0.028296,7.5,,,,,,2.0139
2012-09-15,,,7.5,,,,,,
2012-09-16,,,7.5,,,,,,
2012-09-17,,0.028296,7.5,,,,,,2.0312
2012-09-18,,0.028296,7.5,,,,,,2.0274
2012-09-19,,0.028296,7.5,,,,,,2.0236
2012-09-20,,0.028296,7.5,,,,,,2.0263
2012-09-21,,0.028296,7.5,,,,,,2.024
2012-09-22,,,7.5,,,,,,
2012-09-23,,,7.5,,,,,,
2012-09-24,,0.028296,7.5,,,,,,2.0273
2012-09-25,,0.028296,7.5,,,,,,2.0251
2012-09-26,,0.028296,7.5,,,,,,2.0341
2012-09-27,,0.028296,7.5,,,,,,2.0311
2012-09-28,,0.028296,7.5,,,,,,2.0306
2012-09-29,,,7.5,,,,,,
2012-09-30,,,7.5,,,,,,
2012-10-01,0.59,0.028296,7.5,6.9,1.36,136.54,431399.8,-445247.13,2.026
2012-10-02,,0.028296,7.5,,,,,,2.0266
2012-10-03,,0.028296,7.5,,,,,,2.0266
2012-10-04,,0.028296,7.5,,,,,,2.0224
2012-10-05,,0.028296,7.5,,,,,,2.0246
2012-10-06,,,7.5,,,,,,
2012-10-07,,,7.5,,,,,,
2012-10-08,,0.028296,7.5,,,,,,2.0313
2012-10-09,,0.028296,7.5,,,,,,2.0337
2012-10-10,,0.028296,7.5,,,,,,2.0378
2012-10-11,,0.027371,7.25,,,,,,2.0369
2012-10-12,,,7.25,,,,,,
2012-10-13,,,7.25,,,,,,
2012-10-14,,,7.25,,,,,,
2012-10-15,,0.027371,7.25,,,,,,2.0382
2012-10-16,,0.027371,7.25,,,,,,2.0351
2012-10-17,,0.027371,7.25,,,,,,2.0336
2012-10-18,,0.027371,7.25,,,,,,2.0295
2012-10-19,,0.027371,7.25,,,,,,2.0272
2012-10-20,,,7.25,,,,,,
2012-10-21,,,7.25,,,,,,
2012-10-22,,0.027371,7.25,,,,,,2.0266
2012-10-23,,0.027371,7.25,,,,,,2.0286
2012-10-24,,0.027371,7.25,,,,,,2.0263
2012-10-25,,0.027371,7.25,,,,,,2.0261
2012-10-26,,0.027371,7.25,,,,,,2.0263
2012-10-27,,,7.25,,,,,,
2012-10-28,,,7.25,,,,,,
2012-10-29,,0.027371,7.25,,,,,,2.0296
2012-10-30,,0.027371,7.25,,,,,,2.0323
2012-10-31,,0.027371,7.25,,,,,,2.0313
2012-11-01,0.6,0.027371,7.25,6.8,0.79,137.88,426614.9,-470034.07,2.0312
2012-11-02,,,7.25,,,,,,
2012-11-03,,,7.25,,,,,,
2012-11-04,,,7.25,,,,,,
2012-11-05,,0.027371,7.25,,,,,,2.035
2012-11-06,,0.027371,7.25,,,,,,2.0341
2012-11-07,,0.027371,7.25,,,,,,2.033
2012-11-08,,0.027371,7.25,,,,,,2.0357
2012-11-09,,0.027371,7.25,,,,,,2.0512
2012-11-10,,,7.25,,,,,,
2012-11-11,,,7.25,,,,,,
2012-11-12,,0.027371,7.25,,,,,,2.0476
2012-11-13,,0.027371,7.25,,,,,,2.0614
2012-11-14,,0.027371,7.25,,,,,,2.0629
2012-11-15,,,7.25,,,,,,
2012-11-16,,0.027371,7.25,,,,,,2.0712
2012-11-17,,,7.25,,,,,,
2012-11-18,,,7.25,,,,,,
2012-11-19,,0.027371,7.25,,,,,,2.0745
2012-11-20,,0.027371,7.25,,,,,,2.0835
2012-11-21,,0.027371,7.25,,,,,,2.0924
2012-11-22,,0.027371,7.25,,,,,,2.0912
2012-11-23,,0.027371,7.25,,,,,,2.0985
2012-11-24,,,7.25,,,,,,
2012-11-25,,,7.25,,,,,,
2012-11-26,,0.027371,7.25,,,,,,2.0787
2012-11-27,,0.027371,7.25,,,,,,2.0752
2012-11-28,,0.027371,7.25,,,,,,2.0912
2012-11-29,,0.027371,7.25,,,,,,2.0991
2012-11-30,,0.027371,7.25,,,,,,2.1074
2012-12-01,0.79,,7.25,6.9,1.03,139.3,413696.7,-436877.75,
2012-12-02,,,7.25,,,,,,
2012-12-03,,0.027371,7.25,,,,,,2.1121
2012-12-04,,0.027371,7.25,,,,,,2.1077
2012-12-05,,0.027371,7.25,,,,,,2.1046
2012-12-06,,0.027371,7.25,,,,,,2.0836
2012-12-07,,0.027371,7.25,,,,,,2.0804
2012-12-08,,,7.25,,,,,,
2012-12-09,,,7.25,,,,,,
2012-12-10,,0.027371,7.25,,,,,,2.081
2012-12-11,,0.027334,7.25,,,,,,2.0743
2012-12-12,,0.027334,7.25,,,,,,2.0801
2012-12-13,,0.027334,7.25,,,,,,2.0751
2012-12-14,,0.027297,7.25,,,,,,2.084
2012-12-15,,,7.25,,,,,,
2012-12-16,,,7.25,,,,,,
2012-12-17,,0.027297,7.25,,,,,,2.0902
2012-12-18,,0.02726,7.25,,,,,,2.0966
2012-12-19,,0.02726,7.25,,,,,,2.0791
2012-12-20,,0.02726,7.25,,,,,,2.0625
2012-12-21,,0.02726,7.25,,,,,,2.0758
2012-12-22,,,7.25,,,,,,
2012-12-23,,,7.25,,,,,,
2012-12-24,,0.027556,7.25,,,,,,2.0774
2012-12-25,,,7.25,,,,,,
2012-12-26,,0.027742,7.25,,,,,,2.0569
2012-12-27,,0.027779,7.25,,,,,,2.0483
2012-12-28,,0.027853,7.25,,,,,,2.0435
2012-12-29,,,7.25,,,,,,
2012-12-30,,,7.25,,,,,,
2012-12-31,,0.027927,7.25,,,,,,2.0435
2013-01-01,0.86,,7.25,7.2,1.99,136.07,408895.0,-417990.55,
2013-01-02,,0.02726,7.25,,,,,,2.0415
2013-01-03,,0.02726,7.25,,,,,,2.0464
2013-01-04,,0.02726,7.25,,,,,,2.0425
2013-01-05,,,7.25,,,,,,
2013-01-06,,,7.25,,,,,,
2013-01-07,,0.02726,7.25,,,,,,2.0312
2013-01-08,,0.02726,7.25,,,,,,2.0286
2013-01-09,,0.02726,7.25,,,,,,2.0417
2013-01-10,,0.02726,7.25,,,,,,2.0358
2013-01-11,,0.02726,7.25,,,,,,2.0341
2013-01-12,,,7.25,,,,,,
2013-01-13,,,7.25,,,,,,
2013-01-14,,0.02726,7.25,,,,,,2.0334
2013-01-15,,0.02726,7.25,,,,,,2.0374
2013-01-16,,0.02726,7.25,,,,,,2.0409
2013-01-17,,0.02726,7.25,,,,,,2.0411
2013-01-18,,0.02726,7.25,,,,,,2.0441
2013-01-19,,,7.25,,,,,,
2013-01-20,,,7.25,,,,,,
2013-01-21,,0.02726,7.25,,,,,,2.042
2013-01-22,,0.02726,7.25,,,,,,2.0471
2013-01-23,,0.02726,7.25,,,,,,2.0394
2013-01-24,,0.02726,7.25,,,,,,2.0344
2013-01-25,,0.02726,7.25,,,,,,2.0285
2013-01-26,,,7.25,,,,,,
2013-01-27,,,7.25,,,,,,
2013-01-28,,0.02726,7.25,,,,,,2.0241
2013-01-29,,0.02726,7.25,,,,,,1.9912
2013-01-30,,0.02726,7.25,,,,,,1.99
2013-01-31,,0.02726,7.25,,,,,,1.9883
2013-02-01,0.6,0.02726,7.25,7.8,1.45,131.05,398087.4,-412319.08,1.9843
2013-02-02,,,7.25,,,,,,
2013-02-03,,,7.25,,,,,,
2013-02-04,,0.02726,7.25,,,,,,1.9893
2013-02-05,,0.02726,7.25,,,,,,1.9881
2013-02-06,,0.02726,7.25,,,,,,1.9884
2013-02-07,,0.02726,7.25,,,,,,1.9789
2013-02-08,,0.02726,7.25,,,,,,1.9636
2013-02-09,,,7.25,,,,,,
2013-02-10,,,7.25,,,,,,
2013-02-11,,,7.25,,,,,,
2013-02-12,,,7.25,,,,,,
2013-02-13,,0.02726,7.25,,,,,,1.967
2013-02-14,,0.02726,7.25,,,,,,1.9666
2013-02-15,,0.02726,7.25,,,,,,1.96
2013-02-16,,,7.25,,,,,,
2013-02-17,,,7.25,,,,,,
2013-02-18,,0.02726,7.25,,,,,,1.9676
2013-02-19,,0.02726,7.25,,,,,,1.9597
2013-02-20,,0.02726,7.25,,,,,,1.957
2013-02-21,,0.02726,7.25,,,,,,1.972
2013-02-22,,0.02726,7.25,,,,,,1.9705
2013-02-23,,,7.25,,,,,,
2013-02-24,,,7.25,,,,,,
2013-02-25,,0.02726,7.25,,,,,,1.9676
2013-02-26,,0.027519,7.25,,,,,,1.9818
2013-02-27,,0.027594,7.25,,,,,,1.9807
2013-02-28,,0.027594,7.25,,,,,,1.9754
2013-03-01,0.47,0.027371,7.25,8.0,1.14,129.9,434631.2,-428882.5,1.9848
2013-03-02,,,7.25,,,,,,
2013-03-03,,,7.25,,,,,,
2013-03-04,,0.027297,7.25,,,,,,1.9827
2013-03-05,,0.027297,7.25,,,,,,1.9693
2013-03-06,,0.027371,7.25,,,,,,1.9673
2013-03-07,,0.027297,7.25,,,,,,1.9642
2013-03-08,,0.027334,7.25,,,,,,1.9528
2013-03-09,,,7.25,,,,,,
2013-03-10,,,7.25,,,,,,
2013-03-11,,0.027334,7.25,,,,,,1.9552
2013-03-12,,0.027371,7.25,,,,,,1.9585
2013-03-13,,0.027408,7.25,,,,,,1.9619
2013-03-14,,0.027445,7.25,,,,,,1.9676
2013-03-15,,0.027445,7.25,,,,,,1.9749
2013-03-16,,,7.25,,,,,,
2013-03-17,,,7.25,,,,,,
2013-03-18,,0.027445,7.25,,,,,,1.9871
2013-03-19,,0.027445,7.25,,,,,,1.983
2013-03-20,,0.027445,7.25,,,,,,1.9868
2013-03-21,,0.027445,7.25,,,,,,1.9931
2013-03-22,,0.027445,7.25,,,,,,2.0126
2013-03-23,,,7.25,,,,,,
2013-03-24,,,7.25,,,,,,
2013-03-25,,0.027445,7.25,,,,,,2.014
2013-03-26,,0.027445,7.25,,,,,,2.0087
2013-03-27,,0.027445,7.25,,,,,,2.0185
2013-03-28,,0.027445,7.25,,,,,,2.0138
2013-03-29,,,7.25,,,,,,
2013-03-30,,,7.25,,,,,,
2013-03-31,,,7.25,,,,,,
2013-04-01,0.55,0.027445,7.25,7.9,0.96,128.12,446508.1,-425484.01,2.0186
2013-04-02,,0.027445,7.25,,,,,,2.0179
2013-04-03,,0.027445,7.25,,,,,,2.0239
2013-04-04,,0.027445,7.25,,,,,,2.0201
2013-04-05,,0.027445,7.25,,,,,,2.0035
2013-04-06,,,7.25,,,,,,
2013-04-07,,,7.25,,,,,,
2013-04-08,,0.027445,7.25,,,,,,1.9902
2013-04-09,,0.027445,7.25,,,,,,1.9861
2013-04-10,,0.027445,7.25,,,,,,1.981
2013-04-11,,0.027445,7.25,,,,,,1.9736
2013-04-12,,0.027445,7.25,,,,,,1.9761
2013-04-13,,,7.25,,,,,,
2013-04-14,,,7.25,,,,,,
2013-04-15,,0.027445,7.25,,,,,,1.979
2013-04-16,,0.027445,7.25,,,,,,1.9903
2013-04-17,,0.027445,7.25,,,,,,1.9939
2013-04-18,,0.02837,7.5,,,,,,2.0152
2013-04-19,,0.02837,7.5,,,,,,2.0089
2013-04-20,,,7.5,,,,,,
2013-04-21,,,7.5,,,,,,
2013-04-22,,0.028333,7.5,,,,,,2.0154
2013-04-23,,0.028333,7.5,,,,,,2.017
2013-04-24,,0.028333,7.5,,,,,,2.0244
2013-04-25,,0.028333,7.5,,,,,,2.0119
2013-04-26,,0.028333,7.5,,,,,,2.0001
2013-04-27,,,7.5,,,,,,
2013-04-28,,,7.5,,,,,,
2013-04-29,,0.028333,7.5,,,,,,1.9999
2013-04-30,,0.028333,7.5,,,,,,2.0017
2013-05-01,0.37,,7.5,7.6,0.31,128.79,441321.9,-456877.24,
2013-05-02,,0.028333,7.5,,,,,,2.0095
2013-05-03,,0.028333,7.5,,,,,,2.0093
2013-05-04,,,7.5,,,,,,
2013-05-05,,,7.5,,,,,,
2013-05-06,,0.028333,7.5,,,,,,2.0143
2013-05-07,,0.028333,7.5,,,,,,2.011
2013-05-08,,0.028333,7.5,,,,,,2.003
2013-05-09,,0.028333,7.5,,,,,,2.0051
2013-05-10,,0.028333,7.5,,,,,,2.0231
2013-05-11,,,7.5,,,,,,
2013-05-12,,,7.5,,,,,,
2013-05-13,,0.028333,7.5,,,,,,2.015
2013-05-14,,0.028333,7.5,,,,,,2.0063
2013-05-15,,0.028333,7.5,,,,,,2.0233
2013-05-16,,0.028333,7.5,,,,,,2.0254
2013-05-17,,0.028333,7.5,,,,,,2.0354
2013-05-18,,,7.5,,,,,,
2013-05-19,,,7.5,,,,,,
2013-05-20,,0.028333,7.5,,,,,,2.0333
2013-05-21,,0.028333,7.5,,,,,,2.0402
2013-05-22,,0.028333,7.5,,,,,,2.0387
2013-05-23,,0.028333,7.5,,,,,,2.0537
2013-05-24,,0.028333,7.5,,,,,,2.0495
2013-05-25,,,7.5,,,,,,
2013-05-26,,,7.5,,,,,,
2013-05-27,,0.028333,7.5,,,,,,2.0527
2013-05-28,,0.028333,7.5,,,,,,2.0616
2013-05-29,,0.028333,7.5,,,,,,2.0894
2013-05-30,,,8.0,,,,,,
2013-05-31,,0.030177,8.0,,,,,,2.1319
2013-06-01,0.26,,8.0,7.5,0.04,136.06,434750.0,-466846.27,
2013-06-02,,,8.0,,,,,,
2013-06-03,,0.030177,8.0,,,,,,2.1355
2013-06-04,,0.030177,8.0,,,,,,2.1282
2013-06-05,,0.030177,8.0,,,,,,2.1235
2013-06-06,,0.030177,8.0,,,,,,2.125
2013-06-07,,0.030177,8.0,,,,,,2.1372
2013-06-08,,,8.0,,,,,,
2013-06-09,,,8.0,,,,,,
2013-06-10,,0.030177,8.0,,,,,,2.1506
2013-06-11,,0.030177,8.0,,,,,,2.1521
2013-06-12,,0.030177,8.0,,,,,,2.142
2013-06-13,,0.030177,8.0,,,,,,2.1447
2013-06-14,,0.030177,8.0,,,,,,2.1367
2013-06-15,,,8.0,,,,,,
2013-06-16,,,8.0,,,,,,
2013-06-17,,0.030177,8.0,,,,,,2.1538
2013-06-18,,0.030177,8.0,,,,,,2.1706
2013-06-19,,0.030177,8.0,,,,,,2.1744
2013-06-20,,0.030177,8.0,,,,,,2.2523
2013-06-21,,0.030177,8.0,,,,,,2.2648
2013-06-22,,,8.0,,,,,,
2013-06-23,,,8.0,,,,,,
2013-06-24,,0.030177,8.0,,,,,,2.2515
2013-06-25,,0.030177,8.0,,,,,,2.2185
2013-06-26,,0.030177,8.0,,,,,,2.1975
2013-06-27,,0.030177,8.0,,,,,,2.1846
2013-06-28,,0.030177,8.0,,,,,,2.2156
2013-06-29,,,8.0,,,,,,
2013-06-30,,,8.0,,,,,,
2013-07-01,0.03,0.030177,8.0,7.4,-0.33,138.89,452593.1,-484637.28,2.2297
2013-07-02,,0.030177,8.0,,,,,,2.2412
2013-07-03,,0.030177,8.0,,,,,,2.2634
2013-07-04,,0.030177,8.0,,,,,,2.2595
2013-07-05,,0.030177,8.0,,,,,,2.2645
2013-07-06,,,8.0,,,,,,
2013-07-07,,,8.0,,,,,,
2013-07-08,,0.030177,8.0,,,,,,2.2583
2013-07-09,,0.030177,8.0,,,,,,2.2628
2013-07-10,,0.030177,8.0,,,,,,2.2697
2013-07-11,,0.032012,8.5,,,,,,2.2672
2013-07-12,,0.032012,8.5,,,,,,2.267
2013-07-13,,,8.5,,,,,,
2013-07-14,,,8.5,,,,,,
2013-07-15,,0.032012,8.5,,,,,,2.2548
2013-07-16,,0.032012,8.5,,,,,,2.2353
2013-07-17,,0.032012,8.5,,,,,,2.2372
2013-07-18,,0.032012,8.5,,,,,,2.2297
2013-07-19,,0.032012,8.5,,,,,,2.2364
2013-07-20,,,8.5,,,,,,
2013-07-21,,,8.5,,,,,,
2013-07-22,,0.032012,8.5,,,,,,2.2386
2013-07-23,,0.032012,8.5,,,,,,2.2267
2013-07-24,,0.032012,8.5,,,,,,2.2348
2013-07-25,,0.032012,8.5,,,,,,2.2497
2013-07-26,,0.032012,8.5,,,,,,2.2488
2013-07-27,,,8.5,,,,,,
2013-07-28,,,8.5,,,,,,
2013-07-29,,0.032012,8.5,,,,,,2.2609
2013-07-30,,0.032012,8.5,,,,,,2.2734
2013-07-31,,0.032012,8.5,,,,,,2.2903
2013-08-01,0.24,0.032012,8.5,7.2,0.01,142.51,453785.4,-495169.52,2.2914
2013-08-02,,0.032012,8.5,,,,,,2.2933
2013-08-03,,,8.5,,,,,,
2013-08-04,,,8.5,,,,,,
2013-08-05,,0.032012,8.5,,,,,,2.301
2013-08-06,,0.032012,8.5,,,,,,2.2955
2013-08-07,,0.032012,8.5,,,,,,2.3028
2013-08-08,,0.032012,8.5,,,,,,2.2882
2013-08-09,,0.032012,8.5,,,,,,2.2748
2013-08-10,,,8.5,,,,,,
2013-08-11,,,8.5,,,,,,
2013-08-12,,0.032012,8.5,,,,,,2.2722
2013-08-13,,0.032012,8.5,,,,,,2.3035
2013-08-14,,0.032012,8.5,,,,,,2.3118
2013-08-15,,0.032012,8.5,,,,,,2.3434
2013-08-16,,0.032012,8.5,,,,,,2.3565
2013-08-17,,,8.5,,,,,,
2013-08-18,,,8.5,,,,,,
2013-08-19,,0.032012,8.5,,,,,,2.398
2013-08-20,,0.032012,8.5,,,,,,2.3943
2013-08-21,,0.032012,8.5,,,,,,2.4169
2013-08-22,,0.032012,8.5,,,,,,2.4457
2013-08-23,,0.032012,8.5,,,,,,2.3868
2013-08-24,,,8.5,,,,,,
2013-08-25,,,8.5,,,,,,
2013-08-26,,0.032012,8.5,,,,,,2.3705
2013-08-27,,0.032012,8.5,,,,,,2.3998
2013-08-28,,0.032012,8.5,,,,,,2.3515
2013-08-29,,0.033839,9.0,,,,,,2.3578
2013-08-30,,0.033839,9.0,,,,,,2.3725
2013-08-31,,,9.0,,,,,,
2013-09-01,0.35,,9.0,7.0,0.14,139.0,447755.6,-434140.34,
2013-09-02,,0.033839,9.0,,,,,,2.3643
2013-09-03,,0.033839,9.0,,,,,,2.3897
2013-09-04,,0.033839,9.0,,,,,,2.3538
2013-09-05,,0.033839,9.0,,,,,,2.3314
2013-09-06,,0.033839,9.0,,,,,,2.2979
2013-09-07,,,9.0,,,,,,
2013-09-08,,,9.0,,,,,,
2013-09-09,,0.033839,9.0,,,,,,2.2868
2013-09-10,,0.033839,9.0,,,,,,2.2779
2013-09-11,,0.033839,9.0,,,,,,2.2947
2013-09-12,,0.033839,9.0,,,,,,2.2769
2013-09-13,,0.033839,9.0,,,,,,2.2785
2013-09-14,,,9.0,,,,,,
2013-09-15,,,9.0,,,,,,
2013-09-16,,0.033839,9.0,,,,,,2.2649
2013-09-17,,0.033839,9.0,,,,,,2.2617
2013-09-18,,0.033839,9.0,,,,,,2.2489
2013-09-19,,0.033839,9.0,,,,,,2.2036
2013-09-20,,0.033839,9.0,,,,,,2.2053
2013-09-21,,,9.0,,,,,,
2013-09-22,,,9.0,,,,,,
2013-09-23,,0.033839,9.0,,,,,,2.2033
2013-09-24,,0.033839,9.0,,,,,,2.2031
2013-09-25,,0.033839,9.0,,,,,,2.2224
2013-09-26,,0.033839,9.0,,,,,,2.2285
2013-09-27,,0.033839,9.0,,,,,,2.2571
2013-09-28,,,9.0,,,,,,
2013-09-29,,,9.0,,,,,,
2013-09-30,,0.033839,9.0,,,,,,2.23
2013-10-01,0.57,0.033839,9.0,6.8,1.03,134.81,475721.2,-426760.87,2.2123
2013-10-02,,0.033839,9.0,,,,,,2.2088
2013-10-03,,0.033839,9.0,,,,,,2.2069
2013-10-04,,0.033839,9.0,,,,,,2.2051
2013-10-05,,,9.0,,,,,,
2013-10-06,,,9.0,,,,,,
2013-10-07,,0.033839,9.0,,,,,,2.2087
2013-10-08,,0.033839,9.0,,,,,,2.2016
2013-10-09,,0.033839,9.0,,,,,,2.2054
2013-10-10,,0.035657,9.5,,,,,,2.185
2013-10-11,,0.035657,9.5,,,,,,2.1821
2013-10-12,,,9.5,,,,,,
2013-10-13,,,9.5,,,,,,
2013-10-14,,0.035657,9.5,,,,,,2.1817
2013-10-15,,0.035657,9.5,,,,,,2.1818
2013-10-16,,0.035657,9.5,,,,,,2.1629
2013-10-17,,0.035657,9.5,,,,,,2.1611
2013-10-18,,0.035657,9.5,,,,,,2.1616
2013-10-19,,,9.5,,,,,,
2013-10-20,,,9.5,,,,,,
2013-10-21,,0.035657,9.5,,,,,,2.1738
2013-10-22,,0.035657,9.5,,,,,,2.176
2013-10-23,,0.035657,9.5,,,,,,2.1826
2013-10-24,,0.035657,9.5,,,,,,2.2003
2013-10-25,,0.035657,9.5,,,,,,2.1848
2013-10-26,,,9.5,,,,,,
2013-10-27,,,9.5,,,,,,
2013-10-28,,0.035657,9.5,,,,,,2.1846
2013-10-29,,0.035657,9.5,,,,,,2.1804
2013-10-30,,0.035657,9.5,,,,,,2.1888
2013-10-31,,0.035657,9.5,,,,,,2.2026
2013-11-01,0.54,0.035657,9.5,6.5,0.56,139.12,470316.2,-463839.4,2.2468
2013-11-02,,,9.5,,,,,,
2013-11-03,,,9.5,,,,,,
2013-11-04,,0.035657,9.5,,,,,,2.2426
2013-11-05,,0.035657,9.5,,,,,,2.2747
2013-11-06,,0.035657,9.5,,,,,,2.2785
2013-11-07,,0.035657,9.5,,,,,,2.2825
2013-11-08,,0.035657,9.5,,,,,,2.317
2013-11-09,,,9.5,,,,,,
2013-11-10,,,9.5,,,,,,
2013-11-11,,0.035657,9.5,,,,,,2.3142
2013-11-12,,0.035657,9.5,,,,,,2.3362
2013-11-13,,0.035657,9.5,,,,,,2.3234
2013-11-14,,0.035657,9.5,,,,,,2.3289
2013-11-15,,,9.5,,,,,,
2013-11-16,,,9.5,,,,,,
2013-11-17,,,9.5,,,,,,
2013-11-18,,0.035657,9.5,,,,,,2.2828
2013-11-19,,0.035657,9.5,,,,,,2.2662
2013-11-20,,0.035657,9.5,,,,,,2.2726
2013-11-21,,0.035657,9.5,,,,,,2.3067
2013-11-22,,0.035657,9.5,,,,,,2.2913
2013-11-23,,,9.5,,,,,,
2013-11-24,,,9.5,,,,,,
2013-11-25,,0.035657,9.5,,,,,,2.2871
2013-11-26,,0.035657,9.5,,,,,,2.304
2013-11-27,,0.035657,9.5,,,,,,2.3058
2013-11-28,,0.037468,10.0,,,,,,2.3208
2013-11-29,,0.037468,10.0,,,,,,2.3249
2013-11-30,,,10.0,,,,,,
2013-12-01,0.92,,10.0,6.2,0.89,141.76,467253.8,-471378.74,
2013-12-02,,0.037468,10.0,,,,,,2.3449
2013-12-03,,0.037468,10.0,,,,,,2.3558
2013-12-04,,0.037468,10.0,,,,,,2.374
2013-12-05,,0.037468,10.0,,,,,,2.3747
2013-12-06,,0.037431,10.0,,,,,,2.3525
2013-12-07,,,10.0,,,,,,
2013-12-08,,,10.0,,,,,,
2013-12-09,,0.037468,10.0,,,,,,2.3225
2013-12-10,,0.037468,10.0,,,,,,2.3102
2013-12-11,,0.037468,10.0,,,,,,2.3262
2013-12-12,,0.037468,10.0,,,,,,2.3338
2013-12-13,,0.037468,10.0,,,,,,2.3354
2013-12-14,,,10.0,,,,,,
2013-12-15,,,10.0,,,,,,
2013-12-16,,0.037468,10.0,,,,,,2.3255
2013-12-17,,0.037468,10.0,,,,,,2.3221
2013-12-18,,0.037468,10.0,,,,,,2.3274
2013-12-19,,0.037468,10.0,,,,,,2.3528
2013-12-20,,0.037468,10.0,,,,,,2.3817
2013-12-21,,,10.0,,,,,,
2013-12-22,,,10.0,,,,,,
2013-12-23,,0.037468,10.0,,,,,,2.3706
2013-12-24,,0.037468,10.0,,,,,,2.3554
2013-12-25,,,10.0,,,,,,
2013-12-26,,0.037468,10.0,,,,,,2.3507
2013-12-27,,0.037468,10.0,,,,,,2.3538
2013-12-28,,,10.0,,,,,,
2013-12-01,0.92,,,6.2,0.89,141.76,467253.8,-471378.74,
2013-12-29,,,10.0,,,,,,
2013-12-30,,0.037468,10.0,,,,,,2.3426
2013-12-31,,0.037468,10.0,,,,,,2.3426
2014-01-01,0.55,,10.0,6.5,0.84,144.83,453273.1,-490536.26,
2014-01-02,,0.037468,10.0,,,,,,2.3975
2014-01-03,,0.037468,10.0,,,,,,2.3741
2014-01-04,,,10.0,,,,,,
2014-01-05,,,10.0,,,,,,
2014-01-06,,0.037468,10.0,,,,,,2.3789
2014-01-07,,0.037468,10.0,,,,,,2.3634
2014-01-08,,0.037468,10.0,,,,,,2.3779
2014-01-09,,0.037468,10.0,,,,,,2.396
2014-01-10,,0.037468,10.0,,,,,,2.3819
2014-01-11,,,10.0,,,,,,
2014-01-12,,,10.0,,,,,,
2014-01-13,,0.037468,10.0,,,,,,2.3491
2014-01-14,,0.037468,10.0,,,,,,2.3617
2014-01-15,,0.037468,10.0,,,,,,2.347
2014-01-16,,0.03927,10.5,,,,,,2.3683
2014-01-17,,0.03927,10.5,,,,,,2.3601
2014-01-18,,,10.5,,,,,,
2014-01-19,,,10.5,,,,,,
2014-01-20,,0.03927,10.5,,,,,,2.3335
2014-01-21,,0.03927,10.5,,,,,,2.3608
2014-01-22,,0.03927,10.5,,,,,,2.3601
2014-01-23,,0.03927,10.5,,,,,,2.3761
2014-01-24,,0.03927,10.5,,,,,,2.4129
2014-01-25,,,10.5,,,,,,
2014-01-26,,,10.5,,,,,,
2014-01-27,,0.03927,10.5,,,,,,2.4044
2014-01-28,,0.03927,10.5,,,,,,2.4165
2014-01-29,,0.03927,10.5,,,,,,2.4397
2014-01-30,,0.03927,10.5,,,,,,2.4224
2014-01-31,,0.03927,10.5,,,,,,2.4263
2014-02-01,0.69,,10.5,6.8,0.56,151.74,455504.9,-454699.1,
2014-02-02,,,10.5,,,,,,
2014-02-03,,0.03927,10.5,,,,,,2.409
2014-02-04,,0.03927,10.5,,,,,,2.4177
2014-02-05,,0.03927,10.5,,,,,,2.4106
2014-02-06,,0.03927,10.5,,,,,,2.4041
2014-02-07,,0.03927,10.5,,,,,,2.3817
2014-02-08,,,10.5,,,,,,
2014-02-09,,,10.5,,,,,,
2014-02-10,,0.03927,10.5,,,,,,2.3936
2014-02-11,,0.03927,10.5,,,,,,2.4076
2014-02-12,,0.03927,10.5,,,,,,2.4086
2014-02-13,,0.03927,10.5,,,,,,2.4238
2014-02-14,,0.03927,10.5,,,,,,2.3924
2014-02-15,,,10.5,,,,,,
2014-02-16,,,10.5,,,,,,
2014-02-17,,0.03927,10.5,,,,,,2.387
2014-02-18,,0.03927,10.5,,,,,,2.3983
2014-02-19,,0.03927,10.5,,,,,,2.3986
2014-02-20,,0.03927,10.5,,,,,,2.3799
2014-02-21,,0.03927,10.5,,,,,,2.3625
2014-02-22,,,10.5,,,,,,
2014-02-23,,,10.5,,,,,,
2014-02-24,,0.03927,10.5,,,,,,2.3391
2014-02-25,,0.03927,10.5,,,,,,2.3367
2014-02-26,,0.03927,10.5,,,,,,2.3454
2014-02-27,,0.040168,10.75,,,,,,2.3436
2014-02-28,,0.040168,10.75,,,,,,2.3334
2014-03-01,0.92,,10.75,7.2,1.92,154.33,477203.1,-413006.9,
2014-03-02,,,10.75,,,,,,
2014-03-03,,,10.75,,,,,,
2014-03-04,,,10.75,,,,,,
2014-03-05,,0.040168,10.75,,,,,,2.324
2014-03-06,,0.040168,10.75,,,,,,2.3094
2014-03-07,,0.040168,10.75,,,,,,2.3382
2014-03-08,,,10.75,,,,,,
2014-03-09,,,10.75,,,,,,
2014-03-10,,0.040168,10.75,,,,,,2.341
2014-03-11,,0.040168,10.75,,,,,,2.3461
2014-03-12,,0.040168,10.75,,,,,,2.3649
2014-03-13,,0.040168,10.75,,,,,,2.3486
2014-03-14,,0.040168,10.75,,,,,,2.3638
2014-03-15,,,10.75,,,,,,
2014-03-16,,,10.75,,,,,,
2014-03-17,,0.040168,10.75,,,,,,2.3518
2014-03-18,,0.040168,10.75,,,,,,2.3522
2014-03-19,,0.040168,10.75,,,,,,2.3338
2014-03-20,,0.040168,10.75,,,,,,2.342
2014-03-21,,0.040168,10.75,,,,,,2.3245
2014-03-22,,,10.75,,,,,,
2014-03-23,,,10.75,,,,,,
2014-03-24,,0.040168,10.75,,,,,,2.3248
2014-03-25,,0.040168,10.75,,,,,,2.3124
2014-03-26,,0.040168,10.75,,,,,,2.3119
2014-03-27,,0.040168,10.75,,,,,,2.283
2014-03-28,,0.040168,10.75,,,,,,2.2603
2014-03-29,,,10.75,,,,,,
2014-03-30,,,10.75,,,,,,
2014-03-31,,0.040168,10.75,,,,,,2.263
2014-04-01,0.67,0.040168,10.75,7.2,1.19,149.81,479730.3,-396456.09,2.262
2014-04-02,,0.040168,10.75,,,,,,2.2711
2014-04-03,,0.041063,11.0,,,,,,2.2811
2014-04-04,,0.041063,11.0,,,,,,2.242
2014-04-05,,,11.0,,,,,,
2014-04-06,,,11.0,,,,,,
2014-04-07,,0.041063,11.0,,,,,,2.2326
2014-04-08,,0.041063,11.0,,,,,,2.1974
2014-04-09,,0.041063,11.0,,,,,,2.2111
2014-04-10,,0.041063,11.0,,,,,,2.1987
2014-04-11,,0.041063,11.0,,,,,,2.2059
2014-04-12,,,11.0,,,,,,
2014-04-13,,,11.0,,,,,,
2014-04-14,,0.041063,11.0,,,,,,2.2096
2014-04-15,,0.041063,11.0,,,,,,2.2257
2014-04-16,,0.041063,11.0,,,,,,2.2342
2014-04-17,,0.041063,11.0,,,,,,2.2482
2014-04-18,,,11.0,,,,,,
2014-04-19,,,11.0,,,,,,
2014-04-20,,,11.0,,,,,,
2014-04-21,,,11.0,,,,,,
2014-04-22,,0.041063,11.0,,,,,,2.2449
2014-04-23,,0.041063,11.0,,,,,,2.2426
2014-04-24,,0.041063,11.0,,,,,,2.2229
2014-04-25,,0.041063,11.0,,,,,,2.2325
2014-04-26,,,11.0,,,,,,
2014-04-27,,,11.0,,,,,,
2014-04-28,,0.041063,11.0,,,,,,2.237
2014-04-29,,0.041063,11.0,,,,,,2.2199
2014-04-30,,0.041063,11.0,,,,,,2.236
2014-05-01,0.46,,11.0,7.0,0.58,146.61,481273.6,-398213.03,
2014-05-02,,0.041063,11.0,,,,,,2.2221
2014-05-03,,,11.0,,,,,,
2014-05-04,,,11.0,,,,,,
2014-05-05,,0.041063,11.0,,,,,,2.2286
2014-05-06,,0.041063,11.0,,,,,,2.2322
2014-05-07,,0.041063,11.0,,,,,,2.2282
2014-05-08,,0.041063,11.0,,,,,,2.2107
2014-05-09,,0.041063,11.0,,,,,,2.2192
2014-05-10,,,11.0,,,,,,
2014-05-11,,,11.0,,,,,,
2014-05-12,,0.041063,11.0,,,,,,2.2164
2014-05-13,,0.041063,11.0,,,,,,2.2101
2014-05-14,,0.041063,11.0,,,,,,2.2129
2014-05-15,,0.041063,11.0,,,,,,2.2166
2014-05-16,,0.041063,11.0,,,,,,2.211
2014-05-17,,,11.0,,,,,,
2014-05-18,,,11.0,,,,,,
2014-05-19,,0.041063,11.0,,,,,,2.2111
2014-05-20,,0.041063,11.0,,,,,,2.2156
2014-05-21,,0.041063,11.0,,,,,,2.2111
2014-05-22,,0.041063,11.0,,,,,,2.2131
2014-05-23,,0.041063,11.0,,,,,,2.2187
2014-05-24,,,11.0,,,,,,
2014-05-25,,,11.0,,,,,,
2014-05-26,,0.041063,11.0,,,,,,2.2209
2014-05-27,,0.041063,11.0,,,,,,2.2354
2014-05-28,,0.041063,11.0,,,,,,2.2405
2014-05-29,,0.041063,11.0,,,,,,2.2251
2014-05-30,,0.041063,11.0,,,,,,2.239
2014-05-31,,,11.0,,,,,,
2014-06-01,0.4,,11.0,6.9,-0.11,144.63,461317.9,-375826.75,
2014-06-02,,0.041063,11.0,,,,,,2.264
2014-06-03,,0.041063,11.0,,,,,,2.2654
2014-06-04,,0.041063,11.0,,,,,,2.2802
2014-06-05,,0.041063,11.0,,,,,,2.2695
2014-06-06,,0.041063,11.0,,,,,,2.2445
2014-06-07,,,11.0,,,,,,
2014-06-08,,,11.0,,,,,,
2014-06-09,,0.041063,11.0,,,,,,2.2336
2014-06-10,,0.041063,11.0,,,,,,2.2296
2014-06-11,,0.041063,11.0,,,,,,2.2307
2014-06-12,,0.041063,11.0,,,,,,2.2306
2014-06-13,,0.041063,11.0,,,,,,2.2347
2014-06-14,,,11.0,,,,,,
2014-06-15,,,11.0,,,,,,
2014-06-16,,0.041063,11.0,,,,,,2.2313
2014-06-17,,0.041063,11.0,,,,,,2.2486
2014-06-18,,0.041063,11.0,,,,,,2.2534
2014-06-19,,,11.0,,,,,,
2014-06-20,,0.041063,11.0,,,,,,2.238
2014-06-21,,,11.0,,,,,,
2014-06-22,,,11.0,,,,,,
2014-06-23,,0.041063,11.0,,,,,,2.2195
2014-06-24,,0.041063,11.0,,,,,,2.2217
2014-06-25,,0.041063,11.0,,,,,,2.2052
2014-06-26,,0.041063,11.0,,,,,,2.2089
2014-06-27,,0.041063,11.0,,,,,,2.1975
2014-06-28,,,11.0,,,,,,
2014-06-29,,,11.0,,,,,,
2014-06-30,,0.041063,11.0,,,,,,2.2025
2014-07-01,0.01,0.041063,11.0,7.0,-0.15,141.69,486870.1,-393364.68,2.2054
2014-07-02,,0.041063,11.0,,,,,,2.2134
2014-07-03,,0.041063,11.0,,,,,,2.2281
2014-07-04,,0.041063,11.0,,,,,,2.2149
2014-07-05,,,11.0,,,,,,
2014-07-06,,,11.0,,,,,,
2014-07-07,,0.041063,11.0,,,,,,2.2201
2014-07-08,,0.041063,11.0,,,,,,2.215
2014-07-09,,0.041063,11.0,,,,,,2.2139
2014-07-10,,0.041063,11.0,,,,,,2.2237
2014-07-11,,0.041063,11.0,,,,,,2.2228
2014-07-12,,,11.0,,,,,,
2014-07-13,,,11.0,,,,,,
2014-07-14,,0.041063,11.0,,,,,,2.2176
2014-07-15,,0.041063,11.0,,,,,,2.2195
2014-07-16,,0.041063,11.0,,,,,,2.2193
2014-07-17,,0.041063,11.0,,,,,,2.2403
2014-07-18,,0.041063,11.0,,,,,,2.2362
2014-07-19,,,11.0,,,,,,
2014-07-20,,,11.0,,,,,,
2014-07-21,,0.041063,11.0,,,,,,2.2238
2014-07-22,,0.041063,11.0,,,,,,2.2129
2014-07-23,,0.041063,11.0,,,,,,2.2202
2014-07-24,,0.041063,11.0,,,,,,2.2204
2014-07-25,,0.041063,11.0,,,,,,2.2293
2014-07-26,,,11.0,,,,,,
2014-07-27,,,11.0,,,,,,
2014-07-28,,0.041063,11.0,,,,,,2.2302
2014-07-29,,0.041063,11.0,,,,,,2.2278
2014-07-30,,0.041063,11.0,,,,,,2.2447
2014-07-31,,0.041063,11.0,,,,,,2.2674
2014-08-01,0.25,0.041063,11.0,7.0,-0.15,138.89,483776.6,-372833.46,2.2607
2014-08-02,,,11.0,,,,,,
2014-08-03,,,11.0,,,,,,
2014-08-04,,0.041063,11.0,,,,,,2.2577
2014-08-05,,0.041063,11.0,,,,,,2.2756
2014-08-06,,0.041063,11.0,,,,,,2.279
2014-08-07,,0.041063,11.0,,,,,,2.2802
2014-08-08,,0.041063,11.0,,,,,,2.2986
2014-08-09,,,11.0,,,,,,
2014-08-10,,,11.0,,,,,,
2014-08-11,,0.041063,11.0,,,,,,2.2779
2014-08-12,,0.041063,11.0,,,,,,2.277
2014-08-13,,0.041063,11.0,,,,,,2.2692
2014-08-14,,0.041063,11.0,,,,,,2.2703
2014-08-15,,0.041099,11.0,,,,,,2.269
2014-08-16,,,11.0,,,,,,
2014-08-17,,,11.0,,,,,,
2014-08-18,,0.041063,11.0,,,,,,2.2595
2014-08-19,,0.041063,11.0,,,,,,2.2587
2014-08-20,,0.041099,11.0,,,,,,2.255
2014-08-21,,0.041099,11.0,,,,,,2.2582
2014-08-22,,0.041063,11.0,,,,,,2.2778
2014-08-23,,,11.0,,,,,,
2014-08-24,,,11.0,,,,,,
2014-08-25,,0.041063,11.0,,,,,,2.2808
2014-08-26,,0.041063,11.0,,,,,,2.2748
2014-08-27,,0.041063,11.0,,,,,,2.2591
2014-08-28,,0.041063,11.0,,,,,,2.2499
2014-08-29,,0.041063,11.0,,,,,,2.2396
2014-08-30,,,11.0,,,,,,
2014-08-31,,,11.0,,,,,,
2014-09-01,0.57,0.041063,11.0,6.8,0.78,142.98,491478.7,-422856.63,2.2364
2014-09-02,,0.041063,11.0,,,,,,2.2521
2014-09-03,,0.041063,11.0,,,,,,2.2319
2014-09-04,,0.041063,11.0,,,,,,2.2356
2014-09-05,,0.041063,11.0,,,,,,2.2416
2014-09-06,,,11.0,,,,,,
2014-09-07,,,11.0,,,,,,
2014-09-08,,0.041063,11.0,,,,,,2.2491
2014-09-09,,0.041063,11.0,,,,,,2.2813
2014-09-10,,0.041063,11.0,,,,,,2.2967
2014-09-11,,0.041063,11.0,,,,,,2.288
2014-09-12,,0.041063,11.0,,,,,,2.3251
2014-09-13,,,11.0,,,,,,
2014-09-14,,,11.0,,,,,,
2014-09-15,,0.041063,11.0,,,,,,2.3401
2014-09-16,,0.041063,11.0,,,,,,2.3351
2014-09-17,,0.041063,11.0,,,,,,2.3384
2014-09-18,,0.041063,11.0,,,,,,2.3668
2014-09-19,,0.041063,11.0,,,,,,2.3656
2014-09-20,,,11.0,,,,,,
2014-09-21,,,11.0,,,,,,
2014-09-22,,0.041063,11.0,,,,,,2.387
2014-09-23,,0.041063,11.0,,,,,,2.4026
2014-09-24,,0.041063,11.0,,,,,,2.407
2014-09-25,,0.041063,11.0,,,,,,2.4085
2014-09-26,,0.041063,11.0,,,,,,2.431
2014-09-27,,,11.0,,,,,,
2014-09-28,,,11.0,,,,,,
2014-09-29,,0.041063,11.0,,,,,,2.4522
2014-09-30,,0.041063,11.0,,,,,,2.451
2014-10-01,0.42,0.041063,11.0,6.7,0.46,153.56,509092.3,-405750.13,2.4623
2014-10-02,,0.041063,11.0,,,,,,2.4785
2014-10-03,,0.041063,11.0,,,,,,2.4932
2014-10-04,,,11.0,,,,,,
2014-10-05,,,11.0,,,,,,
2014-10-06,,0.041063,11.0,,,,,,2.4098
2014-10-07,,0.041063,11.0,,,,,,2.4038
2014-10-08,,0.041063,11.0,,,,,,2.4072
2014-10-09,,0.041063,11.0,,,,,,2.3914
2014-10-10,,0.041063,11.0,,,,,,2.4103
2014-10-11,,,11.0,,,,,,
2014-10-12,,,11.0,,,,,,
2014-10-13,,0.041063,11.0,,,,,,2.3923
2014-10-14,,0.041063,11.0,,,,,,2.3991
2014-10-15,,0.041063,11.0,,,,,,2.4316
2014-10-16,,0.041063,11.0,,,,,,2.477
2014-10-17,,0.041063,11.0,,,,,,2.4477
2014-10-18,,,11.0,,,,,,
2014-10-19,,,11.0,,,,,,
2014-10-20,,0.041063,11.0,,,,,,2.4554
2014-10-21,,0.041063,11.0,,,,,,2.4797
2014-10-22,,0.041063,11.0,,,,,,2.4781
2014-10-23,,0.041063,11.0,,,,,,2.5004
2014-10-24,,0.041063,11.0,,,,,,2.4805
2014-10-25,,,11.0,,,,,,
2014-10-26,,,11.0,,,,,,
2014-10-27,,0.041063,11.0,,,,,,2.5341
2014-10-28,,0.041063,11.0,,,,,,2.4869
2014-10-29,,0.041063,11.0,,,,,,2.4346
2014-10-30,,0.041957,11.25,,,,,,2.4119
2014-10-31,,0.041957,11.25,,,,,,2.4442
2014-11-01,0.51,,11.25,6.6,0.77,159.39,498553.2,-440486.08,
2014-11-02,,,11.25,,,,,,
2014-11-03,,0.041957,11.25,,,,,,2.4839
2014-11-04,,0.041957,11.25,,,,,,2.5195
2014-11-05,,0.041957,11.25,,,,,,2.5168
2014-11-06,,0.041957,11.25,,,,,,2.5325
2014-11-07,,0.041957,11.25,,,,,,2.5721
2014-11-08,,,11.25,,,,,,
2014-11-09,,,11.25,,,,,,
2014-11-10,,0.041957,11.25,,,,,,2.539
2014-11-11,,0.041957,11.25,,,,,,2.5644
2014-11-12,,0.041957,11.25,,,,,,2.555
2014-11-13,,0.041957,11.25,,,,,,2.5725
2014-11-14,,0.041957,11.25,,,,,,2.6136
2014-11-15,,,11.25,,,,,,
2014-11-16,,,11.25,,,,,,
2014-11-17,,0.041957,11.25,,,,,,2.6035
2014-11-18,,0.041957,11.25,,,,,,2.5967
2014-11-19,,0.041957,11.25,,,,,,2.5849
2014-11-20,,0.041957,11.25,,,,,,2.545
2014-11-21,,0.041957,11.25,,,,,,2.5391
2014-11-22,,,11.25,,,,,,
2014-11-23,,,11.25,,,,,,
2014-11-24,,0.041957,11.25,,,,,,2.5282
2014-11-25,,0.041957,11.25,,,,,,2.5237
2014-11-26,,0.041957,11.25,,,,,,2.5103
2014-11-27,,0.041957,11.25,,,,,,2.5065
2014-11-28,,0.041957,11.25,,,,,,2.5601
2014-11-29,,,11.25,,,,,,
2014-11-30,,,11.25,,,,,,
2014-12-01,0.78,0.041957,11.25,6.6,1.08,162.05,500879.2,-483658.4,2.5624
2014-12-02,,0.041957,11.25,,,,,,2.5664
2014-12-03,,0.041957,11.25,,,,,,2.5607
2014-12-04,,0.043739,11.75,,,,,,2.5797
2014-12-05,,0.043739,11.75,,,,,,2.5888
2014-12-06,,,11.75,,,,,,
2014-12-07,,,11.75,,,,,,
2014-12-08,,0.043739,11.75,,,,,,2.5923
2014-12-09,,0.043739,11.75,,,,,,2.6016
2014-12-10,,0.043739,11.75,,,,,,2.5931
2014-12-11,,0.043739,11.75,,,,,,2.6271
2014-12-12,,0.043739,11.75,,,,,,2.6558
2014-12-13,,,11.75,,,,,,
2014-12-14,,,11.75,,,,,,
2014-12-15,,0.043739,11.75,,,,,,2.6717
2014-12-16,,0.043739,11.75,,,,,,2.7403
2014-12-17,,0.043739,11.75,,,,,,2.7246
2014-12-18,,0.043739,11.75,,,,,,2.6676
2014-12-19,,0.043739,11.75,,,,,,2.6486
2014-12-20,,,11.75,,,,,,
2014-12-21,,,11.75,,,,,,
2014-12-22,,0.043739,11.75,,,,,,2.6527
2014-12-23,,0.043739,11.75,,,,,,2.6775
2014-12-24,,0.043739,11.75,,,,,,2.6832
2014-12-25,,,11.75,,,,,,
2014-12-26,,0.043739,11.75,,,,,,2.6812
2014-12-27,,,11.75,,,,,,
2014-12-28,,,11.75,,,,,,
2014-12-29,,0.043739,11.75,,,,,,2.6783
2014-12-30,,0.043739,11.75,,,,,,2.6562
2014-12-31,,0.043739,11.75,,,,,,2.6562
2015-01-01,1.24,,11.75,6.9,1.48,156.59,474623.3,-454928.88,
2015-01-02,,0.043739,11.75,,,,,,2.6929
2015-01-03,,,11.75,,,,,,
2015-01-04,,,11.75,,,,,,
2015-01-05,,0.043739,11.75,,,,,,2.7107
2015-01-06,,0.043739,11.75,,,,,,2.7023
2015-01-07,,0.043739,11.75,,,,,,2.6807
2015-01-08,,0.043739,11.75,,,,,,2.6919
2015-01-09,,0.043739,11.75,,,,,,2.6583
2015-01-10,,,11.75,,,,,,
2015-01-11,,,11.75,,,,,,
2015-01-12,,0.043739,11.75,,,,,,2.6575
2015-01-13,,0.043739,11.75,,,,,,2.6485
2015-01-14,,0.043739,11.75,,,,,,2.6222
2015-01-15,,0.043739,11.75,,,,,,2.6122
2015-01-16,,0.043739,11.75,,,,,,2.6193
2015-01-17,,,11.75,,,,,,
2015-01-18,,,11.75,,,,,,
2015-01-19,,0.043739,11.75,,,,,,2.6243
2015-01-20,,0.043739,11.75,,,,,,2.6247
2015-01-21,,0.043739,11.75,,,,,,2.5968
2015-01-22,,0.045513,12.25,,,,,,2.5754
2015-01-23,,0.045513,12.25,,,,,,2.5856
2015-01-24,,,12.25,,,,,,
2015-01-25,,,12.25,,,,,,
2015-01-26,,0.045513,12.25,,,,,,2.5966
2015-01-27,,0.045513,12.25,,,,,,2.5809
2015-01-28,,0.045513,12.25,,,,,,2.5797
2015-01-29,,0.045513,12.25,,,,,,2.596
2015-01-30,,0.045513,12.25,,,,,,2.6623
2015-01-31,,,12.25,,,,,,
2015-02-01,1.22,,12.25,7.5,0.81,162.47,467011.1,-514401.03,
2015-02-02,,0.045513,12.25,,,,,,2.6894
2015-02-03,,0.045513,12.25,,,,,,2.7059
2015-02-04,,0.045513,12.25,,,,,,2.7148
2015-02-05,,0.045513,12.25,,,,,,2.7386
2015-02-06,,0.045513,12.25,,,,,,2.7641
2015-02-07,,,12.25,,,,,,
2015-02-08,,,12.25,,,,,,
2015-02-09,,0.045513,12.25,,,,,,2.7873
2015-02-10,,0.045513,12.25,,,,,,2.8075
2015-02-11,,0.045513,12.25,,,,,,2.8576
2015-02-12,,0.045513,12.25,,,,,,2.8625
2015-02-13,,0.045513,12.25,,,,,,2.8392
2015-02-14,,,12.25,,,,,,
2015-02-15,,,12.25,,,,,,
2015-02-16,,,12.25,,,,,,
2015-02-17,,,12.25,,,,,,
2015-02-18,,0.045513,12.25,,,,,,2.843
2015-02-19,,0.045513,12.25,,,,,,2.8545
2015-02-20,,0.045513,12.25,,,,,,2.8701
2015-02-21,,,12.25,,,,,,
2015-02-22,,,12.25,,,,,,
2015-02-23,,0.045513,12.25,,,,,,2.8811
2015-02-24,,0.045513,12.25,,,,,,2.8649
2015-02-25,,0.045513,12.25,,,,,,2.8646
2015-02-26,,0.045513,12.25,,,,,,2.8728
2015-02-27,,0.045513,12.25,,,,,,2.8782
2015-02-28,,,12.25,,,,,,
2015-03-01,1.32,,12.25,8.0,1.17,175.44,515024.3,-605271.16,
2015-03-02,,0.045513,12.25,,,,,,2.8655
2015-03-03,,0.045513,12.25,,,,,,2.9051
2015-03-04,,0.045513,12.25,,,,,,2.9804
2015-03-05,,0.047279,12.75,,,,,,2.9931
2015-03-06,,0.047279,12.75,,,,,,3.0366
2015-03-07,,,12.75,,,,,,
2015-03-08,,,12.75,,,,,,
2015-03-09,,0.047279,12.75,,,,,,3.1018
2015-03-10,,0.047279,12.75,,,,,,3.1299
2015-03-11,,0.047279,12.75,,,,,,3.1162
2015-03-12,,0.047279,12.75,,,,,,3.1171
2015-03-13,,0.047279,12.75,,,,,,3.2264
2015-03-14,,,12.75,,,,,,
2015-03-15,,,12.75,,,,,,
2015-03-16,,0.047279,12.75,,,,,,3.2257
2015-03-17,,0.047279,12.75,,,,,,3.2683
2015-03-18,,0.047279,12.75,,,,,,3.2518
2015-03-19,,0.047279,12.75,,,,,,3.2642
2015-03-20,,0.047279,12.75,,,,,,3.2423
2015-03-21,,,12.75,,,,,,
2015-03-22,,,12.75,,,,,,
2015-03-23,,0.047279,12.75,,,,,,3.18
2015-03-24,,0.047279,12.75,,,,,,3.131
2015-03-25,,0.047279,12.75,,,,,,3.1476
2015-03-26,,0.047279,12.75,,,,,,3.1915
2015-03-27,,0.047279,12.75,,,,,,3.2259
2015-03-28,,,12.75,,,,,,
2015-03-29,,,12.75,,,,,,
2015-03-30,,0.047279,12.75,,,,,,3.2601
2015-03-31,,0.047279,12.75,,,,,,3.208
2015-04-01,0.71,0.047279,12.75,8.1,0.97,171.26,497142.0,-528658.58,3.1556
2015-04-02,,0.047279,12.75,,,,,,3.1492
2015-04-03,,,12.75,,,,,,
2015-04-04,,,12.75,,,,,,
2015-04-05,,,12.75,,,,,,
2015-04-06,,0.047279,12.75,,,,,,3.0926
2015-04-07,,0.047279,12.75,,,,,,3.1231
2015-04-08,,0.047279,12.75,,,,,,3.0834
2015-04-09,,0.047279,12.75,,,,,,3.0466
2015-04-10,,0.047279,12.75,,,,,,3.0796
2015-04-11,,,12.75,,,,,,
2015-04-12,,,12.75,,,,,,
2015-04-13,,0.047279,12.75,,,,,,3.1011
2015-04-14,,0.047279,12.75,,,,,,3.088
2015-04-15,,0.047279,12.75,,,,,,3.0681
2015-04-16,,0.047279,12.75,,,,,,3.0249
2015-04-17,,0.047279,12.75,,,,,,3.0544
2015-04-18,,,12.75,,,,,,
2015-04-19,,,12.75,,,,,,
2015-04-20,,0.047279,12.75,,,,,,3.0473
2015-04-21,,,12.75,,,,,,
2015-04-22,,0.047279,12.75,,,,,,3.0186
2015-04-23,,0.047279,12.75,,,,,,3.0084
2015-04-24,,0.047279,12.75,,,,,,2.9745
2015-04-25,,,12.75,,,,,,
2015-04-26,,,12.75,,,,,,
2015-04-27,,0.047314,12.75,,,,,,2.9236
2015-04-28,,0.04735,12.75,,,,,,2.8943
2015-04-29,,0.04735,12.75,,,,,,2.9375
2015-04-30,,0.049037,13.25,,,,,,2.9936
2015-05-01,0.74,,13.25,8.2,1.37,171.9,492265.6,-582078.87,
2015-05-02,,,13.25,,,,,,
2015-05-03,,,13.25,,,,,,
2015-05-04,,0.049037,13.25,,,,,,3.0754
2015-05-05,,0.049037,13.25,,,,,,3.0626
2015-05-06,,0.049037,13.25,,,,,,3.042
2015-05-07,,0.049037,13.25,,,,,,3.0421
2015-05-08,,0.049037,13.25,,,,,,2.9966
2015-05-09,,,13.25,,,,,,
2015-05-10,,,13.25,,,,,,
2015-05-11,,0.049037,13.25,,,,,,3.0175
2015-05-12,,0.049037,13.25,,,,,,3.0389
2015-05-13,,0.049037,13.25,,,,,,3.0103
2015-05-14,,0.049037,13.25,,,,,,3.0032
2015-05-15,,0.049037,13.25,,,,,,2.9894
2015-05-16,,,13.25,,,,,,
2015-05-17,,,13.25,,,,,,
2015-05-18,,0.049037,13.25,,,,,,3.0145
2015-05-19,,0.049037,13.25,,,,,,3.0284
2015-05-20,,0.049037,13.25,,,,,,3.0347
2015-05-21,,0.049037,13.25,,,,,,3.0295
2015-05-22,,0.049037,13.25,,,,,,3.0653
2015-05-23,,,13.25,,,,,,
2015-05-24,,,13.25,,,,,,
2015-05-25,,0.049037,13.25,,,,,,3.1212
2015-05-26,,0.049037,13.25,,,,,,3.1351
2015-05-27,,0.049037,13.25,,,,,,3.174
2015-05-28,,0.049037,13.25,,,,,,3.1748
2015-05-29,,0.049037,13.25,,,,,,3.1788
2015-05-30,,,13.25,,,,,,
2015-05-31,,,13.25,,,,,,
2015-06-01,0.79,0.049037,13.25,8.4,0.63,175.76,490562.2,-556750.11,3.1789
2015-06-02,,0.049037,13.25,,,,,,3.1443
2015-06-03,,0.049037,13.25,,,,,,3.1184
2015-06-04,,,13.75,,,,,,
2015-06-05,,0.050788,13.75,,,,,,3.1684
2015-06-06,,,13.75,,,,,,
2015-06-07,,,13.75,,,,,,
2015-06-08,,0.050788,13.75,,,,,,3.119
2015-06-09,,0.050788,13.75,,,,,,3.0991
2015-06-10,,0.050788,13.75,,,,,,3.0843
2015-06-11,,0.050788,13.75,,,,,,3.1514
2015-06-12,,0.050788,13.75,,,,,,3.1107
2015-06-13,,,13.75,,,,,,
2015-06-14,,,13.75,,,,,,
2015-06-15,,0.050788,13.75,,,,,,3.1036
2015-06-16,,0.050788,13.75,,,,,,3.1082
2015-06-17,,0.050788,13.75,,,,,,3.0989
2015-06-18,,0.050788,13.75,,,,,,3.0472
2015-06-19,,0.050788,13.75,,,,,,3.0788
2015-06-20,,,13.75,,,,,,
2015-06-21,,,13.75,,,,,,
2015-06-22,,0.050788,13.75,,,,,,3.0757
2015-06-23,,0.050788,13.75,,,,,,3.1042
2015-06-24,,0.050788,13.75,,,,,,3.0852
2015-06-25,,0.050788,13.75,,,,,,3.1015
2015-06-26,,0.050788,13.75,,,,,,3.1271
2015-06-27,,,13.75,,,,,,
2015-06-28,,,13.75,,,,,,
2015-06-29,,0.050788,13.75,,,,,,3.139
2015-06-30,,0.050788,13.75,,,,,,3.1026
2015-07-01,0.62,0.050788,13.75,8.6,0.65,184.09,507278.0,-661136.26,3.1191
2015-07-02,,0.050788,13.75,,,,,,3.1173
2015-07-03,,0.050788,13.75,,,,,,3.1271
2015-07-04,,,13.75,,,,,,
2015-07-05,,,13.75,,,,,,
2015-07-06,,0.050788,13.75,,,,,,3.1431
2015-07-07,,0.050788,13.75,,,,,,3.1809
2015-07-08,,0.050788,13.75,,,,,,3.2282
2015-07-09,,0.050788,13.75,,,,,,3.2163
2015-07-10,,0.050788,13.75,,,,,,3.1897
2015-07-11,,,13.75,,,,,,
2015-07-12,,,13.75,,,,,,
2015-07-13,,0.050788,13.75,,,,,,3.1594
2015-07-14,,0.050788,13.75,,,,,,3.123
2015-07-15,,0.050788,13.75,,,,,,3.1532
2015-07-16,,0.050788,13.75,,,,,,3.1375
2015-07-17,,0.050788,13.75,,,,,,3.1832
2015-07-18,,,13.75,,,,,,
2015-07-19,,,13.75,,,,,,
2015-07-20,,0.050788,13.75,,,,,,3.2149
2015-07-21,,0.050788,13.75,,,,,,3.1813
2015-07-22,,0.050788,13.75,,,,,,3.2094
2015-07-23,,0.050788,13.75,,,,,,3.285
2015-07-24,,0.050788,13.75,,,,,,3.3254
2015-07-25,,,13.75,,,,,,
2015-07-26,,,13.75,,,,,,
2015-07-27,,0.050788,13.75,,,,,,3.3557
2015-07-28,,0.050788,13.75,,,,,,3.3815
2015-07-29,,0.050788,13.75,,,,,,3.3419
2015-07-30,,0.052531,14.25,,,,,,3.3652
2015-07-31,,0.052531,14.25,,,,,,3.394
2015-08-01,0.22,,14.25,8.8,-0.01,193.41,501274.9,-743045.75,
2015-08-02,,,14.25,,,,,,
2015-08-03,,0.052531,14.25,,,,,,3.4425
2015-08-04,,0.052531,14.25,,,,,,3.4675
2015-08-05,,0.052531,14.25,,,,,,3.4851
2015-08-06,,0.052531,14.25,,,,,,3.5347
2015-08-07,,0.052531,14.25,,,,,,3.5181
2015-08-08,,,14.25,,,,,,
2015-08-09,,,14.25,,,,,,
2015-08-10,,0.052531,14.25,,,,,,3.4909
2015-08-11,,0.052531,14.25,,,,,,3.4925
2015-08-12,,0.052531,14.25,,,,,,3.4826
2015-08-13,,0.052531,14.25,,,,,,3.5074
2015-08-14,,0.052531,14.25,,,,,,3.4761
2015-08-15,,,14.25,,,,,,
2015-08-16,,,14.25,,,,,,
2015-08-17,,0.052531,14.25,,,,,,3.4746
2015-08-18,,0.052531,14.25,,,,,,3.4811
2015-08-19,,0.052531,14.25,,,,,,3.4849
2015-08-20,,0.052531,14.25,,,,,,3.4751
2015-08-21,,0.052531,14.25,,,,,,3.4896
2015-08-22,,,14.25,,,,,,
2015-08-23,,,14.25,,,,,,
2015-08-24,,0.052531,14.25,,,,,,3.5494
2015-08-25,,0.052531,14.25,,,,,,3.5345
2015-08-26,,0.052531,14.25,,,,,,3.6326
2015-08-27,,0.052531,14.25,,,,,,3.5555
2015-08-28,,0.052531,14.25,,,,,,3.579
2015-08-29,,,14.25,,,,,,
2015-08-30,,,14.25,,,,,,
2015-08-31,,0.052531,14.25,,,,,,3.6467
2015-09-01,0.54,0.052531,14.25,9.0,0.24,210.3,499675.3,-855031.33,3.6725
2015-09-02,,0.052531,14.25,,,,,,3.7314
2015-09-03,,0.052531,14.25,,,,,,3.776
2015-09-04,,0.052531,14.25,,,,,,3.7986
2015-09-05,,,14.25,,,,,,
2015-09-06,,,14.25,,,,,,
2015-09-07,,,14.25,,,,,,
2015-09-08,,0.052531,14.25,,,,,,3.8028
2015-09-09,,0.052531,14.25,,,,,,3.787
2015-09-10,,0.052531,14.25,,,,,,3.8698
2015-09-11,,0.052531,14.25,,,,,,3.8698
2015-09-12,,,14.25,,,,,,
2015-09-13,,,14.25,,,,,,
2015-09-14,,0.052531,14.25,,,,,,3.8653
2015-09-15,,0.052531,14.25,,,,,,3.8599
2015-09-16,,0.052531,14.25,,,,,,3.8368
2015-09-17,,0.052531,14.25,,,,,,3.8921
2015-09-18,,0.052531,14.25,,,,,,3.9021
2015-09-19,,,14.25,,,,,,
2015-09-20,,,14.25,,,,,,
2015-09-21,,0.052531,14.25,,,,,,3.9821
2015-09-22,,0.052531,14.25,,,,,,4.0425
2015-09-23,,0.052531,14.25,,,,,,4.1041
2015-09-24,,0.052531,14.25,,,,,,4.1949
2015-09-25,,0.052531,14.25,,,,,,3.9479
2015-09-26,,,14.25,,,,,,
2015-09-27,,,14.25,,,,,,
2015-09-28,,0.052531,14.25,,,,,,4.0099
2015-09-29,,0.052531,14.25,,,,,,4.1172
2015-09-30,,0.052531,14.25,,,,,,3.9729
2015-10-01,0.82,0.052531,14.25,9.1,0.77,213.08,521331.7,-826462.09,3.9794
2015-10-02,,0.052531,14.25,,,,,,4.001
2015-10-03,,,14.25,,,,,,
2015-10-04,,,14.25,,,,,,
2015-10-05,,0.052531,14.25,,,,,,3.9141
2015-10-06,,0.052531,14.25,,,,,,3.8567
2015-10-07,,0.052531,14.25,,,,,,3.806
2015-10-08,,0.052531,14.25,,,,,,3.8517
2015-10-09,,0.052531,14.25,,,,,,3.7386
2015-10-10,,,14.25,,,,,,
2015-10-11,,,14.25,,,,,,
2015-10-12,,,14.25,,,,,,
2015-10-13,,0.052531,14.25,,,,,,3.825
2015-10-14,,0.052531,14.25,,,,,,3.8507
2015-10-15,,0.052531,14.25,,,,,,3.8344
2015-10-16,,0.052531,14.25,,,,,,3.8438
2015-10-17,,,14.25,,,,,,
2015-10-18,,,14.25,,,,,,
2015-10-19,,0.052531,14.25,,,,,,3.9015
2015-10-20,,0.052531,14.25,,,,,,3.8656
2015-10-21,,0.052531,14.25,,,,,,3.9386
2015-10-22,,0.052531,14.25,,,,,,3.936
2015-10-23,,0.052531,14.25,,,,,,3.8988
2015-10-24,,,14.25,,,,,,
2015-10-25,,,14.25,,,,,,
2015-10-26,,0.052531,14.25,,,,,,3.8582
2015-10-27,,0.052531,14.25,,,,,,3.9114
2015-10-28,,0.052531,14.25,,,,,,3.8797
2015-10-29,,0.052531,14.25,,,,,,3.9328
2015-10-30,,0.052531,14.25,,,,,,3.8589
2015-10-31,,,14.25,,,,,,
2015-11-01,1.01,,14.25,9.1,1.83,205.23,514155.4,-795776.8,
2015-11-02,,,14.25,,,,,,
2015-11-03,,0.052531,14.25,,,,,,3.8126
2015-11-04,,0.052531,14.25,,,,,,3.7687
2015-11-05,,0.052531,14.25,,,,,,3.7893
2015-11-06,,0.052531,14.25,,,,,,3.8059
2015-11-07,,,14.25,,,,,,
2015-11-08,,,14.25,,,,,,
2015-11-09,,0.052531,14.25,,,,,,3.7928
2015-11-10,,0.052531,14.25,,,,,,3.7981
2015-11-11,,0.052531,14.25,,,,,,3.7327
2015-11-12,,0.052531,14.25,,,,,,3.7996
2015-11-13,,0.052531,14.25,,,,,,3.8023
2015-11-14,,,14.25,,,,,,
2015-11-15,,,14.25,,,,,,
2015-11-16,,0.052531,14.25,,,,,,3.8336
2015-11-17,,0.052531,14.25,,,,,,3.8052
2015-11-18,,0.052531,14.25,,,,,,3.7921
2015-11-19,,0.052531,14.25,,,,,,3.7442
2015-11-20,,0.052531,14.25,,,,,,3.701
2015-11-21,,,14.25,,,,,,
2015-11-22,,,14.25,,,,,,
2015-11-23,,0.052531,14.25,,,,,,3.7231
2015-11-24,,0.052531,14.25,,,,,,3.7081
2015-11-25,,0.052531,14.25,,,,,,3.7688
2015-11-26,,0.052531,14.25,,,,,,3.7606
2015-11-27,,0.052531,14.25,,,,,,3.7399
2015-11-28,,,14.25,,,,,,
2015-11-29,,,14.25,,,,,,
2015-11-30,,0.052531,14.25,,,,,,3.8506
2015-12-01,0.96,0.052531,14.25,9.1,1.5,209.86,515443.2,-816850.42,3.8745
2015-12-02,,0.052531,14.25,,,,,,3.8545
2015-12-03,,0.052531,14.25,,,,,,3.797
2015-12-04,,0.052531,14.25,,,,,,3.7575
2015-12-05,,,14.25,,,,,,
2015-12-06,,,14.25,,,,,,
2015-12-07,,0.052531,14.25,,,,,,3.7476
2015-12-08,,0.052531,14.25,,,,,,3.7921
2015-12-09,,0.052531,14.25,,,,,,3.758
2015-12-10,,0.052531,14.25,,,,,,3.7685
2015-12-11,,0.052531,14.25,,,,,,3.8548
2015-12-12,,,14.25,,,,,,
2015-12-13,,,14.25,,,,,,
2015-12-14,,0.052531,14.25,,,,,,3.9023
2015-12-15,,0.052531,14.25,,,,,,3.8703
2015-12-16,,0.052531,14.25,,,,,,3.9357
2015-12-17,,0.052531,14.25,,,,,,3.8929
2015-12-18,,0.052531,14.25,,,,,,3.9062
2015-12-19,,,14.25,,,,,,
2015-12-20,,,14.25,,,,,,
2015-12-21,,0.052531,14.25,,,,,,3.9831
2015-12-22,,0.052531,14.25,,,,,,3.977
2015-12-23,,0.052531,14.25,,,,,,3.9632
2015-12-24,,0.052531,14.25,,,,,,3.9524
2015-12-25,,,14.25,,,,,,
2015-12-26,,,14.25,,,,,,
2015-12-27,,,14.25,,,,,,
2015-12-28,,0.052531,14.25,,,,,,3.9186
2015-12-29,,0.052531,14.25,,,,,,3.8492
2015-12-30,,0.052531,14.25,,,,,,3.9048
2015-12-31,,0.052531,14.25,,,,,,3.9048
2016-01-01,1.27,,14.25,9.6,2.28,216.68,482480.2,-876635.55,
2016-01-02,,,14.25,,,,,,
2016-01-03,,,14.25,,,,,,
2016-01-04,,0.052531,14.25,,,,,,4.0387
2016-01-05,,0.052531,14.25,,,,,,4.0114
2016-01-06,,0.052531,14.25,,,,,,4.0303
2016-01-07,,0.052531,14.25,,,,,,4.0475
2016-01-08,,0.052531,14.25,,,,,,4.025
2016-01-09,,,14.25,,,,,,
2016-01-10,,,14.25,,,,,,
2016-01-11,,0.052531,14.25,,,,,,4.0153
2016-01-12,,0.052531,14.25,,,,,,4.0299
2016-01-13,,0.052531,14.25,,,,,,3.9863
2016-01-14,,0.052531,14.25,,,,,,4.0223
2016-01-15,,0.052531,14.25,,,,,,4.0402
2016-01-16,,,14.25,,,,,,
2016-01-17,,,14.25,,,,,,
2016-01-18,,0.052531,14.25,,,,,,4.0364
2016-01-19,,0.052531,14.25,,,,,,4.0303
2016-01-20,,0.052531,14.25,,,,,,4.0861
2016-01-21,,0.052531,14.25,,,,,,4.1558
2016-01-22,,0.052531,14.25,,,,,,4.1232
2016-01-23,,,14.25,,,,,,
2016-01-24,,,14.25,,,,,,
2016-01-25,,0.052531,14.25,,,,,,4.1002
2016-01-26,,0.052531,14.25,,,,,,4.0967
2016-01-27,,0.052531,14.25,,,,,,4.0448
2016-01-28,,0.052531,14.25,,,,,,4.0838
2016-01-29,,0.052531,14.25,,,,,,4.0428
2016-01-30,,,14.25,,,,,,
2016-01-31,,,14.25,,,,,,
2016-02-01,0.9,0.052531,14.25,10.3,1.06,210.97,490203.5,-876422.73,3.9986
2016-02-02,,0.052531,14.25,,,,,,3.9919
2016-02-03,,0.052531,14.25,,,,,,3.9558
2016-02-04,,0.052531,14.25,,,,,,3.8653
2016-02-05,,0.052531,14.25,,,,,,3.8975
2016-02-06,,,14.25,,,,,,
2016-02-07,,,14.25,,,,,,
2016-02-08,,,14.25,,,,,,
2016-02-09,,,14.25,,,,,,
2016-02-10,,0.052531,14.25,,,,,,3.9412
2016-02-11,,0.052531,14.25,,,,,,3.9642
2016-02-12,,0.052531,14.25,,,,,,3.9891
2016-02-13,,,14.25,,,,,,
2016-02-14,,,14.25,,,,,,
2016-02-15,,0.052531,14.25,,,,,,3.9885
2016-02-16,,0.052531,14.25,,,,,,4.0213
2016-02-17,,0.052531,14.25,,,,,,4.0318
2016-02-18,,0.052531,14.25,,,,,,4.0091
2016-02-19,,0.052531,14.25,,,,,,4.0492
2016-02-20,,,14.25,,,,,,
2016-02-21,,,14.25,,,,,,
2016-02-22,,0.052531,14.25,,,,,,3.9618
2016-02-23,,0.052531,14.25,,,,,,3.9684
2016-02-24,,0.052531,14.25,,,,,,3.99
2016-02-25,,0.052531,14.25,,,,,,3.94
2016-02-26,,0.052531,14.25,,,,,,3.9578
2016-02-27,,,14.25,,,,,,
2016-02-28,,,14.25,,,,,,
2016-02-29,,0.052531,14.25,,,,,,3.9796
2016-03-01,0.43,0.052531,14.25,11.0,1.24,197.22,527615.2,-755209.02,3.9913
2016-03-02,,0.052531,14.25,,,,,,3.9116
2016-03-03,,0.052531,14.25,,,,,,3.8504
2016-03-04,,0.052531,14.25,,,,,,3.7188
2016-03-05,,,14.25,,,,,,
2016-03-06,,,14.25,,,,,,
2016-03-07,,0.052531,14.25,,,,,,3.7714
2016-03-08,,0.052531,14.25,,,,,,3.7813
2016-03-09,,0.052531,14.25,,,,,,3.7037
2016-03-10,,0.052531,14.25,,,,,,3.67
2016-03-11,,0.052531,14.25,,,,,,3.6271
2016-03-12,,,14.25,,,,,,
2016-03-13,,,14.25,,,,,,
2016-03-14,,0.052531,14.25,,,,,,3.6239
2016-03-15,,0.052531,14.25,,,,,,3.7116
2016-03-16,,0.052531,14.25,,,,,,3.8079
2016-03-17,,0.052531,14.25,,,,,,3.6445
2016-03-18,,0.052531,14.25,,,,,,3.6146
2016-03-19,,,14.25,,,,,,
2016-03-20,,,14.25,,,,,,
2016-03-21,,0.052531,14.25,,,,,,3.6229
2016-03-22,,0.052531,14.25,,,,,,3.6073
2016-03-23,,0.052531,14.25,,,,,,3.6531
2016-03-24,,0.052531,14.25,,,,,,3.6948
2016-03-25,,,14.25,,,,,,
2016-03-26,,,14.25,,,,,,
2016-03-27,,,14.25,,,,,,
2016-03-28,,0.052531,14.25,,,,,,3.6408
2016-03-29,,0.052531,14.25,,,,,,3.6687
2016-03-30,,0.052531,14.25,,,,,,3.6116
2016-03-31,,0.052531,14.25,,,,,,3.5589
2016-04-01,0.61,0.052531,14.25,11.3,1.09,188.81,520745.8,-719955.65,3.5799
2016-04-02,,,14.25,,,,,,
2016-04-03,,,14.25,,,,,,
2016-04-04,,0.052531,14.25,,,,,,3.5871
2016-04-05,,0.052531,14.25,,,,,,3.6581
2016-04-06,,0.052531,14.25,,,,,,3.6749
2016-04-07,,0.052531,14.25,,,,,,3.6921
2016-04-08,,0.052531,14.25,,,,,,3.6385
2016-04-09,,,14.25,,,,,,
2016-04-10,,,14.25,,,,,,
2016-04-11,,0.052531,14.25,,,,,,3.5284
2016-04-12,,0.052531,14.25,,,,,,3.5406
2016-04-13,,0.052531,14.25,,,,,,3.5429
2016-04-14,,0.052531,14.25,,,,,,3.5126
2016-04-15,,0.052531,14.25,,,,,,3.5276
2016-04-16,,,14.25,,,,,,
2016-04-17,,,14.25,,,,,,
2016-04-18,,0.052531,14.25,,,,,,3.5904
2016-04-19,,0.052531,14.25,,,,,,3.5538
2016-04-20,,0.052531,14.25,,,,,,3.5503
2016-04-21,,,14.25,,,,,,
2016-04-22,,0.052531,14.25,,,,,,3.5829
2016-04-23,,,14.25,,,,,,
2016-04-24,,,14.25,,,,,,
2016-04-25,,0.052531,14.25,,,,,,3.5472
2016-04-26,,0.052531,14.25,,,,,,3.5301
2016-04-27,,0.052531,14.25,,,,,,3.5295
2016-04-28,,0.052531,14.25,,,,,,3.4992
2016-04-29,,0.052531,14.25,,,,,,3.4508
2016-04-30,,,14.25,,,,,,
2016-05-01,0.78,,14.25,11.3,0.78,190.48,516215.1,-773424.38,
2016-05-02,,0.052531,14.25,,,,,,3.4991
2016-05-03,,0.052531,14.25,,,,,,3.555
2016-05-04,,0.052531,14.25,,,,,,3.5397
2016-05-05,,0.052531,14.25,,,,,,3.5296
2016-05-06,,0.052531,14.25,,,,,,3.5362
2016-05-07,,,14.25,,,,,,
2016-05-08,,,14.25,,,,,,
2016-05-09,,0.052531,14.25,,,,,,3.5387
2016-05-10,,0.052531,14.25,,,,,,3.4772
2016-05-11,,0.052531,14.25,,,,,,3.4645
2016-05-12,,0.052531,14.25,,,,,,3.4877
2016-05-13,,0.052531,14.25,,,,,,3.5041
2016-05-14,,,14.25,,,,,,
2016-05-15,,,14.25,,,,,,
2016-05-16,,0.052531,14.25,,,,,,3.5035
2016-05-17,,0.052531,14.25,,,,,,3.5037
2016-05-18,,0.052531,14.25,,,,,,3.5368
2016-05-19,,0.052531,14.25,,,,,,3.6003
2016-05-20,,0.052531,14.25,,,,,,3.5419
2016-05-21,,,14.25,,,,,,
2016-05-22,,,14.25,,,,,,
2016-05-23,,0.052531,14.25,,,,,,3.566
2016-05-24,,0.052531,14.25,,,,,,3.5491
2016-05-25,,0.052531,14.25,,,,,,3.5804
2016-05-26,,,14.25,,,,,,
2016-05-27,,0.052531,14.25,,,,,,3.6168
2016-05-28,,,14.25,,,,,,
2016-05-29,,,14.25,,,,,,
2016-05-30,,0.052531,14.25,,,,,,3.5997
2016-05-31,,0.052531,14.25,,,,,,3.5951
2016-06-01,0.35,0.052531,14.25,11.4,0.71,190.51,522089.3,-641465.22,3.6126
2016-06-02,,0.052531,14.25,,,,,,3.5961
2016-06-03,,0.052531,14.25,,,,,,3.5409
2016-06-04,,,14.25,,,,,,
2016-06-05,,,14.25,,,,,,
2016-06-06,,0.052531,14.25,,,,,,3.5098
2016-06-07,,0.052531,14.25,,,,,,3.4745
2016-06-08,,0.052531,14.25,,,,,,3.3898
2016-06-09,,0.052531,14.25,,,,,,3.3817
2016-06-10,,0.052531,14.25,,,,,,3.4261
2016-06-11,,,14.25,,,,,,
2016-06-12,,,14.25,,,,,,
2016-06-13,,0.052531,14.25,,,,,,3.4533
2016-06-14,,0.052531,14.25,,,,,,3.4839
2016-06-15,,0.052531,14.25,,,,,,3.4768
2016-06-16,,0.052531,14.25,,,,,,3.4904
2016-06-17,,0.052531,14.25,,,,,,3.4372
2016-06-18,,,14.25,,,,,,
2016-06-19,,,14.25,,,,,,
2016-06-20,,0.052531,14.25,,,,,,3.3835
2016-06-21,,0.052531,14.25,,,,,,3.3897
2016-06-22,,0.052531,14.25,,,,,,3.3883
2016-06-23,,0.052531,14.25,,,,,,3.3533
2016-06-24,,0.052531,14.25,,,,,,3.3772
2016-06-25,,,14.25,,,,,,
2016-06-26,,,14.25,,,,,,
2016-06-27,,0.052531,14.25,,,,,,3.3934
2016-06-28,,0.052531,14.25,,,,,,3.3267
2016-06-29,,0.052531,14.25,,,,,,3.2435
2016-06-30,,0.052531,14.25,,,,,,3.2098
2016-07-01,0.52,0.052531,14.25,11.7,1.32,177.69,522416.1,-651571.34,3.2298
2016-07-02,,,14.25,,,,,,
2016-07-03,,,14.25,,,,,,
2016-07-04,,0.052531,14.25,,,,,,3.248
2016-07-05,,0.052531,14.25,,,,,,3.2904
2016-07-06,,0.052531,14.25,,,,,,3.3242
2016-07-07,,0.052531,14.25,,,,,,3.3388
2016-07-08,,0.052531,14.25,,,,,,3.2968
2016-07-09,,,14.25,,,,,,
2016-07-10,,,14.25,,,,,,
2016-07-11,,0.052531,14.25,,,,,,3.3031
2016-07-12,,0.052531,14.25,,,,,,3.275
2016-07-13,,0.052531,14.25,,,,,,3.2896
2016-07-14,,0.052531,14.25,,,,,,3.2311
2016-07-15,,0.052531,14.25,,,,,,3.2656
2016-07-16,,,14.25,,,,,,
2016-07-17,,,14.25,,,,,,
2016-07-18,,0.052531,14.25,,,,,,3.2634
2016-07-19,,0.052531,14.25,,,,,,3.2801
2016-07-20,,0.052531,14.25,,,,,,3.2512
2016-07-21,,0.052531,14.25,,,,,,3.2585
2016-07-22,,0.052531,14.25,,,,,,3.2854
2016-07-23,,,14.25,,,,,,
2016-07-24,,,14.25,,,,,,
2016-07-25,,0.052531,14.25,,,,,,3.2819
2016-07-26,,0.052531,14.25,,,,,,3.279
2016-07-27,,0.052531,14.25,,,,,,3.282
2016-07-28,,0.052531,14.25,,,,,,3.274
2016-07-29,,0.052531,14.25,,,,,,3.239
2016-07-30,,,14.25,,,,,,
2016-07-31,,,14.25,,,,,,
2016-08-01,0.44,0.052531,14.25,11.9,0.3,173.26,530546.2,-664606.03,3.2662
2016-08-02,,0.052531,14.25,,,,,,3.249
2016-08-03,,0.052531,14.25,,,,,,3.2733
2016-08-04,,0.052531,14.25,,,,,,3.2183
2016-08-05,,0.052531,14.25,,,,,,3.1859
2016-08-06,,,14.25,,,,,,
2016-08-07,,,14.25,,,,,,
2016-08-08,,0.052531,14.25,,,,,,3.1771
2016-08-09,,0.052531,14.25,,,,,,3.1503
2016-08-10,,0.052531,14.25,,,,,,3.1302
2016-08-11,,0.052531,14.25,,,,,,3.1364
2016-08-12,,0.052531,14.25,,,,,,3.1602
2016-08-13,,,14.25,,,,,,
2016-08-14,,,14.25,,,,,,
2016-08-15,,0.052531,14.25,,,,,,3.1672
2016-08-16,,0.052531,14.25,,,,,,3.1749
2016-08-17,,0.052531,14.25,,,,,,3.2248
2016-08-18,,0.052531,14.25,,,,,,3.2215
2016-08-19,,0.052531,14.25,,,,,,3.2267
2016-08-20,,,14.25,,,,,,
2016-08-21,,,14.25,,,,,,
2016-08-22,,0.052531,14.25,,,,,,3.2163
2016-08-23,,0.052531,14.25,,,,,,3.2054
2016-08-24,,0.052531,14.25,,,,,,3.2372
2016-08-25,,0.052531,14.25,,,,,,3.2319
2016-08-26,,0.052531,14.25,,,,,,3.2153
2016-08-27,,,14.25,,,,,,
2016-08-28,,,14.25,,,,,,
2016-08-29,,0.052531,14.25,,,,,,3.2613
2016-08-30,,0.052531,14.25,,,,,,3.2525
2016-08-31,,0.052531,14.25,,,,,,3.2403
2016-09-01,0.08,0.052531,14.25,11.9,-0.29,174.84,524208.1,-677954.93,3.2472
2016-09-02,,0.052531,14.25,,,,,,3.2431
2016-09-03,,,14.25,,,,,,
2016-09-04,,,14.25,,,,,,
2016-09-05,,0.052531,14.25,,,,,,3.2721
2016-09-06,,0.052531,14.25,,,,,,3.2452
2016-09-07,,,14.25,,,,,,
2016-09-08,,0.052531,14.25,,,,,,3.1934
2016-09-09,,0.052531,14.25,,,,,,3.2638
2016-09-10,,,14.25,,,,,,
2016-09-11,,,14.25,,,,,,
2016-09-12,,0.052531,14.25,,,,,,3.2854
2016-09-13,,0.052531,14.25,,,,,,3.2972
2016-09-14,,0.052531,14.25,,,,,,3.3262
2016-09-15,,0.052531,14.25,,,,,,3.3326
2016-09-16,,0.052531,14.25,,,,,,3.3004
2016-09-17,,,14.25,,,,,,
2016-09-18,,,14.25,,,,,,
2016-09-19,,0.052531,14.25,,,,,,3.2636
2016-09-20,,0.052531,14.25,,,,,,3.254
2016-09-21,,0.052531,14.25,,,,,,3.2408
2016-09-22,,0.052531,14.25,,,,,,3.2015
2016-09-23,,0.052531,14.25,,,,,,3.2242
2016-09-24,,,14.25,,,,,,
2016-09-25,,,14.25,,,,,,
2016-09-26,,0.052531,14.25,,,,,,3.24
2016-09-27,,0.052531,14.25,,,,,,3.2358
2016-09-28,,0.052531,14.25,,,,,,3.2476
2016-09-29,,0.052531,14.25,,,,,,3.2235
2016-09-30,,0.052531,14.25,,,,,,3.2462
2016-10-01,0.26,,14.25,11.9,-0.05,172.03,539827.0,-653239.66,
2016-10-02,,,14.25,,,,,,
2016-10-03,,0.052531,14.25,,,,,,3.2338
2016-10-04,,0.052531,14.25,,,,,,3.2203
2016-10-05,,0.052531,14.25,,,,,,3.2359
2016-10-06,,0.052531,14.25,,,,,,3.231
2016-10-07,,0.052531,14.25,,,,,,3.2134
2016-10-08,,,14.25,,,,,,
2016-10-09,,,14.25,,,,,,
2016-10-10,,0.052531,14.25,,,,,,3.2125
2016-10-11,,0.052531,14.25,,,,,,3.2136
2016-10-12,,,14.25,,,,,,
2016-10-13,,0.052531,14.25,,,,,,3.2087
2016-10-14,,0.052531,14.25,,,,,,3.1864
2016-10-15,,,14.25,,,,,,
2016-10-16,,,14.25,,,,,,
2016-10-17,,0.052531,14.25,,,,,,3.1963
2016-10-18,,0.052531,14.25,,,,,,3.1874
2016-10-19,,0.052531,14.25,,,,,,3.18
2016-10-20,,0.05166,14.0,,,,,,3.1605
2016-10-21,,0.05166,14.0,,,,,,3.1593
2016-10-22,,,14.0,,,,,,
2016-10-23,,,14.0,,,,,,
2016-10-24,,0.05166,14.0,,,,,,3.1311
2016-10-25,,0.05166,14.0,,,,,,3.1193
2016-10-26,,0.05166,14.0,,,,,,3.1219
2016-10-27,,0.05166,14.0,,,,,,3.1429
2016-10-28,,0.05166,14.0,,,,,,3.1815
2016-10-29,,,14.0,,,,,,
2016-10-30,,,14.0,,,,,,
2016-10-31,,0.05166,14.0,,,,,,3.1811
2016-11-01,0.18,0.05166,14.0,12.0,-0.2,181.96,545698.9,-722861.9,3.2053
2016-11-02,,,14.0,,,,,,
2016-11-03,,0.05166,14.0,,,,,,3.231
2016-11-04,,0.05166,14.0,,,,,,3.2449
2016-11-05,,,14.0,,,,,,
2016-11-06,,,14.0,,,,,,
2016-11-07,,0.05166,14.0,,,,,,3.2024
2016-11-08,,0.05166,14.0,,,,,,3.2024
2016-11-09,,0.05166,14.0,,,,,,3.2258
2016-11-10,,0.05166,14.0,,,,,,3.3104
2016-11-11,,0.05166,14.0,,,,,,3.4377
2016-11-12,,,14.0,,,,,,
2016-11-13,,,14.0,,,,,,
2016-11-14,,0.05166,14.0,,,,,,3.4446
2016-11-15,,,14.0,,,,,,
2016-11-16,,0.05166,14.0,,,,,,3.4183
2016-11-17,,0.05166,14.0,,,,,,3.4052
2016-11-18,,0.05166,14.0,,,,,,3.3917
2016-11-19,,,14.0,,,,,,
2016-11-20,,,14.0,,,,,,
2016-11-21,,0.05166,14.0,,,,,,3.3517
2016-11-22,,0.05166,14.0,,,,,,3.3476
2016-11-23,,0.05166,14.0,,,,,,3.3927
2016-11-24,,0.05166,14.0,,,,,,3.3987
2016-11-25,,0.05166,14.0,,,,,,3.4279
2016-11-26,,,14.0,,,,,,
2016-11-27,,,14.0,,,,,,
2016-11-28,,0.05166,14.0,,,,,,3.3996
2016-11-29,,0.05166,14.0,,,,,,3.406
2016-11-30,,0.05166,14.0,,,,,,3.3967
2016-12-01,0.3,0.050788,13.75,12.1,0.08,181.07,547282.5,-677008.89,3.4362
2016-12-02,,0.050788,13.75,,,,,,3.465
2016-12-03,,,13.75,,,,,,
2016-12-04,,,13.75,,,,,,
2016-12-05,,0.050788,13.75,,,,,,3.4598
2016-12-06,,0.050788,13.75,,,,,,3.4354
2016-12-07,,0.050788,13.75,,,,,,3.3895
2016-12-08,,0.050788,13.75,,,,,,3.4008
2016-12-09,,0.050788,13.75,,,,,,3.3858
2016-12-10,,,13.75,,,,,,
2016-12-11,,,13.75,,,,,,
2016-12-12,,0.050788,13.75,,,,,,3.3697
2016-12-13,,0.050788,13.75,,,,,,3.334
2016-12-14,,0.050788,13.75,,,,,,3.3103
2016-12-15,,0.050788,13.75,,,,,,3.383
2016-12-16,,0.050788,13.75,,,,,,3.3712
2016-12-17,,,13.75,,,,,,
2016-12-18,,,13.75,,,,,,
2016-12-19,,0.050788,13.75,,,,,,3.3778
2016-12-20,,0.050788,13.75,,,,,,3.3586
2016-12-21,,0.050788,13.75,,,,,,3.3297
2016-12-22,,0.050788,13.75,,,,,,3.3302
2016-12-23,,0.050788,13.75,,,,,,3.2696
2016-12-24,,,13.75,,,,,,
2016-12-25,,,13.75,,,,,,
2016-12-26,,0.050788,13.75,,,,,,3.2701
2016-12-27,,0.050788,13.75,,,,,,3.2776
2016-12-28,,0.050788,13.75,,,,,,3.2774
2016-12-29,,0.050788,13.75,,,,,,3.2591
2016-12-30,,0.050788,13.75,,,,,,3.2591
2016-12-31,,,13.75,,,,,,
2017-01-01,0.38,,13.75,12.7,0.35,177.15,514658.9,-656579.54,
2017-01-02,,0.050788,13.75,,,,,,3.2729
2017-01-03,,0.050788,13.75,,,,,,3.2632
2017-01-04,,0.050788,13.75,,,,,,3.2333
2017-01-05,,0.050788,13.75,,,,,,3.2129
2017-01-06,,0.050788,13.75,,,,,,3.2057
2017-01-07,,,13.75,,,,,,
2017-01-08,,,13.75,,,,,,
2017-01-09,,0.050788,13.75,,,,,,3.2097
2017-01-10,,0.050788,13.75,,,,,,3.1918
2017-01-11,,0.050788,13.75,,,,,,3.2154
2017-01-12,,0.048159,13.0,,,,,,3.1661
2017-01-13,,0.048159,13.0,,,,,,3.2034
2017-01-14,,,13.0,,,,,,
2017-01-15,,,13.0,,,,,,
2017-01-16,,0.048159,13.0,,,,,,3.2234
2017-01-17,,0.048159,13.0,,,,,,3.21
2017-01-18,,0.048159,13.0,,,,,,3.2211
2017-01-19,,0.048159,13.0,,,,,,3.2113
2017-01-20,,0.048159,13.0,,,,,,3.1918
2017-01-21,,,13.0,,,,,,
2017-01-22,,,13.0,,,,,,
2017-01-23,,0.048159,13.0,,,,,,3.1609
2017-01-24,,0.048159,13.0,,,,,,3.1649
2017-01-25,,0.048159,13.0,,,,,,3.169
2017-01-26,,0.048159,13.0,,,,,,3.1804
2017-01-27,,0.048159,13.0,,,,,,3.1596
2017-01-28,,,13.0,,,,,,
2017-01-29,,,13.0,,,,,,
2017-01-30,,0.048159,13.0,,,,,,3.1316
2017-01-31,,0.048159,13.0,,,,,,3.127
2017-02-01,0.33,0.048159,13.0,13.3,-0.45,170.8,510352.4,-653116.67,3.1479
2017-02-02,,0.048159,13.0,,,,,,3.1196
2017-02-03,,0.048159,13.0,,,,,,3.1241
2017-02-04,,,13.0,,,,,,
2017-02-05,,,13.0,,,,,,
2017-02-06,,0.048159,13.0,,,,,,3.1179
2017-02-07,,0.048159,13.0,,,,,,3.1304
2017-02-08,,0.048159,13.0,,,,,,3.1255
2017-02-09,,0.048159,13.0,,,,,,3.1185
2017-02-10,,0.048159,13.0,,,,,,3.1155
2017-02-11,,,13.0,,,,,,
2017-02-12,,,13.0,,,,,,
2017-02-13,,0.048159,13.0,,,,,,3.1175
2017-02-14,,0.048159,13.0,,,,,,3.1004
2017-02-15,,0.048159,13.0,,,,,,3.0779
2017-02-16,,0.048159,13.0,,,,,,3.051
2017-02-17,,0.048159,13.0,,,,,,3.095
2017-02-18,,,13.0,,,,,,
2017-02-19,,,13.0,,,,,,
2017-02-20,,0.048159,13.0,,,,,,3.0918
2017-02-21,,0.048159,13.0,,,,,,3.097
2017-02-22,,0.048159,13.0,,,,,,3.0824
2017-02-23,,0.045513,12.25,,,,,,3.0638
2017-02-24,,0.045513,12.25,,,,,,3.0993
2017-02-25,,,12.25,,,,,,
2017-02-26,,,12.25,,,,,,
2017-02-27,,,12.25,,,,,,
2017-02-28,,,12.25,,,,,,
2017-03-01,0.25,0.045513,12.25,13.9,0.34,166.61,560662.1,-673719.52,3.0976
2017-03-02,,0.045513,12.25,,,,,,3.1138
2017-03-03,,0.045513,12.25,,,,,,3.1364
2017-03-04,,,12.25,,,,,,
2017-03-05,,,12.25,,,,,,
2017-03-06,,0.045513,12.25,,,,,,3.1111
2017-03-07,,0.045513,12.25,,,,,,3.1185
2017-03-08,,0.045513,12.25,,,,,,3.1477
2017-03-09,,0.045513,12.25,,,,,,3.1735
2017-03-10,,0.045513,12.25,,,,,,3.1623
2017-03-11,,,12.25,,,,,,
2017-03-12,,,12.25,,,,,,
2017-03-13,,0.045513,12.25,,,,,,3.1541
2017-03-14,,0.045513,12.25,,,,,,3.1639
2017-03-15,,0.045513,12.25,,,,,,3.1629
2017-03-16,,0.045513,12.25,,,,,,3.108
2017-03-17,,0.045513,12.25,,,,,,3.1075
2017-03-18,,,12.25,,,,,,
2017-03-19,,,12.25,,,,,,
2017-03-20,,0.045513,12.25,,,,,,3.0898
2017-03-21,,0.045513,12.25,,,,,,3.0765
2017-03-22,,0.045513,12.25,,,,,,3.0939
2017-03-23,,0.045513,12.25,,,,,,3.1248
2017-03-24,,0.045513,12.25,,,,,,3.1282
2017-03-25,,,12.25,,,,,,
2017-03-26,,,12.25,,,,,,
2017-03-27,,0.045513,12.25,,,,,,3.1256
2017-03-28,,0.045513,12.25,,,,,,3.1303
2017-03-29,,0.045513,12.25,,,,,,3.1229
2017-03-30,,0.045513,12.25,,,,,,3.1247
2017-03-31,,0.045513,12.25,,,,,,3.1684
2017-04-01,0.14,,12.25,13.7,0.58,165.4,537470.9,-672453.87,
2017-04-02,,,12.25,,,,,,
2017-04-03,,0.045513,12.25,,,,,,3.1167
2017-04-04,,0.045513,12.25,,,,,,3.1231
2017-04-05,,0.045513,12.25,,,,,,3.0923
2017-04-06,,0.045513,12.25,,,,,,3.116
2017-04-07,,0.045513,12.25,,,,,,3.1302
2017-04-08,,,12.25,,,,,,
2017-04-09,,,12.25,,,,,,
2017-04-10,,0.045513,12.25,,,,,,3.1409
2017-04-11,,0.045513,12.25,,,,,,3.1424
2017-04-12,,0.045513,12.25,,,,,,3.1463
2017-04-13,,0.041957,11.25,,,,,,3.1269
2017-04-14,,,11.25,,,,,,
2017-04-15,,,11.25,,,,,,
2017-04-16,,,11.25,,,,,,
2017-04-17,,0.041957,11.25,,,,,,3.1036
2017-04-18,,0.041957,11.25,,,,,,3.0958
2017-04-19,,0.041957,11.25,,,,,,3.1294
2017-04-20,,0.041957,11.25,,,,,,3.1453
2017-04-21,,,11.25,,,,,,
2017-04-22,,,11.25,,,,,,
2017-04-23,,,11.25,,,,,,
2017-04-24,,0.041957,11.25,,,,,,3.1251
2017-04-25,,0.041957,11.25,,,,,,3.1577
2017-04-26,,0.041957,11.25,,,,,,3.1847
2017-04-27,,0.041957,11.25,,,,,,3.1763
2017-04-28,,0.041957,11.25,,,,,,3.1984
2017-04-29,,,11.25,,,,,,
2017-04-30,,,11.25,,,,,,
2017-05-01,0.31,,11.25,13.4,-0.35,171.68,550568.0,-698275.56,
2017-05-02,,0.041957,11.25,,,,,,3.1724
2017-05-03,,0.041957,11.25,,,,,,3.1489
2017-05-04,,0.041957,11.25,,,,,,3.178
2017-05-05,,0.041957,11.25,,,,,,3.1764
2017-05-06,,,11.25,,,,,,
2017-05-07,,,11.25,,,,,,
2017-05-08,,0.041957,11.25,,,,,,3.1938
2017-05-09,,0.041957,11.25,,,,,,3.1857
2017-05-10,,0.041957,11.25,,,,,,3.1606
2017-05-11,,0.041957,11.25,,,,,,3.1559
2017-05-12,,0.041957,11.25,,,,,,3.129
2017-05-13,,,11.25,,,,,,
2017-05-14,,,11.25,,,,,,
2017-05-15,,0.041957,11.25,,,,,,3.1011
2017-05-16,,0.041957,11.25,,,,,,3.0924
2017-05-17,,0.041957,11.25,,,,,,3.1076
2017-05-18,,0.041957,11.25,,,,,,3.3807
2017-05-19,,0.041957,11.25,,,,,,3.2878
2017-05-20,,,11.25,,,,,,
2017-05-21,,,11.25,,,,,,
2017-05-22,,0.041957,11.25,,,,,,3.2863
2017-05-23,,0.041957,11.25,,,,,,3.2654
2017-05-24,,0.041957,11.25,,,,,,3.2629
2017-05-25,,0.041957,11.25,,,,,,3.2824
2017-05-26,,0.041957,11.25,,,,,,3.2614
2017-05-27,,,11.25,,,,,,
2017-05-28,,,11.25,,,,,,
2017-05-29,,0.041957,11.25,,,,,,3.2709
2017-05-30,,0.041957,11.25,,,,,,3.2659
2017-05-31,,0.041957,11.25,,,,,,3.2437
2017-06-01,-0.23,0.03837,10.25,13.1,-0.5,171.84,542690.7,-728588.01,3.2307
2017-06-02,,0.03837,10.25,,,,,,3.2401
2017-06-03,,,10.25,,,,,,
2017-06-04,,,10.25,,,,,,
2017-06-05,,0.03837,10.25,,,,,,3.282
2017-06-06,,0.03837,10.25,,,,,,3.2817
2017-06-07,,0.03837,10.25,,,,,,3.2747
2017-06-08,,0.03837,10.25,,,,,,3.2838
2017-06-09,,0.03837,10.25,,,,,,3.274
2017-06-10,,,10.25,,,,,,
2017-06-11,,,10.25,,,,,,
2017-06-12,,0.03837,10.25,,,,,,3.2986
2017-06-13,,0.03837,10.25,,,,,,3.3208
2017-06-14,,0.03837,10.25,,,,,,3.2836
2017-06-15,,,10.25,,,,,,
2017-06-16,,0.03837,10.25,,,,,,3.2892
2017-06-17,,,10.25,,,,,,
2017-06-18,,,10.25,,,,,,
2017-06-19,,0.03837,10.25,,,,,,3.2975
2017-06-20,,0.03837,10.25,,,,,,3.3145
2017-06-21,,0.03837,10.25,,,,,,3.3247
2017-06-22,,0.03837,10.25,,,,,,3.3362
2017-06-23,,0.03837,10.25,,,,,,3.3342
2017-06-24,,,10.25,,,,,,
2017-06-25,,,10.25,,,,,,
2017-06-26,,0.03837,10.25,,,,,,3.3128
2017-06-27,,0.03837,10.25,,,,,,3.3172
2017-06-28,,0.03837,10.25,,,,,,3.303
2017-06-29,,0.03837,10.25,,,,,,3.2952
2017-06-30,,0.03837,10.25,,,,,,3.3082
2017-07-01,0.24,,10.25,12.9,-0.47,168.11,548637.8,-677336.91,
2017-07-02,,,10.25,,,,,,
2017-07-03,,0.03837,10.25,,,,,,3.3015
2017-07-04,,0.03837,10.25,,,,,,3.305
2017-07-05,,0.03837,10.25,,,,,,3.3193
2017-07-06,,0.03837,10.25,,,,,,3.3064
2017-07-07,,0.03837,10.25,,,,,,3.2895
2017-07-08,,,10.25,,,,,,
2017-07-09,,,10.25,,,,,,
2017-07-10,,0.03837,10.25,,,,,,3.265
2017-07-11,,0.03837,10.25,,,,,,3.2522
2017-07-12,,0.03837,10.25,,,,,,3.2264
2017-07-13,,0.03837,10.25,,,,,,3.2108
2017-07-14,,0.03837,10.25,,,,,,3.1899
2017-07-15,,,10.25,,,,,,
2017-07-16,,,10.25,,,,,,
2017-07-17,,0.03837,10.25,,,,,,3.1821
2017-07-18,,0.03837,10.25,,,,,,3.1668
2017-07-19,,0.03837,10.25,,,,,,3.1533
2017-07-20,,0.03837,10.25,,,,,,3.1402
2017-07-21,,0.03837,10.25,,,,,,3.1256
2017-07-22,,,10.25,,,,,,
2017-07-23,,,10.25,,,,,,
2017-07-24,,0.03837,10.25,,,,,,3.1459
2017-07-25,,0.03837,10.25,,,,,,3.1556
2017-07-26,,0.03837,10.25,,,,,,3.1657
2017-07-27,,0.034749,9.25,,,,,,3.1513
2017-07-28,,0.034749,9.25,,,,,,3.1457
2017-07-29,,,9.25,,,,,,
2017-07-30,,,9.25,,,,,,
2017-07-31,,0.034749,9.25,,,,,,3.1307
2017-08-01,0.19,0.034749,9.25,12.7,-1.07,160.08,555972.6,-684346.01,3.1161
2017-08-02,,0.034749,9.25,,,,,,3.1268
2017-08-03,,0.034749,9.25,,,,,,3.1194
2017-08-04,,0.034749,9.25,,,,,,3.1224
2017-08-05,,,9.25,,,,,,
2017-08-06,,,9.25,,,,,,
2017-08-07,,0.034749,9.25,,,,,,3.1267
2017-08-08,,0.034749,9.25,,,,,,3.132
2017-08-09,,0.034749,9.25,,,,,,3.1464
2017-08-10,,0.034749,9.25,,,,,,3.1543
2017-08-11,,0.034749,9.25,,,,,,3.1695
2017-08-12,,,9.25,,,,,,
2017-08-13,,,9.25,,,,,,
2017-08-14,,0.034749,9.25,,,,,,3.1888
2017-08-15,,0.034749,9.25,,,,,,3.1976
2017-08-16,,0.034749,9.25,,,,,,3.167
2017-08-17,,0.034749,9.25,,,,,,3.1603
2017-08-18,,0.034749,9.25,,,,,,3.1654
2017-08-19,,,9.25,,,,,,
2017-08-20,,,9.25,,,,,,
2017-08-21,,0.034749,9.25,,,,,,3.1443
2017-08-22,,0.034749,9.25,,,,,,3.1539
2017-08-23,,0.034749,9.25,,,,,,3.1569
2017-08-24,,0.034749,9.25,,,,,,3.1404
2017-08-25,,0.034749,9.25,,,,,,3.1462
2017-08-26,,,9.25,,,,,,
2017-08-27,,,9.25,,,,,,
2017-08-28,,0.034749,9.25,,,,,,3.1563
2017-08-29,,0.034749,9.25,,,,,,3.1695
2017-08-30,,0.034749,9.25,,,,,,3.1638
2017-08-31,,0.034749,9.25,,,,,,3.1471
2017-09-01,0.16,0.034749,9.25,12.5,-0.41,161.96,544024.8,-689505.41,3.1333
2017-09-02,,,9.25,,,,,,
2017-09-03,,,9.25,,,,,,
2017-09-04,,0.034749,9.25,,,,,,3.1389
2017-09-05,,0.034749,9.25,,,,,,3.1203
2017-09-06,,0.034749,9.25,,,,,,3.1133
2017-09-07,,,9.25,,,,,,
2017-09-08,,0.031096,8.25,,,,,,3.0908
2017-09-09,,,8.25,,,,,,
2017-09-10,,,8.25,,,,,,
2017-09-11,,0.031096,8.25,,,,,,3.0852
2017-09-12,,0.031096,8.25,,,,,,3.1144
2017-09-13,,0.031096,8.25,,,,,,3.1343
2017-09-14,,0.031096,8.25,,,,,,3.1354
2017-09-15,,0.031096,8.25,,,,,,3.1255
2017-09-16,,,8.25,,,,,,
2017-09-17,,,8.25,,,,,,
2017-09-18,,0.031096,8.25,,,,,,3.1239
2017-09-19,,0.031096,8.25,,,,,,3.1323
2017-09-20,,0.031096,8.25,,,,,,3.1281
2017-09-21,,0.031096,8.25,,,,,,3.1347
2017-09-22,,0.031096,8.25,,,,,,3.1285
2017-09-23,,,8.25,,,,,,
2017-09-24,,,8.25,,,,,,
2017-09-25,,0.031096,8.25,,,,,,3.1412
2017-09-26,,0.031096,8.25,,,,,,3.1674
2017-09-27,,0.031096,8.25,,,,,,3.1932
2017-09-28,,0.031096,8.25,,,,,,3.1871
2017-09-29,,0.031096,8.25,,,,,,3.168
2017-09-30,,,8.25,,,,,,
2017-10-01,0.42,,8.25,12.3,-0.05,166.48,568498.9,-712311.73,
2017-10-02,,0.031096,8.25,,,,,,3.1642
2017-10-03,,0.031096,8.25,,,,,,3.1502
2017-10-04,,0.031096,8.25,,,,,,3.1315
2017-10-05,,0.031096,8.25,,,,,,3.1347
2017-10-06,,0.031096,8.25,,,,,,3.1648
2017-10-07,,,8.25,,,,,,
2017-10-08,,,8.25,,,,,,
2017-10-09,,0.031096,8.25,,,,,,3.177
2017-10-10,,0.031096,8.25,,,,,,3.1688
2017-10-11,,0.031096,8.25,,,,,,3.1639
2017-10-12,,,8.25,,,,,,
2017-10-13,,0.031096,8.25,,,,,,3.1572
2017-10-14,,,8.25,,,,,,
2017-10-15,,,8.25,,,,,,
2017-10-16,,0.031096,8.25,,,,,,3.1607
2017-10-17,,0.031096,8.25,,,,,,3.1769
2017-10-18,,0.031096,8.25,,,,,,3.1673
2017-10-19,,0.031096,8.25,,,,,,3.1732
2017-10-20,,0.031096,8.25,,,,,,3.1833
2017-10-21,,,8.25,,,,,,
2017-10-22,,,8.25,,,,,,
2017-10-23,,0.031096,8.25,,,,,,3.2003
2017-10-24,,0.031096,8.25,,,,,,3.247
2017-10-25,,0.031096,8.25,,,,,,3.2387
2017-10-26,,0.028333,7.5,,,,,,3.2444
2017-10-27,,0.028333,7.5,,,,,,3.2801
2017-10-28,,,7.5,,,,,,
2017-10-29,,,7.5,,,,,,
2017-10-30,,0.028333,7.5,,,,,,3.2547
2017-10-31,,0.028333,7.5,,,,,,3.2769
2017-11-01,0.28,0.028333,7.5,12.1,-0.38,176.05,573849.8,-709326.59,3.2736
2017-11-02,,,7.5,,,,,,
2017-11-03,,0.028333,7.5,,,,,,3.292
2017-11-04,,,7.5,,,,,,
2017-11-05,,,7.5,,,,,,
2017-11-06,,0.028333,7.5,,,,,,3.2851
2017-11-07,,0.028333,7.5,,,,,,3.2733
2017-11-08,,0.028333,7.5,,,,,,3.2509
2017-11-09,,0.028333,7.5,,,,,,3.2515
2017-11-10,,0.028333,7.5,,,,,,3.2661
2017-11-11,,,7.5,,,,,,
2017-11-12,,,7.5,,,,,,
2017-11-13,,0.028333,7.5,,,,,,3.2873
2017-11-14,,0.028333,7.5,,,,,,3.2834
2017-11-15,,,7.5,,,,,,
2017-11-16,,0.028333,7.5,,,,,,3.2808
2017-11-17,,0.028333,7.5,,,,,,3.2788
2017-11-18,,,7.5,,,,,,
2017-11-19,,,7.5,,,,,,
2017-11-20,,0.028333,7.5,,,,,,3.2623
2017-11-21,,0.028333,7.5,,,,,,3.2591
2017-11-22,,0.028333,7.5,,,,,,3.2561
2017-11-23,,0.028333,7.5,,,,,,3.2371
2017-11-24,,0.028333,7.5,,,,,,3.23
2017-11-25,,,7.5,,,,,,
2017-11-26,,,7.5,,,,,,
2017-11-27,,0.028333,7.5,,,,,,3.2218
2017-11-28,,0.028333,7.5,,,,,,3.2232
2017-11-29,,0.028333,7.5,,,,,,3.2136
2017-11-30,,0.028333,7.5,,,,,,3.2616
2017-12-01,0.44,0.028333,7.5,11.9,0.54,173.02,578092.0,-742050.52,3.2636
2017-12-02,,,7.5,,,,,,
2017-12-03,,,7.5,,,,,,
2017-12-04,,0.028333,7.5,,,,,,3.2506
2017-12-05,,0.028333,7.5,,,,,,3.2322
2017-12-06,,0.028333,7.5,,,,,,3.2354
2017-12-07,,0.026481,7.0,,,,,,3.2892
2017-12-08,,0.026481,7.0,,,,,,3.2811
2017-12-09,,,7.0,,,,,,
2017-12-10,,,7.0,,,,,,
2017-12-11,,0.026481,7.0,,,,,,3.2845
2017-12-12,,0.026481,7.0,,,,,,3.3149
2017-12-13,,0.026481,7.0,,,,,,3.3036
2017-12-14,,0.026481,7.0,,,,,,3.3332
2017-12-15,,0.026481,7.0,,,,,,3.3182
2017-12-16,,,7.0,,,,,,
2017-12-17,,,7.0,,,,,,
2017-12-18,,0.026481,7.0,,,,,,3.2881
2017-12-19,,0.026481,7.0,,,,,,3.2883
2017-12-20,,0.026481,7.0,,,,,,3.2909
2017-12-21,,0.026481,7.0,,,,,,3.3045
2017-12-22,,0.026481,7.0,,,,,,3.3209
2017-12-23,,,7.0,,,,,,
2017-12-24,,,7.0,,,,,,
2017-12-25,,,7.0,,,,,,
2017-12-26,,0.026481,7.0,,,,,,3.32
2017-12-27,,0.026481,7.0,,,,,,3.3031
2017-12-28,,0.026481,7.0,,,,,,3.308
2017-12-29,,0.026481,7.0,,,,,,3.308
2017-12-30,,,7.0,,,,,,
2017-12-31,,,7.0,,,,,,
2018-01-01,0.29,,7.0,12.3,0.74,171.89,553177.9,-683875.99,
2018-01-02,,0.026481,7.0,,,,,,3.2697
2018-01-03,,0.026481,7.0,,,,,,3.2535
2018-01-04,,0.026481,7.0,,,,,,3.2318
2018-01-05,,0.026481,7.0,,,,,,3.2409
2018-01-06,,,7.0,,,,,,
2018-01-07,,,7.0,,,,,,
2018-01-08,,0.026481,7.0,,,,,,3.2357
2018-01-09,,0.026481,7.0,,,,,,3.2397
2018-01-10,,0.026481,7.0,,,,,,3.2467
2018-01-11,,0.026481,7.0,,,,,,3.2301
2018-01-12,,0.026481,7.0,,,,,,3.2197
2018-01-13,,,7.0,,,,,,
2018-01-14,,,7.0,,,,,,
2018-01-15,,0.026481,7.0,,,,,,3.1963
2018-01-16,,0.026481,7.0,,,,,,3.2219
2018-01-17,,0.026481,7.0,,,,,,3.2324
2018-01-18,,0.026481,7.0,,,,,,3.2129
2018-01-19,,0.026481,7.0,,,,,,3.2087
2018-01-20,,,7.0,,,,,,
2018-01-21,,,7.0,,,,,,
2018-01-22,,0.026481,7.0,,,,,,3.1934
2018-01-23,,0.026481,7.0,,,,,,3.2249
2018-01-24,,0.026481,7.0,,,,,,3.197
2018-01-25,,0.026481,7.0,,,,,,3.1391
2018-01-26,,0.026481,7.0,,,,,,3.145
2018-01-27,,,7.0,,,,,,
2018-01-28,,,7.0,,,,,,
2018-01-29,,0.026481,7.0,,,,,,3.1655
2018-01-30,,0.026481,7.0,,,,,,3.1661
2018-01-31,,0.026481,7.0,,,,,,3.1624
2018-02-01,0.32,0.026481,7.0,12.7,-0.33,174.84,539712.6,-702090.7,3.173
2018-02-02,,0.026481,7.0,,,,,,3.206
2018-02-03,,,7.0,,,,,,
2018-02-04,,,7.0,,,,,,
2018-02-05,,0.026481,7.0,,,,,,3.2355
2018-02-06,,0.026481,7.0,,,,,,3.2613
2018-02-07,,0.026481,7.0,,,,,,3.2467
2018-02-08,,0.025552,6.75,,,,,,3.2692
2018-02-09,,0.025552,6.75,,,,,,3.2821
2018-02-10,,,6.75,,,,,,
2018-02-11,,,6.75,,,,,,
2018-02-12,,,6.75,,,,,,
2018-02-13,,,6.75,,,,,,
2018-02-14,,0.025552,6.75,,,,,,3.2536
2018-02-15,,0.025552,6.75,,,,,,3.2208
2018-02-16,,0.025552,6.75,,,,,,3.2381
2018-02-17,,,6.75,,,,,,
2018-02-18,,,6.75,,,,,,
2018-02-19,,0.025552,6.75,,,,,,3.2347
2018-02-20,,0.025552,6.75,,,,,,3.2507
2018-02-21,,0.025552,6.75,,,,,,3.2555
2018-02-22,,0.025552,6.75,,,,,,3.2598
2018-02-23,,0.025552,6.75,,,,,,3.2417
2018-02-24,,,6.75,,,,,,
2018-02-25,,,6.75,,,,,,
2018-02-26,,0.025552,6.75,,,,,,3.2351
2018-02-27,,0.025552,6.75,,,,,,3.2383
2018-02-28,,0.025552,6.75,,,,,,3.2449
2018-03-01,0.09,0.025552,6.75,13.2,0.07,171.09,589192.6,-742818.49,3.262
2018-03-02,,0.025552,6.75,,,,,,3.2614
2018-03-03,,,6.75,,,,,,
2018-03-04,,,6.75,,,,,,
2018-03-05,,0.025552,6.75,,,,,,3.2582
2018-03-06,,0.025552,6.75,,,,,,3.2246
2018-03-07,,0.025552,6.75,,,,,,3.2318
2018-03-08,,0.025552,6.75,,,,,,3.2518
2018-03-09,,0.025552,6.75,,,,,,3.2496
2018-03-10,,,6.75,,,,,,
2018-03-11,,,6.75,,,,,,
2018-03-12,,0.025552,6.75,,,,,,3.2606
2018-03-13,,0.025552,6.75,,,,,,3.2492
2018-03-14,,0.025552,6.75,,,,,,3.2584
2018-03-15,,0.025552,6.75,,,,,,3.2859
2018-03-16,,0.025552,6.75,,,,,,3.2905
2018-03-17,,,6.75,,,,,,
2018-03-18,,,6.75,,,,,,
2018-03-19,,0.025552,6.75,,,,,,3.2911
2018-03-20,,0.025552,6.75,,,,,,3.2981
2018-03-21,,0.025552,6.75,,,,,,3.2921
2018-03-22,,0.02462,6.5,,,,,,3.3033
2018-03-23,,0.02462,6.5,,,,,,3.3041
2018-03-24,,,6.5,,,,,,
2018-03-25,,,6.5,,,,,,
2018-03-26,,0.02462,6.5,,,,,,3.3034
2018-03-27,,0.02462,6.5,,,,,,3.3256
2018-03-28,,0.02462,6.5,,,,,,3.338
2018-03-29,,0.02462,6.5,,,,,,3.3238
2018-03-30,,,6.5,,,,,,
2018-03-31,,,6.5,,,,,,
2018-04-01,0.22,,6.5,13.0,0.09,174.02,587163.0,-776583.67,
2018-04-02,,0.02462,6.5,,,,,,3.3104
2018-04-03,,0.02462,6.5,,,,,,3.3139
2018-04-04,,0.02462,6.5,,,,,,3.3538
2018-04-05,,0.02462,6.5,,,,,,3.3196
2018-04-06,,0.02462,6.5,,,,,,3.3666
2018-04-07,,,6.5,,,,,,
2018-04-08,,,6.5,,,,,,
2018-04-09,,0.02462,6.5,,,,,,3.3903
2018-04-10,,0.02462,6.5,,,,,,3.4195
2018-04-11,,0.02462,6.5,,,,,,3.4052
2018-04-12,,0.02462,6.5,,,,,,3.3858
2018-04-13,,0.02462,6.5,,,,,,3.4105
2018-04-14,,,6.5,,,,,,
2018-04-15,,,6.5,,,,,,
2018-04-16,,0.02462,6.5,,,,,,3.4263
2018-04-17,,0.02462,6.5,,,,,,3.4041
2018-04-18,,0.02462,6.5,,,,,,3.3844
2018-04-19,,0.02462,6.5,,,,,,3.3977
2018-04-20,,0.02462,6.5,,,,,,3.4101
2018-04-21,,,6.5,,,,,,
2018-04-22,,,6.5,,,,,,
2018-04-23,,0.02462,6.5,,,,,,3.4421
2018-04-24,,0.02462,6.5,,,,,,3.4667
2018-04-25,,0.02462,6.5,,,,,,3.504
2018-04-26,,0.02462,6.5,,,,,,3.4977
2018-04-27,,0.02462,6.5,,,,,,3.4676
2018-04-28,,,6.5,,,,,,
2018-04-29,,,6.5,,,,,,
2018-04-30,,0.02462,6.5,,,,,,3.4811
2018-05-01,0.4,,6.5,12.8,0.32,188.25,562331.0,-868291.33,
2018-05-02,,0.02462,6.5,,,,,,3.5424
2018-05-03,,0.02462,6.5,,,,,,3.5484
2018-05-04,,0.02462,6.5,,,,,,3.5308
2018-05-05,,,6.5,,,,,,
2018-05-06,,,6.5,,,,,,
2018-05-07,,0.02462,6.5,,,,,,3.5458
2018-05-08,,0.02462,6.5,,,,,,3.5788
2018-05-09,,0.02462,6.5,,,,,,3.5943
2018-05-10,,0.02462,6.5,,,,,,3.5566
2018-05-11,,0.02462,6.5,,,,,,3.5716
2018-05-12,,,6.5,,,,,,
2018-05-13,,,6.5,,,,,,
2018-05-14,,0.02462,6.5,,,,,,3.6097
2018-05-15,,0.02462,6.5,,,,,,3.6753
2018-05-16,,0.02462,6.5,,,,,,3.6803
2018-05-17,,0.02462,6.5,,,,,,3.6874
2018-05-18,,0.02462,6.5,,,,,,3.7503
2018-05-19,,,6.5,,,,,,
2018-05-20,,,6.5,,,,,,
2018-05-21,,0.02462,6.5,,,,,,3.7072
2018-05-22,,0.02462,6.5,,,,,,3.6502
2018-05-23,,0.02462,6.5,,,,,,3.6507
2018-05-24,,0.02462,6.5,,,,,,3.6436
2018-05-25,,0.02462,6.5,,,,,,3.6587
2018-05-26,,,6.5,,,,,,
2018-05-27,,,6.5,,,,,,
2018-05-28,,0.02462,6.5,,,,,,3.7092
2018-05-29,,0.02462,6.5,,,,,,3.7289
2018-05-30,,0.02462,6.5,,,,,,3.737
2018-05-31,,,6.5,,,,,,
2018-06-01,1.26,0.02462,6.5,12.6,2.03,192.98,584605.0,-894641.63,3.7413
2018-06-02,,,6.5,,,,,,
2018-06-03,,,6.5,,,,,,
2018-06-04,,0.02462,6.5,,,,,,3.7424
2018-06-05,,0.02462,6.5,,,,,,3.7752
2018-06-06,,0.02462,6.5,,,,,,3.8193
2018-06-07,,0.02462,6.5,,,,,,3.9
2018-06-08,,0.02462,6.5,,,,,,3.7859
2018-06-09,,,6.5,,,,,,
2018-06-10,,,6.5,,,,,,
2018-06-11,,0.02462,6.5,,,,,,3.6913
2018-06-12,,0.02462,6.5,,,,,,3.7044
2018-06-13,,0.02462,6.5,,,,,,3.7054
2018-06-14,,0.02462,6.5,,,,,,3.7057
2018-06-15,,0.02462,6.5,,,,,,3.7738
2018-06-16,,,6.5,,,,,,
2018-06-17,,,6.5,,,,,,
2018-06-18,,0.02462,6.5,,,,,,3.7543
2018-06-19,,0.02462,6.5,,,,,,3.7566
2018-06-20,,0.02462,6.5,,,,,,3.7335
2018-06-21,,0.02462,6.5,,,,,,3.7894
2018-06-22,,0.02462,6.5,,,,,,3.7663
2018-06-23,,,6.5,,,,,,
2018-06-24,,,6.5,,,,,,
2018-06-25,,0.02462,6.5,,,,,,3.776
2018-06-26,,0.02462,6.5,,,,,,3.7721
2018-06-27,,0.02462,6.5,,,,,,3.8358
2018-06-28,,0.02462,6.5,,,,,,3.8521
2018-06-29,,0.02462,6.5,,,,,,3.8558
2018-06-30,,,6.5,,,,,,
2018-07-01,0.33,,6.5,12.4,-0.12,195.08,592545.8,-841067.06,
2018-07-02,,0.02462,6.5,,,,,,3.9055
2018-07-03,,0.02462,6.5,,,,,,3.892
2018-07-04,,0.02462,6.5,,,,,,3.9058
2018-07-05,,0.02462,6.5,,,,,,3.9192
2018-07-06,,0.02462,6.5,,,,,,3.9264
2018-07-07,,,6.5,,,,,,
2018-07-08,,,6.5,,,,,,
2018-07-09,,0.02462,6.5,,,,,,3.8692
2018-07-10,,0.02462,6.5,,,,,,3.8452
2018-07-11,,0.02462,6.5,,,,,,3.8417
2018-07-12,,0.02462,6.5,,,,,,3.8564
2018-07-13,,0.02462,6.5,,,,,,3.8745
2018-07-14,,,6.5,,,,,,
2018-07-15,,,6.5,,,,,,
2018-07-16,,0.02462,6.5,,,,,,3.8579
2018-07-17,,0.02462,6.5,,,,,,3.8671
2018-07-18,,0.02462,6.5,,,,,,3.8474
2018-07-19,,0.02462,6.5,,,,,,3.8847
2018-07-20,,0.02462,6.5,,,,,,3.7793
2018-07-21,,,6.5,,,,,,
2018-07-22,,,6.5,,,,,,
2018-07-23,,0.02462,6.5,,,,,,3.7915
2018-07-24,,0.02462,6.5,,,,,,3.7459
2018-07-25,,0.02462,6.5,,,,,,3.712
2018-07-26,,0.02462,6.5,,,,,,3.7243
2018-07-27,,0.02462,6.5,,,,,,3.7164
2018-07-28,,,6.5,,,,,,
2018-07-29,,,6.5,,,,,,
2018-07-30,,0.02462,6.5,,,,,,3.7155
2018-07-31,,0.02462,6.5,,,,,,3.7549
2018-08-01,-0.09,0.02462,6.5,12.2,-0.34,196.26,599103.4,-1000219.22,3.7491
2018-08-02,,0.02462,6.5,,,,,,3.7645
2018-08-03,,0.02462,6.5,,,,,,3.7201
2018-08-04,,,6.5,,,,,,
2018-08-05,,,6.5,,,,,,
2018-08-06,,0.02462,6.5,,,,,,3.7214
2018-08-07,,0.02462,6.5,,,,,,3.7118
2018-08-08,,0.02462,6.5,,,,,,3.7519
2018-08-09,,0.02462,6.5,,,,,,3.803
2018-08-10,,0.02462,6.5,,,,,,3.8472
2018-08-11,,,6.5,,,,,,
2018-08-12,,,6.5,,,,,,
2018-08-13,,0.02462,6.5,,,,,,3.8988
2018-08-14,,0.02462,6.5,,,,,,3.8812
2018-08-15,,0.02462,6.5,,,,,,3.9134
2018-08-16,,0.02462,6.5,,,,,,3.881
2018-08-17,,0.02462,6.5,,,,,,3.9389
2018-08-18,,,6.5,,,,,,
2018-08-19,,,6.5,,,,,,
2018-08-20,,0.02462,6.5,,,,,,3.943
2018-08-21,,0.02462,6.5,,,,,,3.9873
2018-08-22,,0.02462,6.5,,,,,,4.074
2018-08-23,,0.02462,6.5,,,,,,4.0727
2018-08-24,,0.02462,6.5,,,,,,4.0854
2018-08-25,,,6.5,,,,,,
2018-08-26,,,6.5,,,,,,
2018-08-27,,0.02462,6.5,,,,,,4.0687
2018-08-28,,0.02462,6.5,,,,,,4.1192
2018-08-29,,0.02462,6.5,,,,,,4.1353
2018-08-30,,0.02462,6.5,,,,,,4.1812
2018-08-31,,0.02462,6.5,,,,,,4.1353
2018-09-01,0.48,,6.5,12.0,0.1,206.97,576206.5,-961493.73,
2018-09-02,,,6.5,,,,,,
2018-09-03,,0.02462,6.5,,,,,,4.1279
2018-09-04,,0.02462,6.5,,,,,,4.1652
2018-09-05,,0.02462,6.5,,,,,,4.1609
2018-09-06,,0.02462,6.5,,,,,,4.146
2018-09-07,,,6.5,,,,,,
2018-09-08,,,6.5,,,,,,
2018-09-09,,,6.5,,,,,,
2018-09-10,,0.02462,6.5,,,,,,4.1007
2018-09-11,,0.02462,6.5,,,,,,4.1641
2018-09-12,,0.02462,6.5,,,,,,4.1259
2018-09-13,,0.02462,6.5,,,,,,4.1637
2018-09-14,,0.02462,6.5,,,,,,4.1879
2018-09-15,,,6.5,,,,,,
2018-09-16,,,6.5,,,,,,
2018-09-17,,0.02462,6.5,,,,,,4.1695
2018-09-18,,0.02462,6.5,,,,,,4.1369
2018-09-19,,0.02462,6.5,,,,,,4.1351
2018-09-20,,0.02462,6.5,,,,,,4.0997
2018-09-21,,0.02462,6.5,,,,,,4.0728
2018-09-22,,,6.5,,,,,,
2018-09-23,,,6.5,,,,,,
2018-09-24,,0.02462,6.5,,,,,,4.0594
2018-09-25,,0.02462,6.5,,,,,,4.1286
2018-09-26,,0.02462,6.5,,,,,,4.057
2018-09-27,,0.02462,6.5,,,,,,4.0092
2018-09-28,,0.02462,6.5,,,,,,4.0039
2018-09-29,,,6.5,,,,,,
2018-09-30,,,6.5,,,,,,
2018-10-01,0.45,0.02462,6.5,11.8,0.59,194.34,612129.5,-851667.23,4.0273
2018-10-02,,0.02462,6.5,,,,,,3.9505
2018-10-03,,0.02462,6.5,,,,,,3.8542
2018-10-04,,0.02462,6.5,,,,,,3.9047
2018-10-05,,0.02462,6.5,,,,,,3.8699
2018-10-06,,,6.5,,,,,,
2018-10-07,,,6.5,,,,,,
2018-10-08,,0.02462,6.5,,,,,,3.7588
2018-10-09,,0.02462,6.5,,,,,,3.7391
2018-10-10,,0.02462,6.5,,,,,,3.751
2018-10-11,,0.02462,6.5,,,,,,3.746
2018-10-12,,,6.5,,,,,,
2018-10-13,,,6.5,,,,,,
2018-10-14,,,6.5,,,,,,
2018-10-15,,0.02462,6.5,,,,,,3.7332
2018-10-16,,0.02462,6.5,,,,,,3.7079
2018-10-17,,0.02462,6.5,,,,,,3.7008
2018-10-18,,0.02462,6.5,,,,,,3.6963
2018-10-19,,0.02462,6.5,,,,,,3.7079
2018-10-20,,,6.5,,,,,,
2018-10-21,,,6.5,,,,,,
2018-10-22,,0.02462,6.5,,,,,,3.6903
2018-10-23,,0.02462,6.5,,,,,,3.708
2018-10-24,,0.02462,6.5,,,,,,3.706
2018-10-25,,0.02462,6.5,,,,,,3.7014
2018-10-26,,0.02462,6.5,,,,,,3.6753
2018-10-27,,,6.5,,,,,,
2018-10-28,,,6.5,,,,,,
2018-10-29,,0.02462,6.5,,,,,,3.6368
2018-10-30,,0.02462,6.5,,,,,,3.7019
2018-10-31,,0.02462,6.5,,,,,,3.7177
2018-11-01,-0.21,0.02462,6.5,11.7,0.39,195.76,607615.3,-901792.8,3.6973
2018-11-02,,,6.5,,,,,,
2018-11-03,,,6.5,,,,,,
2018-11-04,,,6.5,,,,,,
2018-11-05,,0.02462,6.5,,,,,,3.7048
2018-11-06,,0.02462,6.5,,,,,,3.7492
2018-11-07,,0.02462,6.5,,,,,,3.7592
2018-11-08,,0.02462,6.5,,,,,,3.7391
2018-11-09,,0.02462,6.5,,,,,,3.7506
2018-11-10,,,6.5,,,,,,
2018-11-11,,,6.5,,,,,,
2018-11-12,,0.02462,6.5,,,,,,3.7478
2018-11-13,,0.02462,6.5,,,,,,3.7792
2018-11-14,,0.02462,6.5,,,,,,3.7924
2018-11-15,,,6.5,,,,,,
2018-11-16,,0.02462,6.5,,,,,,3.7525
2018-11-17,,,6.5,,,,,,
2018-11-18,,,6.5,,,,,,
2018-11-19,,0.02462,6.5,,,,,,3.7553
2018-11-20,,0.02462,6.5,,,,,,3.7591
2018-11-21,,0.02462,6.5,,,,,,3.7872
2018-11-22,,0.02462,6.5,,,,,,3.8103
2018-11-23,,0.02462,6.5,,,,,,3.8081
2018-11-24,,,6.5,,,,,,
2018-11-25,,,6.5,,,,,,
2018-11-26,,0.02462,6.5,,,,,,3.8655
2018-11-27,,0.02462,6.5,,,,,,3.8925
2018-11-28,,0.02462,6.5,,,,,,3.8631
2018-11-29,,0.02462,6.5,,,,,,3.8568
2018-11-30,,0.02462,6.5,,,,,,3.8633
2018-12-01,0.15,,6.5,11.7,0.44,201.44,600358.4,-896394.62,
2018-12-02,,,6.5,,,,,,
2018-12-03,,0.02462,6.5,,,,,,3.8285
2018-12-04,,0.02462,6.5,,,,,,3.8313
2018-12-05,,0.02462,6.5,,,,,,3.8561
2018-12-06,,0.02462,6.5,,,,,,3.9178
2018-12-07,,0.02462,6.5,,,,,,3.8964
2018-12-08,,,6.5,,,,,,
2018-12-09,,,6.5,,,,,,
2018-12-10,,0.02462,6.5,,,,,,3.911
2018-12-11,,0.02462,6.5,,,,,,3.9013
2018-12-12,,0.02462,6.5,,,,,,3.8629
2018-12-13,,0.02462,6.5,,,,,,3.879
2018-12-14,,0.02462,6.5,,,,,,3.909
2018-12-15,,,6.5,,,,,,
2018-12-16,,,6.5,,,,,,
2018-12-17,,0.02462,6.5,,,,,,3.9121
2018-12-18,,0.02462,6.5,,,,,,3.8997
2018-12-19,,0.02462,6.5,,,,,,3.8907
2018-12-20,,0.02462,6.5,,,,,,3.8443
2018-12-21,,0.02462,6.5,,,,,,3.8671
2018-12-22,,,6.5,,,,,,
2018-12-23,,,6.5,,,,,,
2018-12-24,,0.02462,6.5,,,,,,3.8855
2018-12-25,,,6.5,,,,,,
2018-12-26,,0.02462,6.5,,,,,,3.9258
2018-12-27,,0.02462,6.5,,,,,,3.933
2018-12-28,,0.02462,6.5,,,,,,3.8748
2018-12-29,,,6.5,,,,,,
2018-12-30,,,6.5,,,,,,
2018-12-31,,0.02462,6.5,,,,,,3.8748
2019-01-01,0.32,,6.5,12.2,0.9,195.69,578907.4,-817604.28,
2019-01-02,,0.02462,6.5,,,,,,3.8595
2019-01-03,,0.02462,6.5,,,,,,3.7683
2019-01-04,,0.02462,6.5,,,,,,3.7627
2019-01-05,,,6.5,,,,,,
2019-01-06,,,6.5,,,,,,
2019-01-07,,0.02462,6.5,,,,,,3.7062
2019-01-08,,0.02462,6.5,,,,,,3.7208
2019-01-09,,0.02462,6.5,,,,,,3.6931
2019-01-10,,0.02462,6.5,,,,,,3.6869
2019-01-11,,0.02462,6.5,,,,,,3.7141
2019-01-12,,,6.5,,,,,,
2019-01-13,,,6.5,,,,,,
2019-01-14,,0.02462,6.5,,,,,,3.726
2019-01-15,,0.02462,6.5,,,,,,3.7049
2019-01-16,,0.02462,6.5,,,,,,3.7197
2019-01-17,,0.02462,6.5,,,,,,3.7591
2019-01-18,,0.02462,6.5,,,,,,3.7486
2019-01-19,,,6.5,,,,,,
2019-01-20,,,6.5,,,,,,
2019-01-21,,0.02462,6.5,,,,,,3.7705
2019-01-22,,0.02462,6.5,,,,,,3.7615
2019-01-23,,0.02462,6.5,,,,,,3.7994
2019-01-24,,0.02462,6.5,,,,,,3.7815
2019-01-25,,0.02462,6.5,,,,,,3.7626
2019-01-26,,,6.5,,,,,,
2019-01-27,,,6.5,,,,,,
2019-01-28,,0.02462,6.5,,,,,,3.7676
2019-01-29,,0.02462,6.5,,,,,,3.737
2019-01-30,,0.02462,6.5,,,,,,3.7151
2019-01-31,,0.02462,6.5,,,,,,3.6519
2019-02-01,0.43,0.02462,6.5,12.5,0.78,194.25,576675.0,-832727.07,3.6694
2019-02-02,,,6.5,,,,,,
2019-02-03,,,6.5,,,,,,
2019-02-04,,0.02462,6.5,,,,,,3.6756
2019-02-05,,0.02462,6.5,,,,,,3.6741
2019-02-06,,0.02462,6.5,,,,,,3.7019
2019-02-07,,0.02462,6.5,,,,,,3.7193
2019-02-08,,0.02462,6.5,,,,,,3.7184
2019-02-09,,,6.5,,,,,,
2019-02-10,,,6.5,,,,,,
2019-02-11,,0.02462,6.5,,,,,,3.7391
2019-02-12,,0.02462,6.5,,,,,,3.7296
2019-02-13,,0.02462,6.5,,,,,,3.7277
2019-02-14,,0.02462,6.5,,,,,,3.7756
2019-02-15,,0.02462,6.5,,,,,,3.7155
2019-02-16,,,6.5,,,,,,
2019-02-17,,,6.5,,,,,,
2019-02-18,,0.02462,6.5,,,,,,3.7316
2019-02-19,,0.02462,6.5,,,,,,3.7206
2019-02-20,,0.02462,6.5,,,,,,3.71
2019-02-21,,0.02462,6.5,,,,,,3.7595
2019-02-22,,0.02462,6.5,,,,,,3.743
2019-02-23,,,6.5,,,,,,
2019-02-24,,,6.5,,,,,,
2019-02-25,,0.02462,6.5,,,,,,3.7285
2019-02-26,,0.02462,6.5,,,,,,3.7595
2019-02-27,,0.02462,6.5,,,,,,3.7351
2019-02-28,,0.02462,6.5,,,,,,3.7385
2019-03-01,0.75,0.02462,6.5,12.8,1.37,196.56,601971.1,-898836.86,3.7832
2019-03-02,,,6.5,,,,,,
2019-03-03,,,6.5,,,,,,
2019-03-04,,,6.5,,,,,,
2019-03-05,,,6.5,,,,,,
2019-03-06,,0.02462,6.5,,,,,,3.8303
2019-03-07,,0.02462,6.5,,,,,,3.8487
2019-03-08,,0.02462,6.5,,,,,,3.8678
2019-03-09,,,6.5,,,,,,
2019-03-10,,,6.5,,,,,,
2019-03-11,,0.02462,6.5,,,,,,3.8461
2019-03-12,,0.02462,6.5,,,,,,3.8129
2019-03-13,,0.02462,6.5,,,,,,3.8265
2019-03-14,,0.02462,6.5,,,,,,3.8327
2019-03-15,,0.02462,6.5,,,,,,3.8344
2019-03-16,,,6.5,,,,,,
2019-03-17,,,6.5,,,,,,
2019-03-18,,0.02462,6.5,,,,,,3.8111
2019-03-19,,0.02462,6.5,,,,,,3.7762
2019-03-20,,0.02462,6.5,,,,,,3.7897
2019-03-21,,0.02462,6.5,,,,,,3.7967
2019-03-22,,0.02462,6.5,,,,,,3.8815
2019-03-23,,,6.5,,,,,,
2019-03-24,,,6.5,,,,,,
2019-03-25,,0.02462,6.5,,,,,,3.877
2019-03-26,,0.02462,6.5,,,,,,3.8646
2019-03-27,,0.02462,6.5,,,,,,3.9389
2019-03-28,,0.02462,6.5,,,,,,3.9682
2019-03-29,,0.02462,6.5,,,,,,3.8967
2019-03-30,,,6.5,,,,,,
2019-03-31,,,6.5,,,,,,
2019-04-01,0.57,0.02462,6.5,12.6,0.63,198.98,613125.1,-909465.95,3.8682
2019-04-02,,0.02462,6.5,,,,,,3.8661
2019-04-03,,0.02462,6.5,,,,,,3.8436
2019-04-04,,0.02462,6.5,,,,,,3.8713
2019-04-05,,0.02462,6.5,,,,,,3.8622
2019-04-06,,,6.5,,,,,,
2019-04-07,,,6.5,,,,,,
2019-04-08,,0.02462,6.5,,,,,,3.8658
2019-04-09,,0.02462,6.5,,,,,,3.8563
2019-04-10,,0.02462,6.5,,,,,,3.8345
2019-04-11,,0.02462,6.5,,,,,,3.8399
2019-04-12,,0.02462,6.5,,,,,,3.8685
2019-04-13,,,6.5,,,,,,
2019-04-14,,,6.5,,,,,,
2019-04-15,,0.02462,6.5,,,,,,3.873
2019-04-16,,0.02462,6.5,,,,,,3.8913
2019-04-17,,0.02462,6.5,,,,,,3.9225
2019-04-18,,0.02462,6.5,,,,,,3.937
2019-04-19,,,6.5,,,,,,
2019-04-20,,,6.5,,,,,,
2019-04-21,,,6.5,,,,,,
2019-04-22,,0.02462,6.5,,,,,,3.923
2019-04-23,,0.02462,6.5,,,,,,3.9436
2019-04-24,,0.02462,6.5,,,,,,3.963
2019-04-25,,0.02462,6.5,,,,,,3.9725
2019-04-26,,0.02462,6.5,,,,,,3.9353
2019-04-27,,,6.5,,,,,,
2019-04-28,,,6.5,,,,,,
2019-04-29,,0.02462,6.5,,,,,,3.9364
2019-04-30,,0.02462,6.5,,,,,,3.9453
2019-05-01,0.13,,6.5,12.4,-0.56,193.74,616066.2,-906442.24,
2019-05-02,,0.02462,6.5,,,,,,3.965
2019-05-03,,0.02462,6.5,,,,,,3.9388
2019-05-04,,,6.5,,,,,,
2019-05-05,,,6.5,,,,,,
2019-05-06,,0.02462,6.5,,,,,,3.9624
2019-05-07,,0.02462,6.5,,,,,,3.988
2019-05-08,,0.02462,6.5,,,,,,3.9344
2019-05-09,,0.02462,6.5,,,,,,3.9673
2019-05-10,,0.02462,6.5,,,,,,3.9578
2019-05-11,,,6.5,,,,,,
2019-05-12,,,6.5,,,,,,
2019-05-13,,0.02462,6.5,,,,,,3.989
2019-05-14,,0.02462,6.5,,,,,,3.9788
2019-05-15,,0.02462,6.5,,,,,,4.0031
2019-05-16,,0.02462,6.5,,,,,,4.0138
2019-05-17,,0.02462,6.5,,,,,,4.0844
2019-05-18,,,6.5,,,,,,
2019-05-19,,,6.5,,,,,,
2019-05-20,,0.02462,6.5,,,,,,4.1056
2019-05-21,,0.02462,6.5,,,,,,4.081
2019-05-22,,0.02462,6.5,,,,,,4.0228
2019-05-23,,0.02462,6.5,,,,,,4.0513
2019-05-24,,0.02462,6.5,,,,,,4.0322
2019-05-25,,,6.5,,,,,,
2019-05-26,,,6.5,,,,,,
2019-05-27,,0.02462,6.5,,,,,,4.021
2019-05-28,,0.02462,6.5,,,,,,4.0275
2019-05-29,,0.02462,6.5,,,,,,3.9965
2019-05-30,,0.02462,6.5,,,,,,3.972
2019-05-31,,0.02462,6.5,,,,,,3.9407
2019-06-01,0.01,,6.5,12.1,-0.25,189.84,597569.8,-880933.5,
2019-06-02,,,6.5,,,,,,
2019-06-03,,0.02462,6.5,,,,,,3.9003
2019-06-04,,0.02462,6.5,,,,,,3.871
2019-06-05,,0.02462,6.5,,,,,,3.8611
2019-06-06,,0.02462,6.5,,,,,,3.8726
2019-06-07,,0.02462,6.5,,,,,,3.8571
2019-06-08,,,6.5,,,,,,
2019-06-09,,,6.5,,,,,,
2019-06-10,,0.02462,6.5,,,,,,3.879
2019-06-11,,0.02462,6.5,,,,,,3.8664
2019-06-12,,0.02462,6.5,,,,,,3.8437
2019-06-13,,0.02462,6.5,,,,,,3.8429
2019-06-14,,0.02462,6.5,,,,,,3.8813
2019-06-15,,,6.5,,,,,,
2019-06-16,,,6.5,,,,,,
2019-06-17,,0.02462,6.5,,,,,,3.8895
2019-06-18,,0.02462,6.5,,,,,,3.8608
2019-06-19,,0.02462,6.5,,,,,,3.8723
2019-06-20,,,6.5,,,,,,
2019-06-21,,0.02462,6.5,,,,,,3.8255
2019-06-22,,,6.5,,,,,,
2019-06-23,,,6.5,,,,,,
2019-06-24,,0.02462,6.5,,,,,,3.8234
2019-06-25,,0.02462,6.5,,,,,,3.8303
2019-06-26,,0.02462,6.5,,,,,,3.8441
2019-06-27,,0.02462,6.5,,,,,,3.8642
2019-06-28,,0.02462,6.5,,,,,,3.8322
2019-06-29,,,6.5,,,,,,
2019-06-30,,,6.5,,,,,,
2019-07-01,0.19,0.02462,6.5,11.9,0.01,187.91,632359.6,-848346.74,3.8193
2019-07-02,,0.02462,6.5,,,,,,3.8564
2019-07-03,,0.02462,6.5,,,,,,3.8475
2019-07-04,,0.02462,6.5,,,,,,3.794
2019-07-05,,0.02462,6.5,,,,,,3.8204
2019-07-06,,,6.5,,,,,,
2019-07-07,,,6.5,,,,,,
2019-07-08,,0.02462,6.5,,,,,,3.8065
2019-07-09,,0.02462,6.5,,,,,,3.7858
2019-07-10,,0.02462,6.5,,,,,,3.7697
2019-07-11,,0.02462,6.5,,,,,,3.7533
2019-07-12,,0.02462,6.5,,,,,,3.7452
2019-07-13,,,6.5,,,,,,
2019-07-14,,,6.5,,,,,,
2019-07-15,,0.02462,6.5,,,,,,3.7463
2019-07-16,,0.02462,6.5,,,,,,3.7624
2019-07-17,,0.02462,6.5,,,,,,3.7618
2019-07-18,,0.02462,6.5,,,,,,3.7489
2019-07-19,,0.02462,6.5,,,,,,3.7408
2019-07-20,,,6.5,,,,,,
2019-07-21,,,6.5,,,,,,
2019-07-22,,0.02462,6.5,,,,,,3.74
2019-07-23,,0.02462,6.5,,,,,,3.7621
2019-07-24,,0.02462,6.5,,,,,,3.7596
2019-07-25,,0.02462,6.5,,,,,,3.7849
2019-07-26,,0.02462,6.5,,,,,,3.7741
2019-07-27,,,6.5,,,,,,
2019-07-28,,,6.5,,,,,,
2019-07-29,,0.02462,6.5,,,,,,3.7909
2019-07-30,,0.02462,6.5,,,,,,3.79
2019-07-31,,0.02462,6.5,,,,,,3.7649
2019-08-01,0.11,0.022751,6.0,11.9,-0.35,187.31,630309.7,-979966.61,3.8296
2019-08-02,,0.022751,6.0,,,,,,3.8739
2019-08-03,,,6.0,,,,,,
2019-08-04,,,6.0,,,,,,
2019-08-05,,0.022751,6.0,,,,,,3.9404
2019-08-06,,0.022751,6.0,,,,,,3.9643
2019-08-07,,0.022751,6.0,,,,,,3.985
2019-08-08,,0.022751,6.0,,,,,,3.9409
2019-08-09,,0.022751,6.0,,,,,,3.9362
2019-08-10,,,6.0,,,,,,
2019-08-11,,,6.0,,,,,,
2019-08-12,,0.022751,6.0,,,,,,3.9966
2019-08-13,,0.022751,6.0,,,,,,3.9736
2019-08-14,,0.022751,6.0,,,,,,4.0074
2019-08-15,,0.022751,6.0,,,,,,4.0188
2019-08-16,,0.022751,6.0,,,,,,3.9933
2019-08-17,,,6.0,,,,,,
2019-08-18,,,6.0,,,,,,
2019-08-19,,0.022751,6.0,,,,,,4.0274
2019-08-20,,0.022751,6.0,,,,,,4.0425
2019-08-21,,0.022751,6.0,,,,,,4.0254
2019-08-22,,0.022751,6.0,,,,,,4.0444
2019-08-23,,0.022751,6.0,,,,,,4.0851
2019-08-24,,,6.0,,,,,,
2019-08-25,,,6.0,,,,,,
2019-08-26,,0.022751,6.0,,,,,,4.1367
2019-08-27,,0.022751,6.0,,,,,,4.1557
2019-08-28,,0.022751,6.0,,,,,,4.1559
2019-08-29,,0.022751,6.0,,,,,,4.168
2019-08-30,,0.022751,6.0,,,,,,4.1385
2019-08-31,,,6.0,,,,,,
2019-09-01,-0.04,,6.0,11.9,-0.43,194.95,617940.9,-963021.64,
2019-09-02,,0.022751,6.0,,,,,,4.1581
2019-09-03,,0.022751,6.0,,,,,,4.1657
2019-09-04,,0.022751,6.0,,,,,,4.1249
2019-09-05,,0.022751,6.0,,,,,,4.0859
2019-09-06,,0.022751,6.0,,,,,,4.065
2019-09-07,,,6.0,,,,,,
2019-09-08,,,6.0,,,,,,
2019-09-09,,0.022751,6.0,,,,,,4.0766
2019-09-10,,0.022751,6.0,,,,,,4.1108
2019-09-11,,0.022751,6.0,,,,,,4.0631
2019-09-12,,0.022751,6.0,,,,,,4.0494
2019-09-13,,0.022751,6.0,,,,,,4.0616
2019-09-14,,,6.0,,,,,,
2019-09-15,,,6.0,,,,,,
2019-09-16,,0.022751,6.0,,,,,,4.0872
2019-09-17,,0.022751,6.0,,,,,,4.0998
2019-09-18,,0.022751,6.0,,,,,,4.0972
2019-09-19,,0.020872,5.5,,,,,,4.1393
2019-09-20,,0.020872,5.5,,,,,,4.1687
2019-09-21,,,5.5,,,,,,
2019-09-22,,,5.5,,,,,,
2019-09-23,,0.020872,5.5,,,,,,4.1734
2019-09-24,,0.020872,5.5,,,,,,4.1721
2019-09-25,,0.020872,5.5,,,,,,4.1827
2019-09-26,,0.020872,5.5,,,,,,4.1469
2019-09-27,,0.020872,5.5,,,,,,4.1587
2019-09-28,,,5.5,,,,,,
2019-09-29,,,5.5,,,,,,
2019-09-30,,0.020872,5.5,,,,,,4.1644
2019-10-01,0.1,0.020872,5.5,11.7,0.05,204.22,649364.6,-886593.62,4.174
2019-10-02,,0.020872,5.5,,,,,,4.1546
2019-10-03,,0.020872,5.5,,,,,,4.1012
2019-10-04,,0.020872,5.5,,,,,,4.061
2019-10-05,,,5.5,,,,,,
2019-10-06,,,5.5,,,,,,
2019-10-07,,0.020872,5.5,,,,,,4.0688
2019-10-08,,0.020872,5.5,,,,,,4.0868
2019-10-09,,0.020872,5.5,,,,,,4.0954
2019-10-10,,0.020872,5.5,,,,,,4.1145
2019-10-11,,0.020872,5.5,,,,,,4.106
2019-10-12,,,5.5,,,,,,
2019-10-13,,,5.5,,,,,,
2019-10-14,,0.020872,5.5,,,,,,4.1263
2019-10-15,,0.020872,5.5,,,,,,4.1488
2019-10-16,,0.020872,5.5,,,,,,4.1714
2019-10-17,,0.020872,5.5,,,,,,4.1457
2019-10-18,,0.020872,5.5,,,,,,4.1376
2019-10-19,,,5.5,,,,,,
2019-10-20,,,5.5,,,,,,
2019-10-21,,0.020872,5.5,,,,,,4.1319
2019-10-22,,0.020872,5.5,,,,,,4.0858
2019-10-23,,0.020872,5.5,,,,,,4.0721
2019-10-24,,0.020872,5.5,,,,,,4.0089
2019-10-25,,0.020872,5.5,,,,,,4.0133
2019-10-26,,,5.5,,,,,,
2019-10-27,,,5.5,,,,,,
2019-10-28,,0.020872,5.5,,,,,,3.9793
2019-10-29,,0.020872,5.5,,,,,,3.9946
2019-10-30,,0.020872,5.5,,,,,,4.0186
2019-10-31,,0.018985,5.0,,,,,,4.0041
2019-11-01,0.51,0.018985,5.0,11.3,0.72,216.67,637689.2,-937298.78,3.9786
2019-11-02,,,5.0,,,,,,
2019-11-03,,,5.0,,,,,,
2019-11-04,,0.018985,5.0,,,,,,3.9922
2019-11-05,,0.018985,5.0,,,,,,4.0043
2019-11-06,,0.018985,5.0,,,,,,4.0351
2019-11-07,,0.018985,5.0,,,,,,4.0927
2019-11-08,,0.018985,5.0,,,,,,4.1365
2019-11-09,,,5.0,,,,,,
2019-11-10,,,5.0,,,,,,
2019-11-11,,0.018985,5.0,,,,,,4.1559
2019-11-12,,0.018985,5.0,,,,,,4.1756
2019-11-13,,0.018985,5.0,,,,,,4.1767
2019-11-14,,0.018985,5.0,,,,,,4.1831
2019-11-15,,,5.0,,,,,,
2019-11-16,,,5.0,,,,,,
2019-11-17,,,5.0,,,,,,
2019-11-18,,0.018985,5.0,,,,,,4.1827
2019-11-19,,0.018985,5.0,,,,,,4.2084
2019-11-20,,0.018985,5.0,,,,,,4.2037
2019-11-21,,0.018985,5.0,,,,,,4.2012
2019-11-22,,0.018985,5.0,,,,,,4.1832
2019-11-23,,,5.0,,,,,,
2019-11-24,,,5.0,,,,,,
2019-11-25,,0.018985,5.0,,,,,,4.2089
2019-11-26,,0.018985,5.0,,,,,,4.2559
2019-11-27,,0.018985,5.0,,,,,,4.2602
2019-11-28,,0.018985,5.0,,,,,,4.248
2019-11-29,,0.018985,5.0,,,,,,4.224
2019-11-30,,,5.0,,,,,,
2019-12-01,1.15,,5.0,11.1,3.38,220.39,637152.3,-858926.78,
2019-12-02,,0.018985,5.0,,,,,,4.2261
2019-12-03,,0.018985,5.0,,,,,,4.2008
2019-12-04,,0.018985,5.0,,,,,,4.1926
2019-12-05,,0.018985,5.0,,,,,,4.2136
2019-12-06,,0.018985,5.0,,,,,,4.1783
2019-12-07,,,5.0,,,,,,
2019-12-08,,,5.0,,,,,,
2019-12-09,,0.018985,5.0,,,,,,4.1503
2019-12-10,,0.018985,5.0,,,,,,4.1427
2019-12-11,,0.018985,5.0,,,,,,4.1153
2019-12-12,,0.017089,4.5,,,,,,4.1092
2019-12-13,,0.017089,4.5,,,,,,4.0949
2019-12-14,,,4.5,,,,,,
2019-12-15,,,4.5,,,,,,
2019-12-16,,0.017089,4.5,,,,,,4.0801
2019-12-17,,0.017089,4.5,,,,,,4.0687
2019-12-18,,0.017089,4.5,,,,,,4.0548
2019-12-19,,0.017089,4.5,,,,,,4.0633
2019-12-20,,0.017089,4.5,,,,,,4.0777
2019-12-21,,,4.5,,,,,,
2019-12-22,,,4.5,,,,,,
2019-12-23,,0.017089,4.5,,,,,,4.0757
2019-12-24,,0.017089,4.5,,,,,,4.0813
2019-12-25,,,4.5,,,,,,
2019-12-26,,0.017089,4.5,,,,,,4.0601
2019-12-27,,0.017089,4.5,,,,,,4.0545
2019-12-28,,,4.5,,,,,,
2019-12-29,,,4.5,,,,,,
2019-12-30,,0.017089,4.5,,,,,,4.0307
2019-12-31,,0.017089,4.5,,,,,,4.0307
2020-01-01,0.21,,4.5,11.3,0.39,224.73,614690.1,-930480.85,
2020-01-02,,0.017089,4.5,,,,,,4.0213
2020-01-03,,0.017089,4.5,,,,,,4.0522
2020-01-04,,,4.5,,,,,,
2020-01-05,,,4.5,,,,,,
2020-01-06,,0.017089,4.5,,,,,,4.0554
2020-01-07,,0.017089,4.5,,,,,,4.0841
2020-01-08,,0.017089,4.5,,,,,,4.0672
2020-01-09,,0.017089,4.5,,,,,,4.0744
2020-01-10,,0.017089,4.5,,,,,,4.0745
2020-01-11,,,4.5,,,,,,
2020-01-12,,,4.5,,,,,,
2020-01-13,,0.017089,4.5,,,,,,4.1309
2020-01-14,,0.017089,4.5,,,,,,4.1443
2020-01-15,,0.017089,4.5,,,,,,4.1622
2020-01-16,,0.017089,4.5,,,,,,4.1726
2020-01-17,,0.017089,4.5,,,,,,4.1837
2020-01-18,,,4.5,,,,,,
2020-01-19,,,4.5,,,,,,
2020-01-20,,0.017089,4.5,,,,,,4.1829
2020-01-21,,0.017089,4.5,,,,,,4.2014
2020-01-22,,0.017089,4.5,,,,,,4.1889
2020-01-23,,0.017089,4.5,,,,,,4.1662
2020-01-24,,0.017089,4.5,,,,,,4.1769
2020-01-25,,,4.5,,,,,,
2020-01-26,,,4.5,,,,,,
2020-01-27,,0.017089,4.5,,,,,,4.2196
2020-01-28,,0.017089,4.5,,,,,,4.2064
2020-01-29,,0.017089,4.5,,,,,,4.2013
2020-01-30,,0.017089,4.5,,,,,,4.2523
2020-01-31,,0.017089,4.5,,,,,,4.2695
2020-02-01,0.25,,4.5,11.7,0.11,226.97,618391.3,-1009014.24,
2020-02-02,,,4.5,,,,,,
2020-02-03,,0.017089,4.5,,,,,,4.2475
2020-02-04,,0.017089,4.5,,,,,,4.2381
2020-02-05,,0.017089,4.5,,,,,,4.2449
2020-02-06,,0.016137,4.25,,,,,,4.2477
2020-02-07,,0.016137,4.25,,,,,,4.3076
2020-02-08,,,4.25,,,,,,
2020-02-09,,,4.25,,,,,,
2020-02-10,,0.016137,4.25,,,,,,4.3195
2020-02-11,,0.016137,4.25,,,,,,4.3148
2020-02-12,,0.016137,4.25,,,,,,4.3366
2020-02-13,,0.016137,4.25,,,,,,4.3389
2020-02-14,,0.016137,4.25,,,,,,4.3163
2020-02-15,,,4.25,,,,,,
2020-02-16,,,4.25,,,,,,
2020-02-17,,0.016137,4.25,,,,,,4.3157
2020-02-18,,0.016137,4.25,,,,,,4.3471
2020-02-19,,0.016137,4.25,,,,,,4.3728
2020-02-20,,0.016137,4.25,,,,,,4.3873
2020-02-21,,0.016137,4.25,,,,,,4.3924
2020-02-22,,,4.25,,,,,,
2020-02-23,,,4.25,,,,,,
2020-02-24,,,4.25,,,,,,
2020-02-25,,,4.25,,,,,,
2020-02-26,,0.016137,4.25,,,,,,4.4359
2020-02-27,,0.016137,4.25,,,,,,4.4764
2020-02-28,,0.016137,4.25,,,,,,4.4987
2020-02-29,,,4.25,,,,,,
2020-03-01,0.07,,4.25,12.4,1.13,222.98,635013.1,-1191951.75,
2020-03-02,,0.016137,4.25,,,,,,4.4946
2020-03-03,,0.016137,4.25,,,,,,4.4883
2020-03-04,,0.016137,4.25,,,,,,4.5258
2020-03-05,,0.016137,4.25,,,,,,4.6207
2020-03-06,,0.016137,4.25,,,,,,4.6459
2020-03-07,,,4.25,,,,,,
2020-03-08,,,4.25,,,,,,
2020-03-09,,0.016137,4.25,,,,,,4.7379
2020-03-10,,0.016137,4.25,,,,,,4.6693
2020-03-11,,0.016137,4.25,,,,,,4.6738
2020-03-12,,0.016137,4.25,,,,,,4.8833
2020-03-13,,0.016137,4.25,,,,,,4.7362
2020-03-14,,,4.25,,,,,,
2020-03-15,,,4.25,,,,,,
2020-03-16,,0.016137,4.25,,,,,,4.9471
2020-03-17,,0.016137,4.25,,,,,,5.0496
2020-03-18,,0.016137,4.25,,,,,,5.1107
2020-03-19,,0.014227,3.75,,,,,,5.1444
2020-03-20,,0.014227,3.75,,,,,,5.0248
2020-03-21,,,3.75,,,,,,
2020-03-22,,,3.75,,,,,,
2020-03-23,,0.014227,3.75,,,,,,5.0805
2020-03-24,,0.014227,3.75,,,,,,5.0713
2020-03-25,,0.014227,3.75,,,,,,5.0706
2020-03-26,,0.014227,3.75,,,,,,5.001
2020-03-27,,0.014227,3.75,,,,,,5.1109
2020-03-28,,,3.75,,,,,,
2020-03-29,,,3.75,,,,,,
2020-03-30,,0.014227,3.75,,,,,,5.1594
2020-03-31,,0.014227,3.75,,,,,,5.1987
2020-04-01,-0.31,0.014227,3.75,12.7,1.79,226.36,568248.5,-1266290.57,5.2404
2020-04-02,,0.014227,3.75,,,,,,5.2651
2020-04-03,,0.014227,3.75,,,,,,5.2997
2020-04-04,,,3.75,,,,,,
2020-04-05,,,3.75,,,,,,
2020-04-06,,0.014227,3.75,,,,,,5.2471
2020-04-07,,0.014227,3.75,,,,,,5.2217
2020-04-08,,0.014227,3.75,,,,,,5.2123
2020-04-09,,0.014227,3.75,,,,,,5.0779
2020-04-10,,,3.75,,,,,,
2020-04-11,,,3.75,,,,,,
2020-04-12,,,3.75,,,,,,
2020-04-13,,0.014227,3.75,,,,,,5.1824
2020-04-14,,0.014227,3.75,,,,,,5.1858
2020-04-15,,0.014227,3.75,,,,,,5.2579
2020-04-16,,0.014227,3.75,,,,,,5.2377
2020-04-17,,0.014227,3.75,,,,,,5.2573
2020-04-18,,,3.75,,,,,,
2020-04-19,,,3.75,,,,,,
2020-04-20,,0.014227,3.75,,,,,,5.2837
2020-04-21,,,3.75,,,,,,
2020-04-22,,0.014227,3.75,,,,,,5.3847
2020-04-23,,0.014227,3.75,,,,,,5.4467
2020-04-24,,0.014227,3.75,,,,,,5.651
2020-04-25,,,3.75,,,,,,
2020-04-26,,,3.75,,,,,,
2020-04-27,,0.014227,3.75,,,,,,5.6358
2020-04-28,,0.014227,3.75,,,,,,5.5683
2020-04-29,,0.014227,3.75,,,,,,5.4291
2020-04-30,,0.014227,3.75,,,,,,5.427
2020-05-01,-0.38,,3.75,13.1,0.24,254.25,576764.2,-1301035.23,
2020-05-02,,,3.75,,,,,,
2020-05-03,,,3.75,,,,,,
2020-05-04,,0.014227,3.75,,,,,,5.5816
2020-05-05,,0.014227,3.75,,,,,,5.5354
2020-05-06,,0.014227,3.75,,,,,,5.6676
2020-05-07,,0.011345,3.0,,,,,,5.8365
2020-05-08,,0.011345,3.0,,,,,,5.7653
2020-05-09,,,3.0,,,,,,
2020-05-10,,,3.0,,,,,,
2020-05-11,,0.011345,3.0,,,,,,5.7954
2020-05-12,,0.011345,3.0,,,,,,5.7723
2020-05-13,,0.011345,3.0,,,,,,5.9022
2020-05-14,,0.011345,3.0,,,,,,5.9372
2020-05-15,,0.011345,3.0,,,,,,5.8229
2020-05-16,,,3.0,,,,,,
2020-05-17,,,3.0,,,,,,
2020-05-18,,0.011345,3.0,,,,,,5.7375
2020-05-19,,0.011345,3.0,,,,,,5.7216
2020-05-20,,0.011345,3.0,,,,,,5.6968
2020-05-21,,0.011345,3.0,,,,,,5.6019
2020-05-22,,0.011345,3.0,,,,,,5.5808
2020-05-23,,,3.0,,,,,,
2020-05-24,,,3.0,,,,,,
2020-05-25,,0.011345,3.0,,,,,,5.4772
2020-05-26,,0.011345,3.0,,,,,,5.3707
2020-05-27,,0.011345,3.0,,,,,,5.2992
2020-05-28,,0.011345,3.0,,,,,,5.3405
2020-05-29,,0.011345,3.0,,,,,,5.4263
2020-05-30,,,3.0,,,,,,
2020-05-31,,,3.0,,,,,,
2020-06-01,0.26,0.011345,3.0,13.6,0.38,234.64,607710.9,-1304212.11,5.3639
2020-06-02,,0.011345,3.0,,,,,,5.2601
2020-06-03,,0.011345,3.0,,,,,,5.0516
2020-06-04,,0.011345,3.0,,,,,,5.1041
2020-06-05,,0.011345,3.0,,,,,,4.9775
2020-06-06,,,3.0,,,,,,
2020-06-07,,,3.0,,,,,,
2020-06-08,,0.011345,3.0,,,,,,4.9331
2020-06-09,,0.011345,3.0,,,,,,4.9057
2020-06-10,,0.011345,3.0,,,,,,4.8894
2020-06-11,,,3.0,,,,,,
2020-06-12,,0.011345,3.0,,,,,,5.0373
2020-06-13,,,3.0,,,,,,
2020-06-14,,,3.0,,,,,,
2020-06-15,,0.011345,3.0,,,,,,5.1883
2020-06-16,,0.011345,3.0,,,,,,5.1285
2020-06-17,,0.011345,3.0,,,,,,5.2499
2020-06-18,,0.008442,2.25,,,,,,5.3468
2020-06-19,,0.008442,2.25,,,,,,5.3466
2020-06-20,,,2.25,,,,,,
2020-06-21,,,2.25,,,,,,
2020-06-22,,0.008442,2.25,,,,,,5.2226
2020-06-23,,0.008442,2.25,,,,,,5.1705
2020-06-24,,0.008442,2.25,,,,,,5.2435
2020-06-25,,0.008442,2.25,,,,,,5.3287
2020-06-26,,0.008442,2.25,,,,,,5.4629
2020-06-27,,,2.25,,,,,,
2020-06-28,,,2.25,,,,,,
2020-06-29,,0.008442,2.25,,,,,,5.4416
2020-06-30,,0.008442,2.25,,,,,,5.476
2020-07-01,0.36,0.008442,2.25,14.1,0.01,249.4,644059.4,-1255050.42,5.3651
2020-07-02,,0.008442,2.25,,,,,,5.3028
2020-07-03,,0.008442,2.25,,,,,,5.3374
2020-07-04,,,2.25,,,,,,
2020-07-05,,,2.25,,,,,,
2020-07-06,,0.008442,2.25,,,,,,5.3085
2020-07-07,,0.008442,2.25,,,,,,5.3318
2020-07-08,,0.008442,2.25,,,,,,5.3482
2020-07-09,,0.008442,2.25,,,,,,5.2978
2020-07-10,,0.008442,2.25,,,,,,5.344
2020-07-11,,,2.25,,,,,,
2020-07-12,,,2.25,,,,,,
2020-07-13,,0.008442,2.25,,,,,,5.3486
2020-07-14,,0.008442,2.25,,,,,,5.4288
2020-07-15,,0.008442,2.25,,,,,,5.3491
2020-07-16,,0.008442,2.25,,,,,,5.356
2020-07-17,,0.008442,2.25,,,,,,5.351
2020-07-18,,,2.25,,,,,,
2020-07-19,,,2.25,,,,,,
2020-07-20,,0.008442,2.25,,,,,,5.3635
2020-07-21,,0.008442,2.25,,,,,,5.2283
2020-07-22,,0.008442,2.25,,,,,,5.1111
2020-07-23,,0.008442,2.25,,,,,,5.1647
2020-07-24,,0.008442,2.25,,,,,,5.2146
2020-07-25,,,2.25,,,,,,
2020-07-26,,,2.25,,,,,,
2020-07-27,,0.008442,2.25,,,,,,5.1889
2020-07-28,,0.008442,2.25,,,,,,5.1777
2020-07-29,,0.008442,2.25,,,,,,5.1395
2020-07-30,,0.008442,2.25,,,,,,5.1837
2020-07-31,,0.008442,2.25,,,,,,5.2033
2020-08-01,0.24,,2.25,14.8,0.78,268.54,637201.0,-1327667.83,
2020-08-02,,,2.25,,,,,,
2020-08-03,,0.008442,2.25,,,,,,5.3075
2020-08-04,,0.008442,2.25,,,,,,5.3329
2020-08-05,,0.008442,2.25,,,,,,5.276
2020-08-06,,0.007469,2.0,,,,,,5.3431
2020-08-07,,0.007469,2.0,,,,,,5.4227
2020-08-08,,,2.0,,,,,,
2020-08-09,,,2.0,,,,,,
2020-08-10,,0.007469,2.0,,,,,,5.3933
2020-08-11,,0.007469,2.0,,,,,,5.4285
2020-08-12,,0.007469,2.0,,,,,,5.4551
2020-08-13,,0.007469,2.0,,,,,,5.3801
2020-08-14,,0.007469,2.0,,,,,,5.3852
2020-08-15,,,2.0,,,,,,
2020-08-16,,,2.0,,,,,,
2020-08-17,,0.007469,2.0,,,,,,5.4497
2020-08-18,,0.007469,2.0,,,,,,5.4659
2020-08-19,,0.007469,2.0,,,,,,5.4906
2020-08-20,,0.007469,2.0,,,,,,5.651
2020-08-21,,0.007469,2.0,,,,,,5.6064
2020-08-22,,,2.0,,,,,,
2020-08-23,,,2.0,,,,,,
2020-08-24,,0.007469,2.0,,,,,,5.5954
2020-08-25,,0.007469,2.0,,,,,,5.5997
2020-08-26,,0.007469,2.0,,,,,,5.568
2020-08-27,,0.007469,2.0,,,,,,5.5956
2020-08-28,,0.007469,2.0,,,,,,5.4679
2020-08-29,,,2.0,,,,,,
2020-08-30,,,2.0,,,,,,
2020-08-31,,0.007469,2.0,,,,,,5.4713
2020-09-01,0.64,0.007469,2.0,14.9,2.28,273.79,648063.1,-1369551.0,5.3732
2020-09-02,,0.007469,2.0,,,,,,5.3741
2020-09-03,,0.007469,2.0,,,,,,5.3079
2020-09-04,,0.007469,2.0,,,,,,5.2848
2020-09-05,,,2.0,,,,,,
2020-09-06,,,2.0,,,,,,
2020-09-07,,,2.0,,,,,,
2020-09-08,,0.007469,2.0,,,,,,5.3698
2020-09-09,,0.007469,2.0,,,,,,5.3024
2020-09-10,,0.007469,2.0,,,,,,5.2936
2020-09-11,,0.007469,2.0,,,,,,5.2854
2020-09-12,,,2.0,,,,,,
2020-09-13,,,2.0,,,,,,
2020-09-14,,0.007469,2.0,,,,,,5.2984
2020-09-15,,0.007469,2.0,,,,,,5.2728
2020-09-16,,0.007469,2.0,,,,,,5.2532
2020-09-17,,0.007469,2.0,,,,,,5.2593
2020-09-18,,0.007469,2.0,,,,,,5.2889
2020-09-19,,,2.0,,,,,,
2020-09-20,,,2.0,,,,,,
2020-09-21,,0.007469,2.0,,,,,,5.444
2020-09-22,,0.007469,2.0,,,,,,5.4329
2020-09-23,,0.007469,2.0,,,,,,5.5311
2020-09-24,,0.007469,2.0,,,,,,5.5714
2020-09-25,,0.007469,2.0,,,,,,5.5667
2020-09-26,,,2.0,,,,,,
2020-09-27,,,2.0,,,,,,
2020-09-28,,0.007469,2.0,,,,,,5.5858
2020-09-29,,0.007469,2.0,,,,,,5.6528
2020-09-30,,0.007469,2.0,,,,,,5.6407
2020-10-01,0.86,0.007469,2.0,14.6,1.93,289.01,674186.2,-1372913.21,5.6441
2020-10-02,,0.007469,2.0,,,,,,5.6464
2020-10-03,,,2.0,,,,,,
2020-10-04,,,2.0,,,,,,
2020-10-05,,0.007469,2.0,,,,,,5.6299
2020-10-06,,0.007469,2.0,,,,,,5.5205
2020-10-07,,0.007469,2.0,,,,,,5.6018
2020-10-08,,0.007469,2.0,,,,,,5.62
2020-10-09,,0.007469,2.0,,,,,,5.5393
2020-10-10,,,2.0,,,,,,
2020-10-11,,,2.0,,,,,,
2020-10-12,,,2.0,,,,,,
2020-10-13,,0.007469,2.0,,,,,,5.5859
2020-10-14,,0.007469,2.0,,,,,,5.5675
2020-10-15,,0.007469,2.0,,,,,,5.6172
2020-10-16,,0.007469,2.0,,,,,,5.6226
2020-10-17,,,2.0,,,,,,
2020-10-18,,,2.0,,,,,,
2020-10-19,,0.007469,2.0,,,,,,5.6023
2020-10-20,,0.007469,2.0,,,,,,5.583
2020-10-21,,0.007469,2.0,,,,,,5.6006
2020-10-22,,0.007469,2.0,,,,,,5.582
2020-10-23,,0.007469,2.0,,,,,,5.612
2020-10-24,,,2.0,,,,,,
2020-10-25,,,2.0,,,,,,
2020-10-26,,0.007469,2.0,,,,,,5.6328
2020-10-27,,0.007469,2.0,,,,,,5.6491
2020-10-28,,0.007469,2.0,,,,,,5.7325
2020-10-29,,0.007469,2.0,,,,,,5.7803
2020-10-30,,0.007469,2.0,,,,,,5.7718
2020-10-31,,,2.0,,,,,,
2020-11-01,0.89,,2.0,14.3,2.54,290.4,679760.7,-1241635.87,
2020-11-02,,,2.0,,,,,,
2020-11-03,,0.007469,2.0,,,,,,5.6895
2020-11-04,,0.007469,2.0,,,,,,5.6932
2020-11-05,,0.007469,2.0,,,,,,5.5624
2020-11-06,,0.007469,2.0,,,,,,5.5313
2020-11-07,,,2.0,,,,,,
2020-11-08,,,2.0,,,,,,
2020-11-09,,0.007469,2.0,,,,,,5.2821
2020-11-10,,0.007469,2.0,,,,,,5.3696
2020-11-11,,0.007469,2.0,,,,,,5.402
2020-11-12,,0.007469,2.0,,,,,,5.4094
2020-11-13,,0.007469,2.0,,,,,,5.4854
2020-11-14,,,2.0,,,,,,
2020-11-15,,,2.0,,,,,,
2020-11-16,,0.007469,2.0,,,,,,5.4198
2020-11-17,,0.007469,2.0,,,,,,5.3968
2020-11-18,,0.007469,2.0,,,,,,5.2932
2020-11-19,,0.007469,2.0,,,,,,5.333
2020-11-20,,0.007469,2.0,,,,,,5.3505
2020-11-21,,,2.0,,,,,,
2020-11-22,,,2.0,,,,,,
2020-11-23,,0.007469,2.0,,,,,,5.3828
2020-11-24,,0.007469,2.0,,,,,,5.4037
2020-11-25,,0.007469,2.0,,,,,,5.3508
2020-11-26,,0.007469,2.0,,,,,,5.3201
2020-11-27,,0.007469,2.0,,,,,,5.3494
2020-11-28,,,2.0,,,,,,
2020-11-29,,,2.0,,,,,,
2020-11-30,,0.007469,2.0,,,,,,5.3317
2020-12-01,1.35,0.007469,2.0,14.2,1.74,282.23,705508.5,-1171955.66,5.2789
2020-12-02,,0.007469,2.0,,,,,,5.2267
2020-12-03,,0.007469,2.0,,,,,,5.1625
2020-12-04,,0.007469,2.0,,,,,,5.1706
2020-12-05,,,2.0,,,,,,
2020-12-06,,,2.0,,,,,,
2020-12-07,,0.007469,2.0,,,,,,5.1018
2020-12-08,,0.007469,2.0,,,,,,5.092
2020-12-09,,0.007469,2.0,,,,,,5.1109
2020-12-10,,0.007469,2.0,,,,,,5.0852
2020-12-11,,0.007469,2.0,,,,,,5.0691
2020-12-12,,,2.0,,,,,,
2020-12-13,,,2.0,,,,,,
2020-12-14,,0.007469,2.0,,,,,,5.0578
2020-12-15,,0.007469,2.0,,,,,,5.0968
2020-12-16,,0.007469,2.0,,,,,,5.1057
2020-12-17,,0.007469,2.0,,,,,,5.0612
2020-12-18,,0.007469,2.0,,,,,,5.0986
2020-12-19,,,2.0,,,,,,
2020-12-20,,,2.0,,,,,,
2020-12-21,,0.007469,2.0,,,,,,5.1572
2020-12-22,,0.007469,2.0,,,,,,5.1473
2020-12-23,,0.007469,2.0,,,,,,5.174
2020-12-24,,0.007469,2.0,,,,,,5.18
2020-12-25,,,2.0,,,,,,
2020-12-26,,,2.0,,,,,,
2020-12-27,,,2.0,,,,,,
2020-12-28,,0.007469,2.0,,,,,,5.239
2020-12-29,,0.007469,2.0,,,,,,5.1942
2020-12-30,,0.007469,2.0,,,,,,5.1967
2020-12-31,,0.007469,2.0,,,,,,5.1967
2021-01-01,0.25,,2.0,14.4,1.02,314.23,679760.4,-1270551.12,
2021-01-02,,,2.0,,,,,,
2021-01-03,,,2.0,,,,,,
2021-01-04,,0.007469,2.0,,,,,,5.1626
2021-01-05,,0.007469,2.0,,,,,,5.3269
2021-01-06,,0.007469,2.0,,,,,,5.3182
2021-01-07,,0.007469,2.0,,,,,,5.3433
2021-01-08,,0.007469,2.0,,,,,,5.3683
2021-01-09,,,2.0,,,,,,
2021-01-10,,,2.0,,,,,,
2021-01-11,,0.007469,2.0,,,,,,5.4966
2021-01-12,,0.007469,2.0,,,,,,5.4637
2021-01-13,,0.007469,2.0,,,,,,5.307
2021-01-14,,0.007469,2.0,,,,,,5.2617
2021-01-15,,0.007469,2.0,,,,,,5.2714
2021-01-16,,,2.0,,,,,,
2021-01-17,,,2.0,,,,,,
2021-01-18,,0.007469,2.0,,,,,,5.2788
2021-01-19,,0.007469,2.0,,,,,,5.2945
2021-01-20,,0.007469,2.0,,,,,,5.3033
2021-01-21,,0.007469,2.0,,,,,,5.3166
2021-01-22,,0.007469,2.0,,,,,,5.4301
2021-01-23,,,2.0,,,,,,
2021-01-24,,,2.0,,,,,,
2021-01-25,,0.007469,2.0,,,,,,5.5089
2021-01-26,,0.007469,2.0,,,,,,5.3865
2021-01-27,,0.007469,2.0,,,,,,5.3824
2021-01-28,,0.007469,2.0,,,,,,5.4282
2021-01-29,,0.007469,2.0,,,,,,5.4759
2021-01-30,,,2.0,,,,,,
2021-01-31,,,2.0,,,,,,
2021-02-01,0.86,0.007469,2.0,14.6,0.27,331.74,707111.4,-1271876.72,5.4608
2021-02-02,,0.007469,2.0,,,,,,5.3875
2021-02-03,,0.007469,2.0,,,,,,5.3423
2021-02-04,,0.007469,2.0,,,,,,5.391
2021-02-05,,0.007469,2.0,,,,,,5.3884
2021-02-06,,,2.0,,,,,,
2021-02-07,,,2.0,,,,,,
2021-02-08,,0.007469,2.0,,,,,,5.367
2021-02-09,,0.007469,2.0,,,,,,5.4216
2021-02-10,,0.007469,2.0,,,,,,5.4024
2021-02-11,,0.007469,2.0,,,,,,5.3626
2021-02-12,,0.007469,2.0,,,,,,5.3815
2021-02-13,,,2.0,,,,,,
2021-02-14,,,2.0,,,,,,
2021-02-15,,,2.0,,,,,,
2021-02-16,,,2.0,,,,,,
2021-02-17,,0.007469,2.0,,,,,,5.4138
2021-02-18,,0.007469,2.0,,,,,,5.4238
2021-02-19,,0.007469,2.0,,,,,,5.3924
2021-02-20,,,2.0,,,,,,
2021-02-21,,,2.0,,,,,,
2021-02-22,,0.007469,2.0,,,,,,5.5044
2021-02-23,,0.007469,2.0,,,,,,5.449
2021-02-24,,0.007469,2.0,,,,,,5.4182
2021-02-25,,0.007469,2.0,,,,,,5.46
2021-02-26,,0.007469,2.0,,,,,,5.5302
2021-02-27,,,2.0,,,,,,
2021-02-28,,,2.0,,,,,,
2021-03-01,0.93,0.007469,2.0,14.9,0.13,346.53,769798.3,-1267875.97,5.5832
2021-03-02,,0.007469,2.0,,,,,,5.6844
2021-03-03,,0.007469,2.0,,,,,,5.7342
2021-03-04,,0.007469,2.0,,,,,,5.6008
2021-03-05,,0.007469,2.0,,,,,,5.687
2021-03-06,,,2.0,,,,,,
2021-03-07,,,2.0,,,,,,
2021-03-08,,0.007469,2.0,,,,,,5.7343
2021-03-09,,0.007469,2.0,,,,,,5.8397
2021-03-10,,0.007469,2.0,,,,,,5.7449
2021-03-11,,0.007469,2.0,,,,,,5.589
2021-03-12,,0.007469,2.0,,,,,,5.564
2021-03-13,,,2.0,,,,,,
2021-03-14,,,2.0,,,,,,
2021-03-15,,0.007469,2.0,,,,,,5.6296
2021-03-16,,0.007469,2.0,,,,,,5.5851
2021-03-17,,0.007469,2.0,,,,,,5.6579
2021-03-18,,0.010379,2.75,,,,,,5.5474
2021-03-19,,0.010379,2.75,,,,,,5.5082
2021-03-20,,,2.75,,,,,,
2021-03-21,,,2.75,,,,,,
2021-03-22,,0.010379,2.75,,,,,,5.5269
2021-03-23,,0.010379,2.75,,,,,,5.4951
2021-03-24,,0.010379,2.75,,,,,,5.533
2021-03-25,,0.010379,2.75,,,,,,5.6585
2021-03-26,,0.010379,2.75,,,,,,5.7042
2021-03-27,,,2.75,,,,,,
2021-03-28,,,2.75,,,,,,
2021-03-29,,0.010379,2.75,,,,,,5.7925
2021-03-30,,0.010379,2.75,,,,,,5.7642
2021-03-31,,0.010379,2.75,,,,,,5.6973
2021-04-01,0.31,0.010379,2.75,14.8,0.4,350.9,737649.1,-1206977.33,5.6849
2021-04-02,,,2.75,,,,,,
2021-04-03,,,2.75,,,,,,
2021-04-04,,,2.75,,,,,,
2021-04-05,,0.010379,2.75,,,,,,5.6579
2021-04-06,,0.010379,2.75,,,,,,5.6263
2021-04-07,,0.010379,2.75,,,,,,5.5864
2021-04-08,,0.010379,2.75,,,,,,5.5817
2021-04-09,,0.010379,2.75,,,,,,5.6445
2021-04-10,,,2.75,,,,,,
2021-04-11,,,2.75,,,,,,
2021-04-12,,0.010379,2.75,,,,,,5.6582
2021-04-13,,0.010379,2.75,,,,,,5.7064
2021-04-14,,0.010379,2.75,,,,,,5.6936
2021-04-15,,0.010379,2.75,,,,,,5.6234
2021-04-16,,0.010379,2.75,,,,,,5.6328
2021-04-17,,,2.75,,,,,,
2021-04-18,,,2.75,,,,,,
2021-04-19,,0.010379,2.75,,,,,,5.575
2021-04-20,,0.010379,2.75,,,,,,5.5266
2021-04-21,,,2.75,,,,,,
2021-04-22,,0.010379,2.75,,,,,,5.497
2021-04-23,,0.010379,2.75,,,,,,5.4787
2021-04-24,,,2.75,,,,,,
2021-04-25,,,2.75,,,,,,
2021-04-26,,0.010379,2.75,,,,,,5.4566
2021-04-27,,0.010379,2.75,,,,,,5.4424
2021-04-28,,0.010379,2.75,,,,,,5.4005
2021-04-29,,0.010379,2.75,,,,,,5.3662
2021-04-30,,0.010379,2.75,,,,,,5.4036
2021-05-01,0.83,,2.75,14.7,0.44,350.52,731500.3,-1150788.28,
2021-05-02,,,2.75,,,,,,
2021-05-03,,0.010379,2.75,,,,,,5.4087
2021-05-04,,0.010379,2.75,,,,,,5.4505
2021-05-05,,0.010379,2.75,,,,,,5.3872
2021-05-06,,0.013269,3.5,,,,,,5.2897
2021-05-07,,0.013269,3.5,,,,,,5.2217
2021-05-08,,,3.5,,,,,,
2021-05-09,,,3.5,,,,,,
2021-05-10,,0.013269,3.5,,,,,,5.2227
2021-05-11,,0.013269,3.5,,,,,,5.2403
2021-05-12,,0.013269,3.5,,,,,,5.2353
2021-05-13,,0.013269,3.5,,,,,,5.2815
2021-05-14,,0.013269,3.5,,,,,,5.2701
2021-05-15,,,3.5,,,,,,
2021-05-16,,,3.5,,,,,,
2021-05-17,,0.013269,3.5,,,,,,5.2755
2021-05-18,,0.013269,3.5,,,,,,5.2588
2021-05-19,,0.013269,3.5,,,,,,5.2822
2021-05-20,,0.013269,3.5,,,,,,5.2905
2021-05-21,,0.013269,3.5,,,,,,5.3027
2021-05-22,,,3.5,,,,,,
2021-05-23,,,3.5,,,,,,
2021-05-24,,0.013269,3.5,,,,,,5.3198
2021-05-25,,0.013269,3.5,,,,,,5.3143
2021-05-26,,0.013269,3.5,,,,,,5.3164
2021-05-27,,0.013269,3.5,,,,,,5.284
2021-05-28,,0.013269,3.5,,,,,,5.2281
2021-05-29,,,3.5,,,,,,
2021-05-30,,,3.5,,,,,,
2021-05-31,,0.013269,3.5,,,,,,5.2322
2021-06-01,0.53,0.013269,3.5,14.2,0.43,332.49,734489.4,-1055053.2,5.1636
2021-06-02,,0.013269,3.5,,,,,,5.1147
2021-06-03,,,3.5,,,,,,
2021-06-04,,0.013269,3.5,,,,,,5.0666
2021-06-05,,,3.5,,,,,,
2021-06-06,,,3.5,,,,,,
2021-06-07,,0.013269,3.5,,,,,,5.0498
2021-06-08,,0.013269,3.5,,,,,,5.0489
2021-06-09,,0.013269,3.5,,,,,,5.0533
2021-06-10,,0.013269,3.5,,,,,,5.0635
2021-06-11,,0.013269,3.5,,,,,,5.119
2021-06-12,,,3.5,,,,,,
2021-06-13,,,3.5,,,,,,
2021-06-14,,0.013269,3.5,,,,,,5.0707
2021-06-15,,0.013269,3.5,,,,,,5.0874
2021-06-16,,0.013269,3.5,,,,,,5.0207
2021-06-17,,0.016137,4.25,,,,,,5.0359
2021-06-18,,0.016137,4.25,,,,,,5.0314
2021-06-19,,,4.25,,,,,,
2021-06-20,,,4.25,,,,,,
2021-06-21,,0.016137,4.25,,,,,,5.0373
2021-06-22,,0.016137,4.25,,,,,,5.0178
2021-06-23,,0.016137,4.25,,,,,,4.9519
2021-06-24,,0.016137,4.25,,,,,,4.9277
2021-06-25,,0.016137,4.25,,,,,,4.9206
2021-06-26,,,4.25,,,,,,
2021-06-27,,,4.25,,,,,,
2021-06-28,,0.016137,4.25,,,,,,4.942
2021-06-29,,0.016137,4.25,,,,,,4.945
2021-06-30,,0.016137,4.25,,,,,,5.0022
2021-07-01,0.96,0.016137,4.25,13.7,0.6,347.42,765634.4,-1093325.42,5.0055
2021-07-02,,0.016137,4.25,,,,,,5.0293
2021-07-03,,,4.25,,,,,,
2021-07-04,,,4.25,,,,,,
2021-07-05,,0.016137,4.25,,,,,,5.0749
2021-07-06,,0.016137,4.25,,,,,,5.1645
2021-07-07,,0.016137,4.25,,,,,,5.2328
2021-07-08,,0.016137,4.25,,,,,,5.2587
2021-07-09,,0.016137,4.25,,,,,,5.2393
2021-07-10,,,4.25,,,,,,
2021-07-11,,,4.25,,,,,,
2021-07-12,,0.016137,4.25,,,,,,5.2239
2021-07-13,,0.016137,4.25,,,,,,5.177
2021-07-14,,0.016137,4.25,,,,,,5.088
2021-07-15,,0.016137,4.25,,,,,,5.1
2021-07-16,,0.016137,4.25,,,,,,5.0941
2021-07-17,,,4.25,,,,,,
2021-07-18,,,4.25,,,,,,
2021-07-19,,0.016137,4.25,,,,,,5.1978
2021-07-20,,0.016137,4.25,,,,,,5.2465
2021-07-21,,0.016137,4.25,,,,,,5.2516
2021-07-22,,0.016137,4.25,,,,,,5.1978
2021-07-23,,0.016137,4.25,,,,,,5.1701
2021-07-24,,,4.25,,,,,,
2021-07-25,,,4.25,,,,,,
2021-07-26,,0.016137,4.25,,,,,,5.1863
2021-07-27,,0.016137,4.25,,,,,,5.1669
2021-07-28,,0.016137,4.25,,,,,,5.1527
2021-07-29,,0.016137,4.25,,,,,,5.0682
2021-07-30,,0.016137,4.25,,,,,,5.1216
2021-07-31,,,4.25,,,,,,
2021-08-01,0.87,,4.25,13.2,1.39,362.39,767709.7,-1085424.54,
2021-08-02,,0.016137,4.25,,,,,,5.1379
2021-08-03,,0.016137,4.25,,,,,,5.2464
2021-08-04,,0.016137,4.25,,,,,,5.2091
2021-08-05,,0.01993,5.25,,,,,,5.1464
2021-08-06,,0.01993,5.25,,,,,,5.241
2021-08-07,,,5.25,,,,,,
2021-08-08,,,5.25,,,,,,
2021-08-09,,0.01993,5.25,,,,,,5.2774
2021-08-10,,0.01993,5.25,,,,,,5.2217
2021-08-11,,0.01993,5.25,,,,,,5.2013
2021-08-12,,0.01993,5.25,,,,,,5.2351
2021-08-13,,0.01993,5.25,,,,,,5.2474
2021-08-14,,,5.25,,,,,,
2021-08-15,,,5.25,,,,,,
2021-08-16,,0.01993,5.25,,,,,,5.2495
2021-08-17,,0.01993,5.25,,,,,,5.2585
2021-08-18,,0.01993,5.25,,,,,,5.3025
2021-08-19,,0.01993,5.25,,,,,,5.418
2021-08-20,,0.01993,5.25,,,,,,5.4274
2021-08-21,,,5.25,,,,,,
2021-08-22,,,5.25,,,,,,
2021-08-23,,0.01993,5.25,,,,,,5.3686
2021-08-24,,0.01993,5.25,,,,,,5.3017
2021-08-25,,0.01993,5.25,,,,,,5.2465
2021-08-26,,0.01993,5.25,,,,,,5.2429
2021-08-27,,0.01993,5.25,,,,,,5.22
2021-08-28,,,5.25,,,,,,
2021-08-29,,,5.25,,,,,,
2021-08-30,,0.01993,5.25,,,,,,5.1952
2021-08-31,,0.01993,5.25,,,,,,5.1433
2021-09-01,1.16,0.01993,5.25,12.7,1.02,360.43,762506.9,-1160972.6,5.1576
2021-09-02,,0.01993,5.25,,,,,,5.1735
2021-09-03,,0.01993,5.25,,,,,,5.1685
2021-09-04,,,5.25,,,,,,
2021-09-05,,,5.25,,,,,,
2021-09-06,,0.01993,5.25,,,,,,5.1773
2021-09-07,,,5.25,,,,,,
2021-09-08,,0.01993,5.25,,,,,,5.2524
2021-09-09,,0.01993,5.25,,,,,,5.2825
2021-09-10,,0.01993,5.25,,,,,,5.2158
2021-09-11,,,5.25,,,,,,
2021-09-12,,,5.25,,,,,,
2021-09-13,,0.01993,5.25,,,,,,5.219
2021-09-14,,0.01993,5.25,,,,,,5.226
2021-09-15,,0.01993,5.25,,,,,,5.2576
2021-09-16,,0.01993,5.25,,,,,,5.2594
2021-09-17,,0.01993,5.25,,,,,,5.3103
2021-09-18,,,5.25,,,,,,
2021-09-19,,,5.25,,,,,,
2021-09-20,,0.01993,5.25,,,,,,5.3332
2021-09-21,,0.01993,5.25,,,,,,5.3044
2021-09-22,,0.01993,5.25,,,,,,5.2783
2021-09-23,,0.023687,6.25,,,,,,5.2891
2021-09-24,,0.023687,6.25,,,,,,5.3435
2021-09-25,,,6.25,,,,,,
2021-09-26,,,6.25,,,,,,
2021-09-27,,0.023687,6.25,,,,,,5.3478
2021-09-28,,0.023687,6.25,,,,,,5.4206
2021-09-29,,0.023687,6.25,,,,,,5.4173
2021-09-30,,0.023687,6.25,,,,,,5.4394
2021-10-01,1.25,0.023687,6.25,12.1,1.17,390.44,772527.6,-1197676.22,5.3911
2021-10-02,,,6.25,,,,,,
2021-10-03,,,6.25,,,,,,
2021-10-04,,0.023687,6.25,,,,,,5.4204
2021-10-05,,0.023687,6.25,,,,,,5.4611
2021-10-06,,0.023687,6.25,,,,,,5.5097
2021-10-07,,0.023687,6.25,,,,,,5.514
2021-10-08,,0.023687,6.25,,,,,,5.5084
2021-10-09,,,6.25,,,,,,
2021-10-10,,,6.25,,,,,,
2021-10-11,,0.023687,6.25,,,,,,5.5161
2021-10-12,,,6.25,,,,,,
2021-10-13,,0.023687,6.25,,,,,,5.5471
2021-10-14,,0.023687,6.25,,,,,,5.4988
2021-10-15,,0.023687,6.25,,,,,,5.451
2021-10-16,,,6.25,,,,,,
2021-10-17,,,6.25,,,,,,
2021-10-18,,0.023687,6.25,,,,,,5.5193
2021-10-19,,0.023687,6.25,,,,,,5.5521
2021-10-20,,0.023687,6.25,,,,,,5.5571
2021-10-21,,0.023687,6.25,,,,,,5.6423
2021-10-22,,0.023687,6.25,,,,,,5.7117
2021-10-23,,,6.25,,,,,,
2021-10-24,,,6.25,,,,,,
2021-10-25,,0.023687,6.25,,,,,,5.5973
2021-10-26,,0.023687,6.25,,,,,,5.58
2021-10-27,,0.023687,6.25,,,,,,5.5667
2021-10-28,,0.029256,7.75,,,,,,5.6124
2021-10-29,,0.029256,7.75,,,,,,5.643
2021-10-30,,,7.75,,,,,,
2021-10-31,,,7.75,,,,,,
2021-11-01,0.95,0.029256,7.75,11.6,-0.04,407.22,788146.9,-1175640.62,5.6694
2021-11-02,,,7.75,,,,,,
2021-11-03,,0.029256,7.75,,,,,,5.6672
2021-11-04,,0.029256,7.75,,,,,,5.5942
2021-11-05,,0.029256,7.75,,,,,,5.5455
2021-11-06,,,7.75,,,,,,
2021-11-07,,,7.75,,,,,,
2021-11-08,,0.029256,7.75,,,,,,5.5627
2021-11-09,,0.029256,7.75,,,,,,5.4957
2021-11-10,,0.029256,7.75,,,,,,5.459
2021-11-11,,0.029256,7.75,,,,,,5.4171
2021-11-12,,0.029256,7.75,,,,,,5.4199
2021-11-13,,,7.75,,,,,,
2021-11-14,,,7.75,,,,,,
2021-11-15,,,7.75,,,,,,
2021-11-16,,0.029256,7.75,,,,,,5.4772
2021-11-17,,0.029256,7.75,,,,,,5.4993
2021-11-18,,0.029256,7.75,,,,,,5.547
2021-11-19,,0.029256,7.75,,,,,,5.5584
2021-11-20,,,7.75,,,,,,
2021-11-21,,,7.75,,,,,,
2021-11-22,,0.029256,7.75,,,,,,5.5841
2021-11-23,,0.029256,7.75,,,,,,5.6456
2021-11-24,,0.029256,7.75,,,,,,5.6027
2021-11-25,,0.029256,7.75,,,,,,5.574
2021-11-26,,0.029256,7.75,,,,,,5.5865
2021-11-27,,,7.75,,,,,,
2021-11-28,,,7.75,,,,,,
2021-11-29,,0.029256,7.75,,,,,,5.6118
2021-11-30,,0.029256,7.75,,,,,,5.6199
2021-12-01,0.73,0.029256,7.75,11.1,0.84,409.88,795307.6,-1120208.44,5.6168
2021-12-02,,0.029256,7.75,,,,,,5.6345
2021-12-03,,0.029256,7.75,,,,,,5.6432
2021-12-04,,,7.75,,,,,,
2021-12-05,,,7.75,,,,,,
2021-12-06,,0.029256,7.75,,,,,,5.6877
2021-12-07,,0.029256,7.75,,,,,,5.6411
2021-12-08,,0.029256,7.75,,,,,,5.5779
2021-12-09,,0.034749,9.25,,,,,,5.5564
2021-12-10,,0.034749,9.25,,,,,,5.5931
2021-12-11,,,9.25,,,,,,
2021-12-12,,,9.25,,,,,,
2021-12-13,,0.034749,9.25,,,,,,5.6357
2021-12-14,,0.034749,9.25,,,,,,5.6461
2021-12-15,,0.034749,9.25,,,,,,5.7127
2021-12-16,,0.034749,9.25,,,,,,5.6963
2021-12-17,,0.034749,9.25,,,,,,5.6959
2021-12-18,,,9.25,,,,,,
2021-12-19,,,9.25,,,,,,
2021-12-20,,0.034749,9.25,,,,,,5.7055
2021-12-21,,0.034749,9.25,,,,,,5.7372
2021-12-22,,0.034749,9.25,,,,,,5.7201
2021-12-23,,0.034749,9.25,,,,,,5.691
2021-12-24,,0.034749,9.25,,,,,,5.6591
2021-12-25,,,9.25,,,,,,
2021-12-26,,,9.25,,,,,,
2021-12-27,,0.034749,9.25,,,,,,5.665
2021-12-28,,0.034749,9.25,,,,,,5.6438
2021-12-29,,0.034749,9.25,,,,,,5.6619
2021-12-30,,0.034749,9.25,,,,,,5.5805
2021-12-31,,0.034749,9.25,,,,,,5.5805
2022-01-01,0.54,,9.25,11.2,1.11,415.9,723763.6,-1034946.75,
2022-01-02,,,9.25,,,,,,
2022-01-03,,0.034749,9.25,,,,,,5.6309
2022-01-04,,0.034749,9.25,,,,,,5.6776
2022-01-05,,0.034749,9.25,,,,,,5.6628
2022-01-06,,0.034749,9.25,,,,,,5.7042
2022-01-07,,0.034749,9.25,,,,,,5.6753
2022-01-08,,,9.25,,,,,,
2022-01-09,,,9.25,,,,,,
2022-01-10,,0.034749,9.25,,,,,,5.6736
2022-01-11,,0.034749,9.25,,,,,,5.6351
2022-01-12,,0.034749,9.25,,,,,,5.5611
2022-01-13,,0.034749,9.25,,,,,,5.5246
2022-01-14,,0.034749,9.25,,,,,,5.5349
2022-01-15,,,9.25,,,,,,
2022-01-16,,,9.25,,,,,,
2022-01-17,,0.034749,9.25,,,,,,5.5058
2022-01-18,,0.034749,9.25,,,,,,5.5213
2022-01-19,,0.034749,9.25,,,,,,5.4978
2022-01-20,,0.034749,9.25,,,,,,5.4166
2022-01-21,,0.034749,9.25,,,,,,5.4401
2022-01-22,,,9.25,,,,,,
2022-01-23,,,9.25,,,,,,
2022-01-24,,0.034749,9.25,,,,,,5.491
2022-01-25,,0.034749,9.25,,,,,,5.4971
2022-01-26,,0.034749,9.25,,,,,,5.4324
2022-01-27,,0.034749,9.25,,,,,,5.3812
2022-01-28,,0.034749,9.25,,,,,,5.3954
2022-01-29,,,9.25,,,,,,
2022-01-30,,,9.25,,,,,,
2022-01-31,,0.034749,9.25,,,,,,5.3574
2022-02-01,1.01,0.034749,9.25,11.2,1.28,406.76,753382.9,-984614.1,5.281
2022-02-02,,0.034749,9.25,,,,,,5.2956
2022-02-03,,0.040168,10.75,,,,,,5.3025
2022-02-04,,0.040168,10.75,,,,,,5.3284
2022-02-05,,,10.75,,,,,,
2022-02-06,,,10.75,,,,,,
2022-02-07,,0.040168,10.75,,,,,,5.2913
2022-02-08,,0.040168,10.75,,,,,,5.2699
2022-02-09,,0.040168,10.75,,,,,,5.2735
2022-02-10,,0.040168,10.75,,,,,,5.2101
2022-02-11,,0.040168,10.75,,,,,,5.1987
2022-02-12,,,10.75,,,,,,
2022-02-13,,,10.75,,,,,,
2022-02-14,,0.040168,10.75,,,,,,5.2106
2022-02-15,,0.040168,10.75,,,,,,5.1881
2022-02-16,,0.040168,10.75,,,,,,5.163
2022-02-17,,0.040168,10.75,,,,,,5.1565
2022-02-18,,0.040168,10.75,,,,,,5.1339
2022-02-19,,,10.75,,,,,,
2022-02-20,,,10.75,,,,,,
2022-02-21,,0.040168,10.75,,,,,,5.0997
2022-02-22,,0.040168,10.75,,,,,,5.0611
2022-02-23,,0.040168,10.75,,,,,,5.0143
2022-02-24,,0.040168,10.75,,,,,,5.1174
2022-02-25,,0.040168,10.75,,,,,,5.1394
2022-02-26,,,10.75,,,,,,
2022-02-27,,,10.75,,,,,,
2022-02-28,,,10.75,,,,,,
2022-03-01,1.62,,10.75,11.1,2.42,398.94,842381.7,-889277.12,
2022-03-02,,0.040168,10.75,,,,,,5.1347
2022-03-03,,0.040168,10.75,,,,,,5.0479
2022-03-04,,0.040168,10.75,,,,,,5.0758
2022-03-05,,,10.75,,,,,,
2022-03-06,,,10.75,,,,,,
2022-03-07,,0.040168,10.75,,,,,,5.0579
2022-03-08,,0.040168,10.75,,,,,,5.0903
2022-03-09,,0.040168,10.75,,,,,,5.0094
2022-03-10,,0.040168,10.75,,,,,,5.0513
2022-03-11,,0.040168,10.75,,,,,,5.0255
2022-03-12,,,10.75,,,,,,
2022-03-13,,,10.75,,,,,,
2022-03-14,,0.040168,10.75,,,,,,5.0647
2022-03-15,,0.040168,10.75,,,,,,5.1314
2022-03-16,,0.040168,10.75,,,,,,5.1287
2022-03-17,,0.043739,11.75,,,,,,5.0764
2022-03-18,,0.043739,11.75,,,,,,5.0411
2022-03-19,,,11.75,,,,,,
2022-03-20,,,11.75,,,,,,
2022-03-21,,0.043739,11.75,,,,,,4.9666
2022-03-22,,0.043739,11.75,,,,,,4.9208
2022-03-23,,0.043739,11.75,,,,,,4.8704
2022-03-24,,0.043739,11.75,,,,,,4.8067
2022-03-25,,0.043739,11.75,,,,,,4.7782
2022-03-26,,,11.75,,,,,,
2022-03-27,,,11.75,,,,,,
2022-03-28,,0.043739,11.75,,,,,,4.7905
2022-03-29,,0.043739,11.75,,,,,,4.7486
2022-03-30,,0.043739,11.75,,,,,,4.7497
2022-03-31,,0.043739,11.75,,,,,,4.7378
2022-04-01,1.06,0.043739,11.75,10.5,2.06,398.0,832121.7,-906861.46,4.6984
2022-04-02,,,11.75,,,,,,
2022-04-03,,,11.75,,,,,,
2022-04-04,,0.043739,11.75,,,,,,4.6175
2022-04-05,,0.043739,11.75,,,,,,4.64
2022-04-06,,0.043739,11.75,,,,,,4.6967
2022-04-07,,0.043739,11.75,,,,,,4.7422
2022-04-08,,0.043739,11.75,,,,,,4.7513
2022-04-09,,,11.75,,,,,,
2022-04-10,,,11.75,,,,,,
2022-04-11,,0.043739,11.75,,,,,,4.7025
2022-04-12,,0.043739,11.75,,,,,,4.6483
2022-04-13,,0.043739,11.75,,,,,,4.6811
2022-04-14,,0.043739,11.75,,,,,,4.7158
2022-04-15,,,11.75,,,,,,
2022-04-16,,,11.75,,,,,,
2022-04-17,,,11.75,,,,,,
2022-04-18,,0.043739,11.75,,,,,,4.6746
2022-04-19,,0.043739,11.75,,,,,,4.6664
2022-04-20,,0.043739,11.75,,,,,,4.6397
2022-04-21,,,11.75,,,,,,
2022-04-22,,0.043739,11.75,,,,,,4.7326
2022-04-23,,,11.75,,,,,,
2022-04-24,,,11.75,,,,,,
2022-04-25,,0.043739,11.75,,,,,,4.8818
2022-04-26,,0.043739,11.75,,,,,,4.9666
2022-04-27,,0.043739,11.75,,,,,,5.0167
2022-04-28,,0.043739,11.75,,,,,,5.011
2022-04-29,,0.043739,11.75,,,,,,4.9191
2022-04-30,,,11.75,,,,,,
2022-05-01,0.47,,11.75,9.8,0.48,414.86,841747.8,-856269.16,
2022-05-02,,0.043739,11.75,,,,,,5.0266
2022-05-03,,0.043739,11.75,,,,,,5.0167
2022-05-04,,0.043739,11.75,,,,,,5.0093
2022-05-05,,0.047279,12.75,,,,,,5.0051
2022-05-06,,0.047279,12.75,,,,,,5.075
2022-05-07,,,12.75,,,,,,
2022-05-08,,,12.75,,,,,,
2022-05-09,,0.047279,12.75,,,,,,5.134
2022-05-10,,0.047279,12.75,,,,,,5.139
2022-05-11,,0.047279,12.75,,,,,,5.1244
2022-05-12,,0.047279,12.75,,,,,,5.1482
2022-05-13,,0.047279,12.75,,,,,,5.1075
2022-05-14,,,12.75,,,,,,
2022-05-15,,,12.75,,,,,,
2022-05-16,,0.047279,12.75,,,,,,5.0666
2022-05-17,,0.047279,12.75,,,,,,4.9676
2022-05-18,,0.047279,12.75,,,,,,4.9592
2022-05-19,,0.047279,12.75,,,,,,4.9198
2022-05-20,,0.047279,12.75,,,,,,4.8777
2022-05-21,,,12.75,,,,,,
2022-05-22,,,12.75,,,,,,
2022-05-23,,0.047279,12.75,,,,,,4.7973
2022-05-24,,0.047279,12.75,,,,,,4.8106
2022-05-25,,0.047279,12.75,,,,,,4.8359
2022-05-26,,0.047279,12.75,,,,,,4.7967
2022-05-27,,0.047279,12.75,,,,,,4.7434
2022-05-28,,,12.75,,,,,,
2022-05-29,,,12.75,,,,,,
2022-05-30,,0.047279,12.75,,,,,,4.7216
2022-05-31,,0.047279,12.75,,,,,,4.7289
2022-06-01,0.67,0.047279,12.75,9.3,0.8,405.45,843611.9,-979035.87,4.7765
2022-06-02,,0.047279,12.75,,,,,,4.7879
2022-06-03,,0.047279,12.75,,,,,,4.7956
2022-06-04,,,12.75,,,,,,
2022-06-05,,,12.75,,,,,,
2022-06-06,,0.047279,12.75,,,,,,4.7839
2022-06-07,,0.047279,12.75,,,,,,4.8909
2022-06-08,,0.047279,12.75,,,,,,4.8711
2022-06-09,,0.047279,12.75,,,,,,4.8951
2022-06-10,,0.047279,12.75,,,,,,4.9836
2022-06-11,,,12.75,,,,,,
2022-06-12,,,12.75,,,,,,
2022-06-13,,0.047279,12.75,,,,,,5.1033
2022-06-14,,0.047279,12.75,,,,,,5.1203
2022-06-15,,0.047279,12.75,,,,,,5.1119
2022-06-16,,,13.25,,,,,,
2022-06-17,,0.049037,13.25,,,,,,5.1313
2022-06-18,,,13.25,,,,,,
2022-06-19,,,13.25,,,,,,
2022-06-20,,0.049037,13.25,,,,,,5.1641
2022-06-21,,0.049037,13.25,,,,,,5.1462
2022-06-22,,0.049037,13.25,,,,,,5.1509
2022-06-23,,0.049037,13.25,,,,,,5.1833
2022-06-24,,0.049037,13.25,,,,,,5.2334
2022-06-25,,,13.25,,,,,,
2022-06-26,,,13.25,,,,,,
2022-06-27,,0.049037,13.25,,,,,,5.2214
2022-06-28,,0.049037,13.25,,,,,,5.2179
2022-06-29,,0.049037,13.25,,,,,,5.2268
2022-06-30,,0.049037,13.25,,,,,,5.238
2022-07-01,-0.68,0.049037,13.25,9.1,1.3,393.98,869155.5,-992474.65,5.3142
2022-07-02,,,13.25,,,,,,
2022-07-03,,,13.25,,,,,,
2022-07-04,,0.049037,13.25,,,,,,5.3038
2022-07-05,,0.049037,13.25,,,,,,5.3899
2022-07-06,,0.049037,13.25,,,,,,5.4321
2022-07-07,,0.049037,13.25,,,,,,5.364
2022-07-08,,0.049037,13.25,,,,,,5.3086
2022-07-09,,,13.25,,,,,,
2022-07-10,,,13.25,,,,,,
2022-07-11,,0.049037,13.25,,,,,,5.3477
2022-07-12,,0.049037,13.25,,,,,,5.412
2022-07-13,,0.049037,13.25,,,,,,5.3992
2022-07-14,,0.049037,13.25,,,,,,5.4568
2022-07-15,,0.049037,13.25,,,,,,5.4014
2022-07-16,,,13.25,,,,,,
2022-07-17,,,13.25,,,,,,
2022-07-18,,0.049037,13.25,,,,,,5.3675
2022-07-19,,0.049037,13.25,,,,,,5.3904
2022-07-20,,0.049037,13.25,,,,,,5.4288
2022-07-21,,0.049037,13.25,,,,,,5.475
2022-07-22,,0.049037,13.25,,,,,,5.4522
2022-07-23,,,13.25,,,,,,
2022-07-24,,,13.25,,,,,,
2022-07-25,,0.049037,13.25,,,,,,5.4144
2022-07-26,,0.049037,13.25,,,,,,5.3608
2022-07-27,,0.049037,13.25,,,,,,5.3074
2022-07-28,,0.049037,13.25,,,,,,5.2149
2022-07-29,,0.049037,13.25,,,,,,5.1884
2022-07-30,,,13.25,,,,,,
2022-07-31,,,13.25,,,,,,
2022-08-01,-0.36,0.049037,13.25,8.9,0.24,393.51,873848.1,-968974.89,5.1606
2022-08-02,,0.049037,13.25,,,,,,5.2329
2022-08-03,,0.049037,13.25,,,,,,5.2846
2022-08-04,,0.050788,13.75,,,,,,5.2409
2022-08-05,,0.050788,13.75,,,,,,5.2165
2022-08-06,,,13.75,,,,,,
2022-08-07,,,13.75,,,,,,
2022-08-08,,0.050788,13.75,,,,,,5.1247
2022-08-09,,0.050788,13.75,,,,,,5.1224
2022-08-10,,0.050788,13.75,,,,,,5.0497
2022-08-11,,0.050788,13.75,,,,,,5.1127
2022-08-12,,0.050788,13.75,,,,,,5.1023
2022-08-13,,,13.75,,,,,,
2022-08-14,,,13.75,,,,,,
2022-08-15,,0.050788,13.75,,,,,,5.0925
2022-08-16,,0.050788,13.75,,,,,,5.134
2022-08-17,,0.050788,13.75,,,,,,5.1784
2022-08-18,,0.050788,13.75,,,,,,5.1773
2022-08-19,,0.050788,13.75,,,,,,5.1961
2022-08-20,,,13.75,,,,,,
2022-08-21,,,13.75,,,,,,
2022-08-22,,0.050788,13.75,,,,,,5.1709
2022-08-23,,0.050788,13.75,,,,,,5.103
2022-08-24,,0.050788,13.75,,,,,,5.105
2022-08-25,,0.050788,13.75,,,,,,5.1173
2022-08-26,,0.050788,13.75,,,,,,5.0903
2022-08-27,,,13.75,,,,,,
2022-08-28,,,13.75,,,,,,
2022-08-29,,0.050788,13.75,,,,,,5.0428
2022-08-30,,0.050788,13.75,,,,,,5.0617
2022-08-31,,0.050788,13.75,,,,,,5.179
2022-09-01,-0.29,0.050788,13.75,8.7,-0.51,404.05,858178.4,-952138.38,5.2007
2022-09-02,,0.050788,13.75,,,,,,5.1878
2022-09-03,,,13.75,,,,,,
2022-09-04,,,13.75,,,,,,
2022-09-05,,0.050788,13.75,,,,,,5.1686
2022-09-06,,0.050788,13.75,,,,,,5.2228
2022-09-07,,,13.75,,,,,,
2022-09-08,,0.050788,13.75,,,,,,5.2155
2022-09-09,,0.050788,13.75,,,,,,5.1633
2022-09-10,,,13.75,,,,,,
2022-09-11,,,13.75,,,,,,
2022-09-12,,0.050788,13.75,,,,,,5.1183
2022-09-13,,0.050788,13.75,,,,,,5.1794
2022-09-14,,0.050788,13.75,,,,,,5.1774
2022-09-15,,0.050788,13.75,,,,,,5.2211
2022-09-16,,0.050788,13.75,,,,,,5.2882
2022-09-17,,,13.75,,,,,,
2022-09-18,,,13.75,,,,,,
2022-09-19,,0.050788,13.75,,,,,,5.2367
2022-09-20,,0.050788,13.75,,,,,,5.1705
2022-09-21,,0.050788,13.75,,,,,,5.1692
2022-09-22,,0.050788,13.75,,,,,,5.1677
2022-09-23,,0.050788,13.75,,,,,,5.2257
2022-09-24,,,13.75,,,,,,
2022-09-25,,,13.75,,,,,,
2022-09-26,,0.050788,13.75,,,,,,5.3548
2022-09-27,,0.050788,13.75,,,,,,5.3508
2022-09-28,,0.050788,13.75,,,,,,5.3594
2022-09-29,,0.050788,13.75,,,,,,5.3916
2022-09-30,,0.050788,13.75,,,,,,5.4066
2022-10-01,0.59,,13.75,8.3,0.72,395.65,880574.2,-896106.59,
2022-10-02,,,13.75,,,,,,
2022-10-03,,0.050788,13.75,,,,,,5.2002
2022-10-04,,0.050788,13.75,,,,,,5.1411
2022-10-05,,0.050788,13.75,,,,,,5.2144
2022-10-06,,0.050788,13.75,,,,,,5.2009
2022-10-07,,0.050788,13.75,,,,,,5.2221
2022-10-08,,,13.75,,,,,,
2022-10-09,,,13.75,,,,,,
2022-10-10,,0.050788,13.75,,,,,,5.1941
2022-10-11,,0.050788,13.75,,,,,,5.2068
2022-10-12,,,13.75,,,,,,
2022-10-13,,0.050788,13.75,,,,,,5.3017
2022-10-14,,0.050788,13.75,,,,,,5.2824
2022-10-15,,,13.75,,,,,,
2022-10-16,,,13.75,,,,,,
2022-10-17,,0.050788,13.75,,,,,,5.2713
2022-10-18,,0.050788,13.75,,,,,,5.2697
2022-10-19,,0.050788,13.75,,,,,,5.2808
2022-10-20,,0.050788,13.75,,,,,,5.2176
2022-10-21,,0.050788,13.75,,,,,,5.1919
2022-10-22,,,13.75,,,,,,
2022-10-23,,,13.75,,,,,,
2022-10-24,,0.050788,13.75,,,,,,5.2744
2022-10-25,,0.050788,13.75,,,,,,5.3091
2022-10-26,,0.050788,13.75,,,,,,5.3248
2022-10-27,,0.050788,13.75,,,,,,5.3003
2022-10-28,,0.050788,13.75,,,,,,5.3454
2022-10-29,,,13.75,,,,,,
2022-10-30,,,13.75,,,,,,
2022-10-31,,0.050788,13.75,,,,,,5.257
2022-11-01,0.41,0.050788,13.75,8.1,0.53,403.66,880794.7,-914572.78,5.15
2022-11-02,,,13.75,,,,,,
2022-11-03,,0.050788,13.75,,,,,,5.1349
2022-11-04,,0.050788,13.75,,,,,,5.036
2022-11-05,,,13.75,,,,,,
2022-11-06,,,13.75,,,,,,
2022-11-07,,0.050788,13.75,,,,,,5.0886
2022-11-08,,0.050788,13.75,,,,,,5.1744
2022-11-09,,0.050788,13.75,,,,,,5.1629
2022-11-10,,0.050788,13.75,,,,,,5.3064
2022-11-11,,0.050788,13.75,,,,,,5.3051
2022-11-12,,,13.75,,,,,,
2022-11-13,,,13.75,,,,,,
2022-11-14,,0.050788,13.75,,,,,,5.3013
2022-11-15,,,13.75,,,,,,
2022-11-16,,0.050788,13.75,,,,,,5.3204
2022-11-17,,0.050788,13.75,,,,,,5.4655
2022-11-18,,0.050788,13.75,,,,,,5.3477
2022-11-19,,,13.75,,,,,,
2022-11-20,,,13.75,,,,,,
2022-11-21,,0.050788,13.75,,,,,,5.3259
2022-11-22,,0.050788,13.75,,,,,,5.3339
2022-11-23,,0.050788,13.75,,,,,,5.393
2022-11-24,,0.050788,13.75,,,,,,5.3149
2022-11-25,,0.050788,13.75,,,,,,5.3508
2022-11-26,,,13.75,,,,,,
2022-11-27,,,13.75,,,,,,
2022-11-28,,0.050788,13.75,,,,,,5.3796
2022-11-29,,0.050788,13.75,,,,,,5.3076
2022-11-30,,0.050788,13.75,,,,,,5.2941
2022-12-01,0.62,0.050788,13.75,7.9,0.66,395.23,880116.3,-851026.12,5.1948
2022-12-02,,0.050788,13.75,,,,,,5.1974
2022-12-03,,,13.75,,,,,,
2022-12-04,,,13.75,,,,,,
2022-12-05,,0.050788,13.75,,,,,,5.2464
2022-12-06,,0.050788,13.75,,,,,,5.2396
2022-12-07,,0.050788,13.75,,,,,,5.2208
2022-12-08,,0.050788,13.75,,,,,,5.2091
2022-12-09,,0.050788,13.75,,,,,,5.2396
2022-12-10,,,13.75,,,,,,
2022-12-11,,,13.75,,,,,,
2022-12-12,,0.050788,13.75,,,,,,5.3066
2022-12-13,,0.050788,13.75,,,,,,5.2669
2022-12-14,,0.050788,13.75,,,,,,5.3406
2022-12-15,,0.050788,13.75,,,,,,5.3183
2022-12-16,,0.050788,13.75,,,,,,5.2806
2022-12-17,,,13.75,,,,,,
2022-12-18,,,13.75,,,,,,
2022-12-19,,0.050788,13.75,,,,,,5.316
2022-12-20,,0.050788,13.75,,,,,,5.2427
2022-12-21,,0.050788,13.75,,,,,,5.2031
2022-12-22,,0.050788,13.75,,,,,,5.1871
2022-12-23,,0.050788,13.75,,,,,,5.1445
2022-12-24,,,13.75,,,,,,
2022-12-25,,,13.75,,,,,,
2022-12-26,,0.050788,13.75,,,,,,5.1872
2022-12-27,,0.050788,13.75,,,,,,5.2832
2022-12-28,,0.050788,13.75,,,,,,5.2736
2022-12-29,,0.050788,13.75,,,,,,5.2177
2022-12-30,,0.050788,13.75,,,,,,5.2177
2022-12-31,,,13.75,,,,,,
2023-01-01,0.53,,13.75,8.4,0.59,396.44,811968.0,-850981.12,
2023-01-02,,0.050788,13.75,,,,,,5.3436
2023-01-03,,0.050788,13.75,,,,,,5.3759
2023-01-04,,0.050788,13.75,,,,,,5.4459
2023-01-05,,0.050788,13.75,,,,,,5.4026
2023-01-06,,0.050788,13.75,,,,,,5.2855
2023-01-07,,,13.75,,,,,,
2023-01-08,,,13.75,,,,,,
2023-01-09,,0.050788,13.75,,,,,,5.2967
2023-01-10,,0.050788,13.75,,,,,,5.2395
2023-01-11,,0.050788,13.75,,,,,,5.202
2023-01-12,,0.050788,13.75,,,,,,5.14
2023-01-13,,0.050788,13.75,,,,,,5.1146
2023-01-14,,,13.75,,,,,,
2023-01-15,,,13.75,,,,,,
2023-01-16,,0.050788,13.75,,,,,,5.1115
2023-01-17,,0.050788,13.75,,,,,,5.1203
2023-01-18,,0.050788,13.75,,,,,,5.0909
2023-01-19,,0.050788,13.75,,,,,,5.2144
2023-01-20,,0.050788,13.75,,,,,,5.1986
2023-01-21,,,13.75,,,,,,
2023-01-22,,,13.75,,,,,,
2023-01-23,,0.050788,13.75,,,,,,5.1922
2023-01-24,,0.050788,13.75,,,,,,5.1696
2023-01-25,,0.050788,13.75,,,,,,5.1042
2023-01-26,,0.050788,13.75,,,,,,5.0951
2023-01-27,,0.050788,13.75,,,,,,5.0767
2023-01-28,,,13.75,,,,,,
2023-01-29,,,13.75,,,,,,
2023-01-30,,0.050788,13.75,,,,,,5.0959
2023-01-31,,0.050788,13.75,,,,,,5.0993
2023-02-01,0.84,0.050788,13.75,8.6,0.16,404.27,829750.6,-858829.35,5.0721
2023-02-02,,0.050788,13.75,,,,,,4.9901
2023-02-03,,0.050788,13.75,,,,,,5.103
2023-02-04,,,13.75,,,,,,
2023-02-05,,,13.75,,,,,,
2023-02-06,,0.050788,13.75,,,,,,5.1763
2023-02-07,,0.050788,13.75,,,,,,5.1695
2023-02-08,,0.050788,13.75,,,,,,5.2036
2023-02-09,,0.050788,13.75,,,,,,5.2315
2023-02-10,,0.050788,13.75,,,,,,5.2526
2023-02-11,,,13.75,,,,,,
2023-02-12,,,13.75,,,,,,
2023-02-13,,0.050788,13.75,,,,,,5.1834
2023-02-14,,0.050788,13.75,,,,,,5.1507
2023-02-15,,0.050788,13.75,,,,,,5.2243
2023-02-16,,0.050788,13.75,,,,,,5.2432
2023-02-17,,0.050788,13.75,,,,,,5.2012
2023-02-18,,,13.75,,,,,,
2023-02-19,,,13.75,,,,,,
2023-02-20,,,13.75,,,,,,
2023-02-21,,,13.75,,,,,,
2023-02-22,,0.050788,13.75,,,,,,5.173
2023-02-23,,0.050788,13.75,,,,,,5.133
2023-02-24,,0.050788,13.75,,,,,,5.1791
2023-02-25,,,13.75,,,,,,
2023-02-26,,,13.75,,,,,,
2023-02-27,,0.050788,13.75,,,,,,5.196
2023-02-28,,0.050788,13.75,,,,,,5.2078
2023-03-01,0.71,0.050788,13.75,8.8,0.05,393.72,939299.5,-888781.23,5.207
2023-03-02,,0.050788,13.75,,,,,,5.208
2023-03-03,,0.050788,13.75,,,,,,5.2037
2023-03-04,,,13.75,,,,,,
2023-03-05,,,13.75,,,,,,
2023-03-06,,0.050788,13.75,,,,,,5.197
2023-03-07,,0.050788,13.75,,,,,,5.1901
2023-03-08,,0.050788,13.75,,,,,,5.1387
2023-03-09,,0.050788,13.75,,,,,,5.1353
2023-03-10,,0.050788,13.75,,,,,,5.1822
2023-03-11,,,13.75,,,,,,
2023-03-12,,,13.75,,,,,,
2023-03-13,,0.050788,13.75,,,,,,5.24
2023-03-14,,0.050788,13.75,,,,,,5.2362
2023-03-15,,0.050788,13.75,,,,,,5.2981
2023-03-16,,0.050788,13.75,,,,,,5.2892
2023-03-17,,0.050788,13.75,,,,,,5.2679
2023-03-18,,,13.75,,,,,,
2023-03-19,,,13.75,,,,,,
2023-03-20,,0.050788,13.75,,,,,,5.2467
2023-03-21,,0.050788,13.75,,,,,,5.2444
2023-03-22,,0.050788,13.75,,,,,,5.2648
2023-03-23,,0.050788,13.75,,,,,,5.2632
2023-03-24,,0.050788,13.75,,,,,,5.2921
2023-03-25,,,13.75,,,,,,
2023-03-26,,,13.75,,,,,,
2023-03-27,,0.050788,13.75,,,,,,5.2306
2023-03-28,,0.050788,13.75,,,,,,5.1733
2023-03-29,,0.050788,13.75,,,,,,5.1493
2023-03-30,,0.050788,13.75,,,,,,5.1254
2023-03-31,,0.050788,13.75,,,,,,5.0804
2023-04-01,0.61,,13.75,8.5,0.71,391.43,909708.3,-876807.19,
2023-04-02,,,13.75,,,,,,
2023-04-03,,0.050788,13.75,,,,,,5.0637
2023-04-04,,0.050788,13.75,,,,,,5.0762
2023-04-05,,0.050788,13.75,,,,,,5.0447
2023-04-06,,0.050788,13.75,,,,,,5.0683
2023-04-07,,,13.75,,,,,,
2023-04-08,,,13.75,,,,,,
2023-04-09,,,13.75,,,,,,
2023-04-10,,0.050788,13.75,,,,,,5.0834
2023-04-11,,0.050788,13.75,,,,,,5.0128
2023-04-12,,0.050788,13.75,,,,,,4.9496
2023-04-13,,0.050788,13.75,,,,,,4.9097
2023-04-14,,0.050788,13.75,,,,,,4.9455
2023-04-15,,,13.75,,,,,,
2023-04-16,,,13.75,,,,,,
2023-04-17,,0.050788,13.75,,,,,,4.9421
2023-04-18,,0.050788,13.75,,,,,,4.9678
2023-04-19,,0.050788,13.75,,,,,,5.0467
2023-04-20,,0.050788,13.75,,,,,,5.0497
2023-04-21,,,13.75,,,,,,
2023-04-22,,,13.75,,,,,,
2023-04-23,,,13.75,,,,,,
2023-04-24,,0.050788,13.75,,,,,,5.0595
2023-04-25,,0.050788,13.75,,,,,,5.0613
2023-04-26,,0.050788,13.75,,,,,,5.0585
2023-04-27,,0.050788,13.75,,,,,,5.015
2023-04-28,,0.050788,13.75,,,,,,5.0007
2023-04-29,,,13.75,,,,,,
2023-04-30,,,13.75,,,,,,
2023-05-01,0.23,,13.75,8.3,0.16,378.53,912405.2,-894511.59,
2023-05-02,,0.050788,13.75,,,,,,5.0334
2023-05-03,,0.050788,13.75,,,,,,5.0227
2023-05-04,,0.050788,13.75,,,,,,5.0106
2023-05-05,,0.050788,13.75,,,,,,4.9696
2023-05-06,,,13.75,,,,,,
2023-05-07,,,13.75,,,,,,
2023-05-08,,0.050788,13.75,,,,,,4.9696
2023-05-09,,0.050788,13.75,,,,,,5.0007
2023-05-10,,0.050788,13.75,,,,,,4.9547
2023-05-11,,0.050788,13.75,,,,,,4.9696
2023-05-12,,0.050788,13.75,,,,,,4.9234
2023-05-13,,,13.75,,,,,,
2023-05-14,,,13.75,,,,,,
2023-05-15,,0.050788,13.75,,,,,,4.9103
2023-05-16,,0.050788,13.75,,,,,,4.9122
2023-05-17,,0.050788,13.75,,,,,,4.9513
2023-05-18,,0.050788,13.75,,,,,,4.9647
2023-05-19,,0.050788,13.75,,,,,,4.9858
2023-05-20,,,13.75,,,,,,
2023-05-21,,,13.75,,,,,,
2023-05-22,,0.050788,13.75,,,,,,4.968
2023-05-23,,0.050788,13.75,,,,,,4.9674
2023-05-24,,0.050788,13.75,,,,,,4.9474
2023-05-25,,0.050788,13.75,,,,,,4.999
2023-05-26,,0.050788,13.75,,,,,,5.0114
2023-05-27,,,13.75,,,,,,
2023-05-28,,,13.75,,,,,,
2023-05-29,,0.050788,13.75,,,,,,4.9954
2023-05-30,,0.050788,13.75,,,,,,5.0593
2023-05-31,,0.050788,13.75,,,,,,5.0959
2023-06-01,-0.08,0.050788,13.75,8.0,-0.66,378.28,905466.4,-803200.3,5.035
2023-06-02,,0.050788,13.75,,,,,,4.9558
2023-06-03,,,13.75,,,,,,
2023-06-04,,,13.75,,,,,,
2023-06-05,,0.050788,13.75,,,,,,4.9236
2023-06-06,,0.050788,13.75,,,,,,4.9292
2023-06-07,,0.050788,13.75,,,,,,4.9119
2023-06-08,,,13.75,,,,,,
2023-06-09,,0.050788,13.75,,,,,,4.8922
2023-06-10,,,13.75,,,,,,
2023-06-11,,,13.75,,,,,,
2023-06-12,,0.050788,13.75,,,,,,4.8832
2023-06-13,,0.050788,13.75,,,,,,4.8533
2023-06-14,,0.050788,13.75,,,,,,4.8462
2023-06-15,,0.050788,13.75,,,,,,4.8222
2023-06-16,,0.050788,13.75,,,,,,4.8286
2023-06-17,,,13.75,,,,,,
2023-06-18,,,13.75,,,,,,
2023-06-19,,0.050788,13.75,,,,,,4.7803
2023-06-20,,0.050788,13.75,,,,,,4.793
2023-06-21,,0.050788,13.75,,,,,,4.7795
2023-06-22,,0.050788,13.75,,,,,,4.775
2023-06-23,,0.050788,13.75,,,,,,4.7799
2023-06-24,,,13.75,,,,,,
2023-06-25,,,13.75,,,,,,
2023-06-26,,0.050788,13.75,,,,,,4.7698
2023-06-27,,0.050788,13.75,,,,,,4.7903
2023-06-28,,0.050788,13.75,,,,,,4.8563
2023-06-29,,0.050788,13.75,,,,,,4.8584
2023-06-30,,0.050788,13.75,,,,,,4.8192
2023-07-01,0.12,,13.75,7.9,-0.46,384.11,921314.5,-803989.15,
2023-07-02,,,13.75,,,,,,
2023-07-03,,0.050788,13.75,,,,,,4.7876
2023-07-04,,0.050788,13.75,,,,,,4.8056
2023-07-05,,0.050788,13.75,,,,,,4.8577
2023-07-06,,0.050788,13.75,,,,,,4.8977
2023-07-07,,0.050788,13.75,,,,,,4.8799
2023-07-08,,,13.75,,,,,,
2023-07-09,,,13.75,,,,,,
2023-07-10,,0.050788,13.75,,,,,,4.8735
2023-07-11,,0.050788,13.75,,,,,,4.8949
2023-07-12,,0.050788,13.75,,,,,,4.8058
2023-07-13,,0.050788,13.75,,,,,,4.8038
2023-07-14,,0.050788,13.75,,,,,,4.7957
2023-07-15,,,13.75,,,,,,
2023-07-16,,,13.75,,,,,,
2023-07-17,,0.050788,13.75,,,,,,4.8302
2023-07-18,,0.050788,13.75,,,,,,4.804
2023-07-19,,0.050788,13.75,,,,,,4.8
2023-07-20,,0.050788,13.75,,,,,,4.7888
2023-07-21,,0.050788,13.75,,,,,,4.7732
2023-07-22,,,13.75,,,,,,
2023-07-23,,,13.75,,,,,,
2023-07-24,,0.050788,13.75,,,,,,4.7457
2023-07-25,,0.050788,13.75,,,,,,4.7496
2023-07-26,,0.050788,13.75,,,,,,4.7368
2023-07-27,,0.050788,13.75,,,,,,4.7202
2023-07-28,,0.050788,13.75,,,,,,4.7253
2023-07-29,,,13.75,,,,,,
2023-07-30,,,13.75,,,,,,
2023-07-31,,0.050788,13.75,,,,,,4.7415
2023-08-01,0.23,0.050788,13.75,7.8,-0.85,393.0,932277.4,-836394.16,4.7752
2023-08-02,,0.050788,13.75,,,,,,4.8083
2023-08-03,,0.049037,13.25,,,,,,4.8797
2023-08-04,,0.049037,13.25,,,,,,4.8609
2023-08-05,,,13.25,,,,,,
2023-08-06,,,13.25,,,,,,
2023-08-07,,0.049037,13.25,,,,,,4.901
2023-08-08,,0.049037,13.25,,,,,,4.9217
2023-08-09,,0.049037,13.25,,,,,,4.9015
2023-08-10,,0.049037,13.25,,,,,,4.8518
2023-08-11,,0.049037,13.25,,,,,,4.8918
2023-08-12,,,13.25,,,,,,
2023-08-13,,,13.25,,,,,,
2023-08-14,,0.049037,13.25,,,,,,4.9481
2023-08-15,,0.049037,13.25,,,,,,4.9812
2023-08-16,,0.049037,13.25,,,,,,4.9772
2023-08-17,,0.049037,13.25,,,,,,4.9816
2023-08-18,,0.049037,13.25,,,,,,4.9724
2023-08-19,,,13.25,,,,,,
2023-08-20,,,13.25,,,,,,
2023-08-21,,0.049037,13.25,,,,,,4.9847
2023-08-22,,0.049037,13.25,,,,,,4.9431
2023-08-23,,0.049037,13.25,,,,,,4.8977
2023-08-24,,0.049037,13.25,,,,,,4.8748
2023-08-25,,0.049037,13.25,,,,,,4.8772
2023-08-26,,,13.25,,,,,,
2023-08-27,,,13.25,,,,,,
2023-08-28,,0.049037,13.25,,,,,,4.8938
2023-08-29,,0.049037,13.25,,,,,,4.8706
2023-08-30,,0.049037,13.25,,,,,,4.8653
2023-08-31,,0.049037,13.25,,,,,,4.9219
2023-09-01,0.26,0.049037,13.25,7.7,-0.71,405.16,915853.5,-819986.6,4.9318
2023-09-02,,,13.25,,,,,,
2023-09-03,,,13.25,,,,,,
2023-09-04,,0.049037,13.25,,,,,,4.9176
2023-09-05,,0.049037,13.25,,,,,,4.9705
2023-09-06,,0.049037,13.25,,,,,,4.9762
2023-09-07,,,13.25,,,,,,
2023-09-08,,0.049037,13.25,,,,,,4.9835
2023-09-09,,,13.25,,,,,,
2023-09-10,,,13.25,,,,,,
2023-09-11,,0.049037,13.25,,,,,,4.9366
2023-09-12,,0.049037,13.25,,,,,,4.9505
2023-09-13,,0.049037,13.25,,,,,,4.9171
2023-09-14,,0.049037,13.25,,,,,,4.8751
2023-09-15,,0.049037,13.25,,,,,,4.8689
2023-09-16,,,13.25,,,,,,
2023-09-17,,,13.25,,,,,,
2023-09-18,,0.049037,13.25,,,,,,4.8535
2023-09-19,,0.049037,13.25,,,,,,4.8575
2023-09-20,,0.049037,13.25,,,,,,4.8487
2023-09-21,,0.047279,12.75,,,,,,4.9229
2023-09-22,,0.047279,12.75,,,,,,4.9131
2023-09-23,,,12.75,,,,,,
2023-09-24,,,12.75,,,,,,
2023-09-25,,0.047279,12.75,,,,,,4.9606
2023-09-26,,0.047279,12.75,,,,,,4.9717
2023-09-27,,0.047279,12.75,,,,,,5.0289
2023-09-28,,0.047279,12.75,,,,,,5.0475
2023-09-29,,0.047279,12.75,,,,,,5.0076
2023-09-30,,,12.75,,,,,,
2023-10-01,0.24,,12.75,7.6,0.31,408.6,953934.4,-808924.94,
2023-10-02,,0.047279,12.75,,,,,,5.0679
2023-10-03,,0.047279,12.75,,,,,,5.11
2023-10-04,,0.047279,12.75,,,,,,5.1526
2023-10-05,,0.047279,12.75,,,,,,5.1713
2023-10-06,,0.047279,12.75,,,,,,5.1918
2023-10-07,,,12.75,,,,,,
2023-10-08,,,12.75,,,,,,
2023-10-09,,0.047279,12.75,,,,,,5.1666
2023-10-10,,0.047279,12.75,,,,,,5.0862
2023-10-11,,0.047279,12.75,,,,,,5.0496
2023-10-12,,,12.75,,,,,,
2023-10-13,,0.047279,12.75,,,,,,5.0625
2023-10-14,,,12.75,,,,,,
2023-10-15,,,12.75,,,,,,
2023-10-16,,0.047279,12.75,,,,,,5.0618
2023-10-17,,0.047279,12.75,,,,,,5.0384
2023-10-18,,0.047279,12.75,,,,,,5.0568
2023-10-19,,0.047279,12.75,,,,,,5.054
2023-10-20,,0.047279,12.75,,,,,,5.0528
2023-10-21,,,12.75,,,,,,
2023-10-22,,,12.75,,,,,,
2023-10-23,,0.047279,12.75,,,,,,5.0164
2023-10-24,,0.047279,12.75,,,,,,5.0065
2023-10-25,,0.047279,12.75,,,,,,4.9981
2023-10-26,,0.047279,12.75,,,,,,5.0055
2023-10-27,,0.047279,12.75,,,,,,4.948
2023-10-28,,,12.75,,,,,,
2023-10-29,,,12.75,,,,,,
2023-10-30,,0.047279,12.75,,,,,,5.0074
2023-10-31,,0.047279,12.75,,,,,,5.0575
