Date,CL=F_preco,CL=F_var_pct,Ticker
,CL=F,,
2004-01-05,33.779998779296875,,CL=F
2004-01-06,33.70000076293945,-0.23682066088898113,CL=F
2004-01-07,33.619998931884766,-0.2373941520579015,CL=F
2004-01-08,33.97999954223633,1.0707930451780756,CL=F
2004-01-09,34.310001373291016,0.9711649072993822,CL=F
2004-01-12,34.720001220703125,1.1949863917268155,CL=F
2004-01-13,34.43000030517578,-0.8352560637423623,CL=F
2004-01-14,34.5,0.20331017776289428,CL=F
2004-01-15,33.439998626708984,-3.072467748669605,CL=F
2004-01-16,35.06999969482422,4.874405308178842,CL=F
2004-01-20,36.20000076293945,3.2221302479281233,CL=F
2004-01-21,34.58000183105469,-4.475135076635894,CL=F
2004-01-22,34.93000030517578,1.0121412827884146,CL=F
2004-01-23,34.939998626708984,0.02862388046336317,CL=F
2004-01-26,34.470001220703125,-1.345155765537387,CL=F
2004-01-27,34.119998931884766,-1.0153822930767498,CL=F
2004-01-28,33.619998931884766,-1.4654162240689717,CL=F
2004-01-29,32.810001373291016,-2.4092730051384903,CL=F
2004-01-30,33.04999923706055,0.7314777620366142,CL=F
2004-02-02,34.97999954223633,5.839637971947598,CL=F
2004-02-03,34.099998474121094,-2.5157263568648225,CL=F
2004-02-04,33.099998474121094,-2.9325514508715123,CL=F
2004-02-05,33.08000183105469,-0.06041282171671547,CL=F
2004-02-06,32.47999954223633,-1.8137915828501883,CL=F
2004-02-09,32.83000183105469,1.0775932689383927,CL=F
2004-02-10,33.869998931884766,3.1678252903608373,CL=F
2004-02-11,34.0,0.38382365578657485,CL=F
2004-02-12,33.97999954223633,-0.05882487577550943,CL=F
2004-02-13,34.560001373291016,1.706891815386169,CL=F
2004-02-17,35.15999984741211,1.73610662696555,CL=F
2004-02-18,35.45000076293945,0.8248035175935531,CL=F
2004-02-19,36.0,1.5514787735506408,CL=F
2004-02-20,35.599998474121094,-1.1111153496636272,CL=F
2004-02-23,34.349998474121094,-3.511236105553961,CL=F
2004-02-24,34.58000183105469,0.6695876772945919,CL=F
2004-02-25,35.68000030517578,3.181024915774411,CL=F
2004-02-26,35.5099983215332,-0.4764629545642607,CL=F
2004-02-27,36.15999984741211,1.8304746736210076,CL=F
2004-03-01,36.86000061035156,1.9358428260324079,CL=F
2004-03-02,36.65999984741211,-0.5425956582412184,CL=F
2004-03-03,35.79999923706055,-2.3458827439473473,CL=F
2004-03-04,36.63999938964844,2.346369191310793,CL=F
2004-03-05,37.2599983215332,1.692136851017323,CL=F
2004-03-08,36.56999969482422,-1.8518482495749944,CL=F
2004-03-09,36.279998779296875,-0.7930022366622769,CL=F
2004-03-10,36.099998474121094,-0.49614198244818386,CL=F
2004-03-11,36.779998779296875,1.8836574346762225,CL=F
2004-03-12,36.189998626708984,-1.6041331489113464,CL=F
2004-03-15,37.439998626708984,3.453992946762563,CL=F
2004-03-16,37.47999954223633,0.10684005607524139,CL=F
2004-03-17,38.18000030517578,1.8676648118701733,CL=F
2004-03-18,37.93000030517578,-0.6547930801512059,CL=F
2004-03-19,38.08000183105469,0.39546935057217514,CL=F
2004-03-22,37.11000061035156,-2.5472719907068897,CL=F
2004-03-23,37.45000076293945,0.9161954917700887,CL=F
2004-03-24,37.0099983215332,-1.1749063616620203,CL=F
2004-03-25,35.5099983215332,-4.052958843630283,CL=F
2004-03-26,35.72999954223633,0.6195472573979677,CL=F
2004-03-29,35.45000076293945,-0.7836517852900848,CL=F
2004-03-30,36.25,2.256697376144756,CL=F
2004-03-31,35.7599983215332,-1.3517287681842682,CL=F
2004-04-01,34.27000045776367,-4.166660888438345,CL=F
2004-04-02,34.38999938964844,0.3501573687828108,CL=F
2004-04-05,34.380001068115234,-0.029073340246155155,CL=F
2004-04-06,34.970001220703125,1.7161144102903148,CL=F
2004-04-07,36.150001525878906,3.3743216013306654,CL=F
2004-04-08,37.13999938964844,2.738583186672394,CL=F
2004-04-12,37.84000015258789,1.8847624513816053,CL=F
2004-04-13,37.209999084472656,-1.6649076785803074,CL=F
2004-04-14,36.720001220703125,-1.3168446004450551,CL=F
2004-04-15,37.56999969482422,2.314810582418647,CL=F
2004-04-16,37.7400016784668,0.452493971316148,CL=F
2004-04-19,37.41999816894531,-0.8479159917580747,CL=F
2004-04-20,37.599998474121094,0.4810270282834095,CL=F
2004-04-21,35.72999954223633,-4.973401616417162,CL=F
2004-04-22,36.709999084472656,2.742791924970156,CL=F
2004-04-23,36.459999084472656,-0.6810133648457173,CL=F
2004-04-26,36.970001220703125,1.398799092256886,CL=F
2004-04-27,37.529998779296875,1.5147350286809136,CL=F
2004-04-28,37.459999084472656,-0.18651664561959436,CL=F
2004-04-29,37.310001373291016,-0.4004210220170945,CL=F
2004-04-30,37.380001068115234,0.18761643593594446,CL=F
2004-05-03,38.209999084472656,2.220433367149899,CL=F
2004-05-04,38.97999954223633,2.0151805187469174,CL=F
2004-05-05,39.56999969482422,1.513597125491506,CL=F
2004-05-06,39.369998931884766,-0.5054353411218626,CL=F
2004-05-07,39.93000030517578,1.4224063715619906,CL=F
2004-05-10,38.93000030517578,-2.5043826505315114,CL=F
2004-05-11,40.060001373291016,2.902648495394433,CL=F
2004-05-12,40.77000045776367,1.7723391416207823,CL=F
2004-05-13,41.08000183105469,0.7603663718673825,CL=F
2004-05-14,41.380001068115234,0.7302804860971568,CL=F
2004-05-17,41.54999923706055,0.41082205064586486,CL=F
2004-05-18,40.540000915527344,-2.430802262524079,CL=F
2004-05-19,41.5,2.3680292619454812,CL=F
2004-05-20,40.91999816894531,-1.3975947736257543,CL=F
2004-05-21,39.93000030517578,-2.4193497264641928,CL=F
2004-05-24,41.720001220703125,4.482847237282184,CL=F
2004-05-25,41.13999938964844,-1.390224865973555,CL=F
2004-05-26,40.70000076293945,-1.0695153943529156,CL=F
2004-05-27,39.439998626708984,-3.0958282865139353,CL=F
2004-05-28,39.880001068115234,1.115624890281497,CL=F
2004-06-01,42.33000183105469,6.143432039419561,CL=F
2004-06-02,39.959999084472656,-5.598872298756474,CL=F
2004-06-03,39.279998779296875,-1.7017025043927214,CL=F
2004-06-04,38.4900016784668,-2.01119431105089,CL=F
2004-06-07,38.65999984741211,0.4416683853781578,CL=F
2004-06-08,37.279998779296875,-3.5695837391670593,CL=F
2004-06-09,37.540000915527344,0.697430645772612,CL=F
2004-06-10,38.45000076293945,2.424080514701621,CL=F
2004-06-14,37.59000015258789,-2.23667254430977,CL=F
2004-06-15,37.189998626708984,-1.0641168509050059,CL=F
2004-06-16,37.31999969482422,0.3495592173049289,CL=F
2004-06-17,38.459999084472656,3.0546607689456717,CL=F
2004-06-18,38.75,0.754032559622253,CL=F
2004-06-21,37.630001068115234,-2.8903198242187456,CL=F
2004-06-22,38.11000061035156,1.2755767435867593,CL=F
2004-06-23,37.56999969482422,-1.4169533111491606,CL=F
2004-06-24,37.93000030517578,0.9582129711892318,CL=F
2004-06-25,37.54999923706055,-1.0018483128337308,CL=F
2004-06-28,36.2400016784668,-3.488675326791557,CL=F
2004-06-29,35.65999984741211,-1.6004464795577378,CL=F
2004-06-30,37.04999923706055,3.897923150858662,CL=F
2004-07-01,38.7400016784668,4.561410192191762,CL=F
2004-07-02,38.38999938964844,-0.9034648261590172,CL=F
2004-07-06,39.650001525878906,3.2821103315000766,CL=F
2004-07-07,39.08000183105469,-1.4375779896305674,CL=F
2004-07-08,40.33000183105469,3.198566892099519,CL=F
2004-07-09,39.959999084472656,-0.9174379612775563,CL=F
2004-07-12,39.5,-1.1511488864157648,CL=F
2004-07-13,39.439998626708984,-0.15190221086333056,CL=F
2004-07-14,40.970001220703125,3.8793170569686897,CL=F
2004-07-15,40.77000045776367,-0.48816391745282184,CL=F
2004-07-16,41.25,1.1773351406595856,CL=F
2004-07-19,41.63999938964844,0.9454530658143945,CL=F
2004-07-20,40.86000061035156,-1.8731959431555145,CL=F
2004-07-21,40.58000183105469,-0.6852637667997041,CL=F
2004-07-22,41.36000061035156,1.922126032778948,CL=F
2004-07-23,41.709999084472656,0.8462245380951305,CL=F
2004-07-26,41.439998626708984,-0.6473278918488035,CL=F
2004-07-27,41.84000015258789,0.9652546793790018,CL=F
2004-07-28,42.900001525878906,2.5334640760641847,CL=F
2004-07-29,42.75,-0.3496538940410465,CL=F
2004-07-30,43.79999923706055,2.456138566223509,CL=F
2004-08-02,43.81999969482422,0.04566314637455271,CL=F
2004-08-03,44.150001525878906,0.75308496885651,CL=F
2004-08-04,42.83000183105469,-2.9898066799623813,CL=F
2004-08-05,44.40999984741211,3.688998246112174,CL=F
2004-08-06,43.95000076293945,-1.0358006891537097,CL=F
2004-08-09,44.84000015258789,2.025027017516967,CL=F
2004-08-10,44.52000045776367,-0.7136478450831318,CL=F
2004-08-11,44.79999923706055,0.628928069222523,CL=F
2004-08-12,45.5,1.5625017295990862,CL=F
2004-08-13,46.58000183105469,2.3736303979223994,CL=F
2004-08-16,46.04999923706055,-1.1378329179042468,CL=F
2004-08-17,46.75,1.520088544053877,CL=F
2004-08-18,47.27000045776367,1.1123004444142603,CL=F
2004-08-19,48.70000076293945,3.0251751456052967,CL=F
2004-08-20,47.86000061035156,-1.7248462821937482,CL=F
2004-08-23,46.04999923706055,-3.7818665904896243,CL=F
2004-08-24,45.209999084472656,-1.8241045961014168,CL=F
2004-08-25,43.470001220703125,-3.84870139129716,CL=F
2004-08-26,43.099998474121094,-0.8511680151640166,CL=F
2004-08-27,43.18000030517578,0.1856191041462063,CL=F
2004-08-30,42.279998779296875,-2.0843018052758677,CL=F
2004-08-31,42.119998931884766,-0.3784291675298146,CL=F
2004-09-01,44.0,4.463440445845013,CL=F
2004-09-02,44.060001373291016,0.13636675747958904,CL=F
2004-09-03,43.9900016784668,-0.15887356478080372,CL=F
2004-09-07,43.310001373291016,-1.5458064997270538,CL=F
2004-09-08,42.77000045776367,-1.2468272879352926,CL=F
2004-09-09,44.61000061035156,4.302081208544606,CL=F
2004-09-10,42.810001373291016,-4.034967972277648,CL=F
2004-09-13,43.869998931884766,2.4760512137125934,CL=F
2004-09-14,44.38999938964844,1.1853213367318594,CL=F
2004-09-15,43.58000183105469,-1.8247298259315592,CL=F
2004-09-16,43.880001068115234,0.6883873897562953,CL=F
2004-09-17,45.59000015258789,3.8969896145130356,CL=F
2004-09-20,46.349998474121094,1.6670285566780407,CL=F
2004-09-21,47.099998474121094,1.6181230306161698,CL=F
2004-09-22,48.349998474121094,2.6539278991416726,CL=F
2004-09-23,48.459999084472656,0.22750902548722696,CL=F
2004-09-24,48.880001068115234,0.8666982905023435,CL=F
2004-09-27,49.63999938964844,1.5548246827452594,CL=F
2004-09-28,49.900001525878906,0.5237754621823854,CL=F
2004-09-29,49.5099983215332,-0.7815695238875708,CL=F
2004-09-30,49.63999938964844,0.26257538380625167,CL=F
2004-10-01,50.119998931884766,0.9669612170390529,CL=F
2004-10-04,49.90999984741211,-0.4189925956663565,CL=F
2004-10-05,51.09000015258789,2.3642562788686705,CL=F
2004-10-06,52.02000045776367,1.8203176793857745,CL=F
2004-10-07,52.66999816894531,1.2495150047324488,CL=F
2004-10-08,53.310001373291016,1.2151190935925538,CL=F
2004-10-11,53.63999938964844,0.619017084705531,CL=F
2004-10-12,52.5099983215332,-2.1066388534174862,CL=F
2004-10-13,53.63999938964844,2.1519731560376787,CL=F
2004-10-14,54.7599983215332,2.0879920667950413,CL=F
2004-10-15,54.93000030517578,0.3104492126613678,CL=F
2004-10-18,53.66999816894531,-2.2938323852726206,CL=F
2004-10-19,53.290000915527344,-0.7080254637270356,CL=F
2004-10-20,54.91999816894531,3.0587300157899344,CL=F
2004-10-21,54.470001220703125,-0.8193681049622481,CL=F
2004-10-22,55.16999816894531,1.2851054388743677,CL=F
2004-10-25,54.540000915527344,-1.1419200187187784,CL=F
2004-10-26,55.16999816894531,1.1551104562570913,CL=F
2004-10-27,52.459999084472656,-4.912088407496251,CL=F
2004-10-28,50.91999816894531,-2.9355717544859106,CL=F
2004-10-29,51.7599983215332,1.6496468633028893,CL=F
2004-11-01,50.130001068115234,-3.149144718460817,CL=F
2004-11-02,49.619998931884766,-1.0173591170235419,CL=F
2004-11-03,50.880001068115234,2.539303029732265,CL=F
2004-11-04,48.81999969482422,-4.048744752448419,CL=F
2004-11-05,49.61000061035156,1.6181911521214065,CL=F
2004-11-08,49.09000015258789,-1.048176680842794,CL=F
2004-11-09,47.369998931884766,-3.5037710640798414,CL=F
2004-11-10,48.86000061035156,3.145454321435248,CL=F
2004-11-11,47.41999816894531,-2.9472010303273843,CL=F
2004-11-12,47.31999969482422,-0.2108782749523197,CL=F
2004-11-15,46.869998931884766,-0.9509737232493598,CL=F
2004-11-16,46.11000061035156,-1.6215027498457935,CL=F
2004-11-17,46.84000015258789,1.5831696650909333,CL=F
2004-11-18,46.220001220703125,-1.3236527110696672,CL=F
2004-11-19,48.439998626708984,4.803109795270766,CL=F
2004-11-22,48.63999938964844,0.4128835024969968,CL=F
2004-11-23,48.939998626708984,0.6167747549856939,CL=F
2004-11-24,49.439998626708984,1.0216592031678573,CL=F
2004-11-29,49.7599983215332,0.6472485916521498,CL=F
2004-11-30,49.130001068115234,-1.2660716934657645,CL=F
2004-12-01,45.4900016784668,-7.408913719749033,CL=F
2004-12-02,43.25,-4.924162663918141,CL=F
2004-12-03,42.540000915527344,-1.6416163802835948,CL=F
2004-12-06,42.97999954223633,1.0343173889034496,CL=F
2004-12-07,41.459999084472656,-3.5365297206901403,CL=F
2004-12-08,41.939998626708984,1.1577413237717549,CL=F
2004-12-09,42.529998779296875,1.4067719883332552,CL=F
2004-12-10,40.709999084472656,-4.279331641340589,CL=F
2004-12-13,41.0099983215332,0.7369178182442315,CL=F
2004-12-14,41.81999969482422,1.9751314470688675,CL=F
2004-12-15,44.189998626708984,5.667142394020841,CL=F
2004-12-16,44.18000030517578,-0.022625756605387792,CL=F
2004-12-17,46.279998779296875,4.753278541455952,CL=F
2004-12-20,45.63999938964844,-1.382885493797248,CL=F
2004-12-21,45.7599983215332,0.262924920003349,CL=F
2004-12-22,44.2400016784668,-3.321671107560209,CL=F
2004-12-23,44.18000030517578,-0.1356269688394307,CL=F
2004-12-27,41.31999969482422,-6.473518765495589,CL=F
2004-12-28,41.77000045776367,1.089062841875621,CL=F
2004-12-29,43.63999938964844,4.47689468851129,CL=F
2004-12-30,43.45000076293945,-0.43537724419412394,CL=F
2005-01-03,42.119998931884766,-3.0609938036850637,CL=F
2005-01-04,43.90999984741211,4.2497648644817865,CL=F
2005-01-05,43.38999938964844,-1.1842415385349137,CL=F
2005-01-06,45.560001373291016,5.00115698125656,CL=F
2005-01-07,45.43000030517578,-0.28534035161694726,CL=F
2005-01-10,45.33000183105469,-0.2201155039607161,CL=F
2005-01-11,45.68000030517578,0.7721121993895741,CL=F
2005-01-12,46.369998931884766,1.5105048644905583,CL=F
2005-01-13,48.040000915527344,3.6014708262032347,CL=F
2005-01-14,48.380001068115234,0.7077438511829737,CL=F
2005-01-18,48.380001068115234,0.0,CL=F
2005-01-19,47.54999923706055,-1.71558869931836,CL=F
2005-01-20,46.90999984741211,-1.345950367859572,CL=F
2005-01-21,48.529998779296875,3.4534191796083302,CL=F
2005-01-24,48.810001373291016,0.5769680631304563,CL=F
2005-01-25,49.63999938964844,1.7004671030630192,CL=F
2005-01-26,48.779998779296875,-1.732475062300065,CL=F
2005-01-27,48.84000015258789,0.12300404836516066,CL=F
2005-01-28,47.18000030517578,-3.3988530758105484,CL=F
2005-01-31,48.20000076293945,2.1619339787324554,CL=F
2005-02-01,47.119998931884766,-2.2406676638169087,CL=F
2005-02-02,46.689998626708984,-0.9125643355751722,CL=F
2005-02-03,46.45000076293945,-0.5140241397056711,CL=F
2005-02-04,46.47999954223633,0.0645829468334691,CL=F
2005-02-07,45.279998779296875,-2.5817572606665284,CL=F
2005-02-08,45.400001525878906,0.2650237407623379,CL=F
2005-02-09,45.459999084472656,0.1321532083199406,CL=F
2005-02-10,47.099998474121094,3.6075658219900664,CL=F
2005-02-11,47.15999984741211,0.12739145485107795,CL=F
2005-02-14,47.439998626708984,0.5937209079788452,CL=F
2005-02-15,47.2599983215332,-0.37942729845367174,CL=F
2005-02-16,48.33000183105469,2.2640786024614723,CL=F
2005-02-17,47.540000915527344,-1.6345973217400611,CL=F
2005-02-18,48.349998474121094,1.7038231867791076,CL=F
2005-02-22,51.150001525878906,5.791113009561921,CL=F
2005-02-23,51.16999816894531,0.0390941201757089,CL=F
2005-02-24,51.38999938964844,0.42994181859603575,CL=F
2005-02-25,51.4900016784668,0.19459484336654675,CL=F
2005-02-28,51.75,0.5049491416931451,CL=F
2005-03-01,51.68000030517578,-0.135265110771432,CL=F
2005-03-02,53.04999923706055,2.650926710129209,CL=F
2005-03-03,53.56999969482422,0.9802082285430114,CL=F
2005-03-04,53.779998779296875,0.39200874681533104,CL=F
2005-03-07,53.88999938964844,0.20453814215017907,CL=F
2005-03-08,54.59000015258789,1.2989437202961085,CL=F
2005-03-09,54.77000045776367,0.32973127802280455,CL=F
2005-03-10,53.540000915527344,-2.245754120788901,CL=F
2005-03-11,54.43000030517578,1.6623073859349358,CL=F
2005-03-14,54.95000076293945,0.9553563381373475,CL=F
2005-03-15,55.04999923706055,0.18198084209770649,CL=F
2005-03-16,56.459999084472656,2.5613076602240437,CL=F
2005-03-17,56.400001525878906,-0.10626560319986211,CL=F
2005-03-18,56.720001220703125,0.5673753300829087,CL=F
2005-03-21,56.619998931884766,-0.17630868594173954,CL=F
2005-03-22,56.029998779296875,-1.0420349058954836,CL=F
2005-03-23,53.810001373291016,-3.9621585835660444,CL=F
2005-03-24,54.84000015258789,1.9141400353283045,CL=F
2005-03-28,54.04999923706055,-1.440556005341409,CL=F
2005-03-29,54.22999954223633,0.33302554619161207,CL=F
2005-03-30,53.9900016784668,-0.44255553346005394,CL=F
2005-03-31,55.400001525878906,2.611594375953641,CL=F
2005-04-01,57.27000045776367,3.3754492425622784,CL=F
2005-04-04,57.0099983215332,-0.45399359900863967,CL=F
2005-04-05,56.040000915527344,-1.7014513849572976,CL=F
2005-04-06,55.849998474121094,-0.33904789133150093,CL=F
2005-04-07,54.11000061035156,-3.1154841742310646,CL=F
2005-04-08,53.31999969482422,-1.4599905869825736,CL=F
2005-04-11,53.709999084472656,0.731431717705533,CL=F
2005-04-12,51.86000061035156,-3.4444209749687427,CL=F
2005-04-13,50.220001220703125,-3.1623589863997825,CL=F
2005-04-14,51.130001068115234,1.812026732960259,CL=F
2005-04-15,50.4900016784668,-1.2517101042024859,CL=F
2005-04-18,50.369998931884766,-0.23767625785842128,CL=F
2005-04-19,52.290000915527344,3.8117967527436125,CL=F
2005-04-20,52.439998626708984,0.2868573504597016,CL=F
2005-04-21,54.20000076293945,3.356220790086084,CL=F
2005-04-22,55.38999938964844,2.195569391066643,CL=F
2005-04-25,54.56999969482422,-1.480411092002043,CL=F
2005-04-26,54.20000076293945,-0.6780262670953552,CL=F
2005-04-27,51.61000061035156,-4.778598000239997,CL=F
2005-04-28,51.77000045776367,0.3100171391589024,CL=F
2005-04-29,49.720001220703125,-3.9598207821787246,CL=F
2005-05-02,50.91999816894531,2.413509490708776,CL=F
2005-05-03,49.5,-2.788684642591621,CL=F
2005-05-04,50.130001068115234,1.2727294305358239,CL=F
2005-05-05,50.83000183105469,1.3963709316269668,CL=F
2005-05-06,50.959999084472656,0.2557490630239245,CL=F
2005-05-09,52.029998779296875,2.099685467126,CL=F
2005-05-10,52.06999969482422,0.07688048523126767,CL=F
2005-05-11,50.45000076293945,-3.1111944332233077,CL=F
2005-05-12,48.540000915527344,-3.7859263003523935,CL=F
2005-05-13,48.66999816894531,0.26781469090657595,CL=F
2005-05-16,48.61000061035156,-0.12327421584337195,CL=F
2005-05-17,48.970001220703125,0.7405896026154268,CL=F
2005-05-18,47.25,-3.512356907959313,CL=F
2005-05-19,46.91999816894531,-0.6984165736607095,CL=F
2005-05-20,46.79999923706055,-0.2557522092236364,CL=F
2005-05-23,49.15999984741211,5.042736429112371,CL=F
2005-05-24,49.66999816894531,1.0374253928319588,CL=F
2005-05-25,50.97999954223633,2.637409747500352,CL=F
2005-05-26,51.0099983215332,0.058844212566189213,CL=F
2005-05-27,51.849998474121094,1.6467362874491576,CL=F
2005-05-31,51.970001220703125,0.23144214100976335,CL=F
2005-06-01,54.599998474121094,5.060606487671704,CL=F
2005-06-02,53.630001068115234,-1.7765520753001751,CL=F
2005-06-03,55.029998779296875,2.6104748896117025,CL=F
2005-06-06,54.4900016784668,-0.9812776900028464,CL=F
2005-06-07,53.7599983215332,-1.3397014763206982,CL=F
2005-06-08,52.540000915527344,-2.269340483809501,CL=F
2005-06-09,54.279998779296875,3.3117583430709585,CL=F
2005-06-10,53.540000915527344,-1.3632974952309307,CL=F
2005-06-13,55.619998931884766,3.8849420634847087,CL=F
2005-06-14,55.0,-1.1147050409764492,CL=F
2005-06-15,55.56999969482422,1.0363630814985703,CL=F
2005-06-16,56.58000183105469,1.8175312970616142,CL=F
2005-06-17,58.470001220703125,3.340401782403424,CL=F
2005-06-20,59.369998931884766,1.5392469512433893,CL=F
2005-06-21,58.900001525878906,-0.7916412573041987,CL=F
2005-06-22,58.09000015258789,-1.3752145200456867,CL=F
2005-06-23,59.41999816894531,2.2895472764053126,CL=F
2005-06-24,59.84000015258789,0.7068360763802239,CL=F
2005-06-27,60.540000915527344,1.1697873682394722,CL=F
2005-06-28,58.20000076293945,-3.8652132758520086,CL=F
2005-06-29,57.2599983215332,-1.615124448597638,CL=F
2005-06-30,56.5,-1.3272761854891568,CL=F
2005-07-01,58.75,3.9823008849557473,CL=F
2005-07-05,59.59000015258789,1.4297874937666322,CL=F
2005-07-06,61.279998779296875,2.8360440046677704,CL=F
2005-07-07,60.72999954223633,-0.8975183551184429,CL=F
2005-07-08,59.630001068115234,-1.8112934009756887,CL=F
2005-07-11,58.91999816894531,-1.1906806749154453,CL=F
2005-07-12,60.619998931884766,2.8852695447561416,CL=F
2005-07-13,60.0099983215332,-1.0062695828104262,CL=F
2005-07-14,57.79999923706055,-3.6827181241224083,CL=F
2005-07-15,58.09000015258789,0.5017316943862538,CL=F
2005-07-18,57.31999969482422,-1.3255301355501348,CL=F
2005-07-19,57.459999084472656,0.2442417836598043,CL=F
2005-07-20,56.720001220703125,-1.2878487218241141,CL=F
2005-07-21,57.130001068115234,0.7228487986393972,CL=F
2005-07-22,58.650001525878906,2.660599386216367,CL=F
2005-07-25,59.0,0.5967578261130368,CL=F
2005-07-26,59.20000076293945,0.3389843439651763,CL=F
2005-07-27,59.11000061035156,-0.1520272828175906,CL=F
2005-07-28,59.939998626708984,1.4041583620150844,CL=F
2005-07-29,60.56999969482422,1.0510528571058497,CL=F
2005-08-01,61.56999969482422,1.6509823428073167,CL=F
2005-08-02,61.88999938964844,0.5197331434307673,CL=F
2005-08-03,60.86000061035156,-1.6642410558322718,CL=F
2005-08-04,61.380001068115234,0.85442072387234,CL=F
2005-08-05,62.310001373291016,1.5151519859762264,CL=F
2005-08-08,63.939998626708984,2.6159480300006255,CL=F
2005-08-09,63.06999969482422,-1.3606489686744383,CL=F
2005-08-10,64.9000015258789,2.90154089092991,CL=F
2005-08-11,65.80000305175781,1.3867511628948614,CL=F
2005-08-12,66.86000061035156,1.6109384641820768,CL=F
2005-08-15,66.2699966430664,-0.8824468469924129,CL=F
2005-08-16,66.08000183105469,-0.28669808606607283,CL=F
2005-08-17,63.25,-4.282690303626335,CL=F
2005-08-18,63.27000045776367,0.031621277096705036,CL=F
2005-08-19,65.3499984741211,3.2874948653524028,CL=F
2005-08-22,65.44999694824219,0.15301985685691744,CL=F
2005-08-23,65.70999908447266,0.39725309144946763,CL=F
2005-08-24,67.31999969482422,2.4501607560241334,CL=F
2005-08-25,67.48999786376953,0.25252253374323796,CL=F
2005-08-26,66.12999725341797,-2.015114318267963,CL=F
2005-08-29,67.19999694824219,1.6180247077946408,CL=F
2005-08-30,69.80999755859375,3.8839296560709613,CL=F
2005-08-31,68.94000244140625,-1.246232842877959,CL=F
2005-09-01,69.47000122070312,0.7687826523466335,CL=F
2005-09-02,67.56999969482422,-2.7349956707826806,CL=F
2005-09-06,65.95999908447266,-2.382715136337177,CL=F
2005-09-07,64.37000274658203,-2.4105463310488684,CL=F
2005-09-08,64.48999786376953,0.1864146528933741,CL=F
2005-09-09,64.08000183105469,-0.6357513510559132,CL=F
2005-09-12,63.33000183105469,-1.170411951574779,CL=F
2005-09-13,63.11000061035156,-0.3473886220468181,CL=F
2005-09-14,65.08999633789062,3.137372379004999,CL=F
2005-09-15,64.75,-0.5223480673215319,CL=F
2005-09-16,63.0,-2.7027027027026973,CL=F
2005-09-19,67.38999938964844,6.968252999441971,CL=F
2005-09-20,66.2300033569336,-1.7213177670588165,CL=F
2005-09-21,66.80000305175781,0.8606366690823153,CL=F
2005-09-22,66.5,-0.4491063443894827,CL=F
2005-09-23,64.19000244140625,-3.4736805392387216,CL=F
2005-09-26,65.81999969482422,2.539331969812375,CL=F
2005-09-27,65.06999969482422,-1.1394712906067972,CL=F
2005-09-28,66.3499984741211,1.9671104737974732,CL=F
2005-09-29,66.79000091552734,0.6631536571592545,CL=F
2005-09-30,66.23999786376953,-0.8234811262443742,CL=F
2005-10-03,65.47000122070312,-1.1624345831803828,CL=F
2005-10-04,63.900001525878906,-2.398044395221044,CL=F
2005-10-05,62.790000915527344,-1.7370901155644325,CL=F
2005-10-06,61.36000061035156,-2.277433165034648,CL=F
2005-10-07,61.84000015258789,0.7822678250680282,CL=F
2005-10-10,61.79999923706055,-0.06468453335809476,CL=F
2005-10-11,63.529998779296875,2.799352044649983,CL=F
2005-10-12,64.12000274658203,0.9287013672624633,CL=F
2005-10-13,63.08000183105469,-1.6219601855565813,CL=F
2005-10-14,62.630001068115234,-0.7133810239014826,CL=F
2005-10-17,64.36000061035156,2.762253732607811,CL=F
2005-10-18,63.20000076293945,-1.8023614611736627,CL=F
2005-10-19,62.40999984741211,-1.250001433529413,CL=F
2005-10-20,61.029998779296875,-2.2111858219664104,CL=F
2005-10-21,60.630001068115234,-0.6554116322829318,CL=F
2005-10-24,60.31999969482422,-0.5113002933032185,CL=F
2005-10-25,62.439998626708984,3.5145871064496514,CL=F
2005-10-26,60.65999984741211,-2.8507348149355516,CL=F
2005-10-27,61.09000015258789,0.7088696113706439,CL=F
2005-10-28,61.220001220703125,0.21280253362339074,CL=F
2005-10-31,59.7599983215332,-2.3848462431526163,CL=F
2005-11-01,59.849998474121094,0.1506026692029927,CL=F
2005-11-02,59.75,-0.16708183236517904,CL=F
2005-11-03,61.779998779296875,3.3974874967311663,CL=F
2005-11-04,60.58000183105469,-1.9423712721799546,CL=F
2005-11-07,59.470001220703125,-1.8322888359216805,CL=F
2005-11-08,59.709999084472656,0.4035612222015317,CL=F
2005-11-09,58.93000030517578,-1.3063118259194706,CL=F
2005-11-10,57.79999923706055,-1.9175310746027407,CL=F
2005-11-11,57.529998779296875,-0.46712882582626847,CL=F
2005-11-14,57.689998626708984,0.27811550635681304,CL=F
2005-11-15,56.97999954223633,-1.2307143376216745,CL=F
2005-11-16,57.880001068115234,1.5795042701110873,CL=F
2005-11-17,56.33000183105469,-2.677953020830892,CL=F
2005-11-18,56.13999938964844,-0.3373023881236614,CL=F
2005-11-21,57.70000076293945,2.778769843696627,CL=F
2005-11-22,58.84000015258789,1.975735484531671,CL=F
2005-11-23,58.709999084472656,-0.2209399520362143,CL=F
2005-11-28,57.36000061035156,-2.2994353520235933,CL=F
2005-11-29,56.5,-1.4993036980483598,CL=F
2005-11-30,57.31999969482422,1.451326893494187,CL=F
2005-12-01,58.470001220703125,2.006283203073278,CL=F
2005-12-02,59.31999969482422,1.4537343190957897,CL=F
2005-12-05,59.90999984741211,0.9946057916776496,CL=F
2005-12-06,59.939998626708984,0.05007307523499094,CL=F
2005-12-07,59.209999084472656,-1.2178838154177751,CL=F
2005-12-08,60.65999984741211,2.4489119833810413,CL=F
2005-12-09,59.38999938964844,-2.093637423274497,CL=F
2005-12-12,61.29999923706055,3.2160294107445697,CL=F
2005-12-13,61.369998931884766,0.11419199950315484,CL=F
2005-12-14,60.849998474121094,-0.8473202978882655,CL=F
2005-12-15,59.9900016784668,-1.4133061909936573,CL=F
2005-12-16,58.060001373291016,-3.2172032858411304,CL=F
2005-12-19,57.33000183105469,-1.2573191956074314,CL=F
2005-12-20,57.97999954223633,1.1337828195036703,CL=F
2005-12-21,58.560001373291016,1.0003481125110625,CL=F
2005-12-22,58.279998779296875,-0.478146494924514,CL=F
2005-12-23,58.43000030517578,0.25738079790795787,CL=F
2005-12-27,58.15999984741211,-0.46209217243450285,CL=F
2005-12-28,59.81999969482422,2.854195068375631,CL=F
2005-12-29,60.31999969482422,0.8358408601651268,CL=F
2005-12-30,61.040000915527344,1.1936359820056586,CL=F
2006-01-03,63.13999938964844,3.4403644210740714,CL=F
2006-01-04,63.41999816894531,0.44345705100337085,CL=F
2006-01-05,62.790000915527344,-0.9933731813421276,CL=F
2006-01-06,64.20999908447266,2.2615036602016803,CL=F
2006-01-09,63.5,-1.1057453583492527,CL=F
2006-01-10,63.369998931884766,-0.20472609152005772,CL=F
2006-01-11,63.939998626708984,0.8994787824391448,CL=F
2006-01-12,63.939998626708984,0.0,CL=F
2006-01-13,63.91999816894531,-0.031280040965342426,CL=F
2006-01-17,66.30999755859375,3.7390479632547713,CL=F
2006-01-18,65.7300033569336,-0.8746708234269707,CL=F
2006-01-19,66.83000183105469,1.673510448718174,CL=F
2006-01-20,68.3499984741211,2.2744225668419604,CL=F
2006-01-23,68.0999984741211,-0.3657644558611839,CL=F
2006-01-24,67.05999755859375,-1.5271673110573647,CL=F
2006-01-25,65.8499984741211,-1.8043530100272043,CL=F
2006-01-26,66.26000213623047,0.622632758709174,CL=F
2006-01-27,67.76000213623047,2.2638091633562007,CL=F
2006-01-30,68.3499984741211,0.8707147569217089,CL=F
2006-01-31,67.91999816894531,-0.6291153105710601,CL=F
2006-02-01,66.55999755859375,-2.0023566652176195,CL=F
2006-02-02,64.68000030517578,-2.8245152078964275,CL=F
2006-02-03,65.37000274658203,1.0667941220634747,CL=F
2006-02-06,65.11000061035156,-0.3977392157048065,CL=F
2006-02-07,63.09000015258789,-3.1024426951741124,CL=F
2006-02-08,62.54999923706055,-0.8559215631975148,CL=F
2006-02-09,62.619998931884766,0.11190998509675865,CL=F
2006-02-10,61.84000015258789,-1.2456065036751673,CL=F
2006-02-13,61.2400016784668,-0.9702433257448573,CL=F
2006-02-14,59.56999969482422,-2.72697899717691,CL=F
2006-02-15,57.70000076293945,-3.1391622317688883,CL=F
2006-02-16,58.459999084472656,1.3171547859343269,CL=F
2006-02-17,59.880001068115234,2.4290147209730995,CL=F
2006-02-21,61.099998474121094,2.03740378130266,CL=F
2006-02-22,61.0099983215332,-0.14729976241490972,CL=F
2006-02-23,60.540000915527344,-0.7703612832914541,CL=F
2006-02-24,62.90999984741211,3.91476527261978,CL=F
2006-02-27,61.0,-3.036083058408523,CL=F
2006-02-28,61.40999984741211,0.6721308973969053,CL=F
2006-03-01,61.970001220703125,0.9119058372943689,CL=F
2006-03-02,63.36000061035156,2.243019787425893,CL=F
2006-03-03,63.66999816894531,0.48926381882499204,CL=F
2006-03-06,62.40999984741211,-1.9789514021813837,CL=F
2006-03-07,61.58000183105469,-1.3299119025584116,CL=F
2006-03-08,60.02000045776367,-2.533292183996505,CL=F
2006-03-09,60.470001220703125,0.7497513487293661,CL=F
2006-03-10,59.959999084472656,-0.8433969339095349,CL=F
2006-03-13,61.77000045776367,3.0186814558503583,CL=F
2006-03-14,63.099998474121094,2.1531455504308017,CL=F
2006-03-15,62.16999816894531,-1.4738515493898152,CL=F
2006-03-16,63.58000183105469,2.2679808647858124,CL=F
2006-03-17,62.77000045776367,-1.273987653292863,CL=F
2006-03-20,60.41999816894531,-3.743830287845251,CL=F
2006-03-21,60.56999969482422,0.24826469782317506,CL=F
2006-03-22,61.77000045776367,1.9811800709683691,CL=F
2006-03-23,63.90999984741211,3.4644639368453634,CL=F
2006-03-24,64.26000213623047,0.5476487085808168,CL=F
2006-03-27,64.16000366210938,-0.15561542296419484,CL=F
2006-03-28,66.06999969482422,2.976926314988382,CL=F
2006-03-29,66.44999694824219,0.5751434163359548,CL=F
2006-03-30,67.1500015258789,1.053430564010327,CL=F
2006-03-31,66.62999725341797,-0.774392048614525,CL=F
2006-04-03,66.73999786376953,0.1650917227764337,CL=F
2006-04-04,66.2300033569336,-0.7641512183997112,CL=F
2006-04-05,67.06999969482422,1.268301819892148,CL=F
2006-04-06,67.94000244140625,1.2971563300143707,CL=F
2006-04-07,67.38999938964844,-0.8095422902466787,CL=F
2006-04-10,68.73999786376953,2.0032623332067567,CL=F
2006-04-11,68.9800033569336,0.3491496954068918,CL=F
2006-04-12,68.62000274658203,-0.5218912624413208,CL=F
2006-04-13,69.31999969482422,1.0201062667212657,CL=F
2006-04-17,70.4000015258789,1.557994569834542,CL=F
2006-04-18,71.3499984741211,1.3494274540505113,CL=F
2006-04-19,72.16999816894531,1.1492637874710443,CL=F
2006-04-20,71.94999694824219,-0.3048375035123563,CL=F
2006-04-21,75.16999816894531,4.475331976760821,CL=F
2006-04-24,73.33000183105469,-2.4477802084752143,CL=F
2006-04-25,72.87999725341797,-0.6136704846585017,CL=F
2006-04-26,71.93000030517578,-1.3035084852416556,CL=F
2006-04-27,70.97000122070312,-1.3346296126785617,CL=F
2006-04-28,71.87999725341797,1.2822263168418502,CL=F
2006-05-01,73.69999694824219,2.5319974462543193,CL=F
2006-05-02,74.61000061035156,1.234740433908632,CL=F
2006-05-03,72.27999877929688,-3.1229082053263246,CL=F
2006-05-04,69.94000244140625,-3.2374050600577298,CL=F
2006-05-05,70.19000244140625,0.3574492297300669,CL=F
2006-05-08,69.7699966430664,-0.5983840771204729,CL=F
2006-05-09,70.69000244140625,1.3186266914221978,CL=F
2006-05-10,72.12999725341797,2.037055824414935,CL=F
2006-05-11,73.31999969482422,1.6498024216268226,CL=F
2006-05-12,72.04000091552734,-1.7457703009063574,CL=F
2006-05-15,69.41000366210938,-3.6507457245896657,CL=F
2006-05-16,69.52999877929688,0.17287870747224598,CL=F
2006-05-17,68.69999694824219,-1.1937319799030788,CL=F
2006-05-18,69.44999694824219,1.0917031052636528,CL=F
2006-05-19,68.52999877929688,-1.3246914461795378,CL=F
2006-05-22,69.2300033569336,1.0214571576034892,CL=F
2006-05-23,71.76000213623047,3.6544831093721086,CL=F
2006-05-24,69.86000061035156,-2.6477166517803408,CL=F
2006-05-25,71.31999969482422,2.0898927450858418,CL=F
2006-05-26,71.37000274658203,0.07011084123915712,CL=F
2006-05-30,72.02999877929688,0.9247527074621731,CL=F
2006-05-31,71.29000091552734,-1.0273467670559255,CL=F
2006-06-01,70.33999633789062,-1.3325916193526188,CL=F
2006-06-02,72.33000183105469,2.829123680366319,CL=F
2006-06-05,72.5999984741211,0.3732844410775149,CL=F
2006-06-06,72.5,-0.13773894796532682,CL=F
2006-06-07,70.81999969482422,-2.3172418002424533,CL=F
2006-06-08,70.3499984741211,-0.6636560614634912,CL=F
2006-06-09,71.62999725341797,1.819472362558372,CL=F
2006-06-12,70.36000061035156,-1.7729955210989523,CL=F
2006-06-13,68.55999755859375,-2.5582760604652255,CL=F
2006-06-14,69.13999938964844,0.8459770299131142,CL=F
2006-06-15,69.5,0.5206835602105331,CL=F
2006-06-16,69.87999725341797,0.5467586380114575,CL=F
2006-06-19,68.9800033569336,-1.2879134686004212,CL=F
2006-06-20,68.94000244140625,-0.05798914697112689,CL=F
2006-06-21,70.33000183105469,2.01624505428446,CL=F
2006-06-22,70.83999633789062,0.725145021410678,CL=F
2006-06-23,70.87000274658203,0.04235800429504,CL=F
2006-06-26,71.80000305175781,1.3122622677203655,CL=F
2006-06-27,71.91999816894531,0.16712411154216067,CL=F
2006-06-28,72.19000244140625,0.3754230802768932,CL=F
2006-06-29,73.5199966430664,1.842352343372844,CL=F
2006-06-30,73.9800033569336,0.6256892476484754,CL=F
2006-07-05,75.19000244140625,1.6355758712725876,CL=F
2006-07-06,75.13999938964844,-0.0665022611174626,CL=F
2006-07-07,74.08999633789062,-1.3973956085797656,CL=F
2006-07-10,73.61000061035156,-0.6478549753869856,CL=F
2006-07-11,74.16000366210938,0.7471852291772274,CL=F
2006-07-12,74.94999694824219,1.0652551875970806,CL=F
2006-07-13,76.69999694824219,2.334890021688052,CL=F
2006-07-14,77.02999877929688,0.4302501227964495,CL=F
2006-07-17,75.30000305175781,-2.2458727183623295,CL=F
2006-07-18,73.54000091552734,-2.3373201393109166,CL=F
2006-07-19,72.66000366210938,-1.1966239359022968,CL=F
2006-07-20,73.08000183105469,0.5780321329165172,CL=F
2006-07-21,74.43000030517578,1.847288506152478,CL=F
2006-07-24,75.05000305175781,0.8330011340049959,CL=F
2006-07-25,73.75,-1.7321825434987281,CL=F
2006-07-26,73.94000244140625,0.2576304290254239,CL=F
2006-07-27,74.54000091552734,0.811466667987415,CL=F
2006-07-28,73.23999786376953,-1.7440341236795054,CL=F
2006-07-31,74.4000015258789,1.5838390168539496,CL=F
2006-08-01,74.91000366210938,0.6854867281865129,CL=F
2006-08-02,75.80999755859375,1.2014335235436713,CL=F
2006-08-03,75.45999908447266,-0.4616785191828843,CL=F
2006-08-04,74.76000213623047,-0.9276397518353852,CL=F
2006-08-07,76.9800033569336,2.9695039556817404,CL=F
2006-08-08,76.30999755859375,-0.8703634309201402,CL=F
2006-08-09,76.3499984741211,0.052418971048484586,CL=F
2006-08-10,74.0,-3.077928645823913,CL=F
2006-08-11,74.3499984741211,0.4729709109744462,CL=F
2006-08-14,73.52999877929688,-1.1028913404882434,CL=F
2006-08-15,73.05000305175781,-0.6527889779786133,CL=F
2006-08-16,71.88999938964844,-1.58795840335213,CL=F
2006-08-17,70.05999755859375,-2.5455582787474507,CL=F
2006-08-18,71.13999938964844,1.5415384937052634,CL=F
2006-08-21,72.44999694824219,1.8414359992029672,CL=F
2006-08-22,72.62999725341797,0.24844763665672343,CL=F
2006-08-23,71.76000213623047,-1.197845449658963,CL=F
2006-08-24,72.36000061035156,0.8361182500831621,CL=F
2006-08-25,72.51000213623047,0.20729895607194404,CL=F
2006-08-28,70.61000061035156,-2.62033025776115,CL=F
2006-08-29,69.70999908447266,-1.27460914615396,CL=F
2006-08-30,70.02999877929688,0.459044181648105,CL=F
2006-08-31,70.26000213623047,0.3284354718589455,CL=F
2006-09-01,69.19000244140625,-1.5229144069047185,CL=F
2006-09-04,68.0199966430664,-1.6910041292897304,CL=F
2006-09-05,68.5999984741211,0.8526931191987996,CL=F
2006-09-06,67.5,-1.6034963536275648,CL=F
2006-09-07,67.31999969482422,-0.26666711877894045,CL=F
2006-09-08,66.25,-1.589423202131246,CL=F
2006-09-11,65.61000061035156,-0.9660368145636755,CL=F
2006-09-12,63.7599983215332,-2.819695582393389,CL=F
2006-09-13,63.970001220703125,0.3293646560511343,CL=F
2006-09-14,63.220001220703125,-1.172424551646356,CL=F
2006-09-15,63.33000183105469,0.17399653310279373,CL=F
2006-09-18,63.79999923706055,0.7421402059321958,CL=F
2006-09-19,61.65999984741211,-3.3542310583686397,CL=F
2006-09-20,60.459999084472656,-1.9461575833750522,CL=F
2006-09-21,61.59000015258789,1.869006095313419,CL=F
2006-09-22,60.54999923706055,-1.6885872916882039,CL=F
2006-09-25,61.45000076293945,1.4863774355393433,CL=F
2006-09-26,61.0099983215332,-0.716033256213755,CL=F
2006-09-27,62.959999084472656,3.196198683144713,CL=F
2006-09-28,62.7599983215332,-0.3176632240275534,CL=F
2006-09-29,62.90999984741211,0.23900817382183082,CL=F
2006-10-02,61.029998779296875,-2.9883978265381805,CL=F
2006-10-03,58.68000030517578,-3.850562872562735,CL=F
2006-10-04,59.40999984741211,1.2440346599179142,CL=F
2006-10-05,60.029998779296875,1.0435935591266876,CL=F
2006-10-06,59.7599983215332,-0.4497758841480959,CL=F
2006-10-09,59.959999084472656,0.33467330749135105,CL=F
2006-10-10,58.52000045776367,-2.401598813702932,CL=F
2006-10-11,57.59000015258789,-1.5892007824692356,CL=F
2006-10-12,57.86000061035156,0.46883218796369697,CL=F
2006-10-13,58.56999969482422,1.2270983010422398,CL=F
2006-10-16,59.939998626708984,2.33907962954254,CL=F
2006-10-17,58.93000030517578,-1.6850155900456687,CL=F
2006-10-18,57.650001525878906,-2.1720664732195027,CL=F
2006-10-19,58.5,1.474411884862703,CL=F
2006-10-20,56.81999969482422,-2.8717953934628726,CL=F
2006-10-23,58.810001373291016,3.5022908996038993,CL=F
2006-10-24,59.349998474121094,0.9182062374093469,CL=F
2006-10-25,61.400001525878906,3.454091161690087,CL=F
2006-10-26,60.36000061035156,-1.693812523911753,CL=F
2006-10-27,60.75,0.6461222427183833,CL=F
2006-10-30,58.36000061035156,-3.934155373906889,CL=F
2006-10-31,58.72999954223633,0.6339940507456676,CL=F
2006-11-01,58.709999084472656,-0.034054925795268254,CL=F
2006-11-02,57.880001068115234,-1.4137251393296912,CL=F
2006-11-03,59.13999938964844,2.176914820803799,CL=F
2006-11-06,60.02000045776367,1.487996410546577,CL=F
2006-11-07,58.93000030517578,-1.8160615532732738,CL=F
2006-11-08,59.83000183105469,1.5272382847754118,CL=F
2006-11-09,61.15999984741211,2.2229616841948463,CL=F
2006-11-10,59.59000015258789,-2.5670367866926225,CL=F
2006-11-13,58.58000183105469,-1.6949124332051868,CL=F
2006-11-14,58.279998779296875,-0.5121253710831608,CL=F
2006-11-15,58.7599983215332,0.8236093896536678,CL=F
2006-11-16,56.2599983215332,-4.254595084091162,CL=F
2006-11-17,55.810001373291016,-0.7998524025372267,CL=F
2006-11-20,58.79999923706055,5.357458860770525,CL=F
2006-11-21,60.16999816894531,2.3299301864978306,CL=F
2006-11-22,59.2400016784668,-1.5456149555917786,CL=F
2006-11-27,60.31999969482422,1.8230891049248354,CL=F
2006-11-28,60.9900016784668,1.1107459997219848,CL=F
2006-11-29,62.459999084472656,2.410226865963283,CL=F
2006-11-30,63.130001068115234,1.072689710956376,CL=F
2006-12-01,63.43000030517578,0.47520866780417226,CL=F
2006-12-04,62.439998626708984,-1.5607782968684814,CL=F
2006-12-05,62.43000030517578,-0.016012686984467894,CL=F
2006-12-06,62.189998626708984,-0.38443324890853336,CL=F
2006-12-07,62.4900016784668,0.4823975854358231,CL=F
2006-12-08,62.029998779296875,-0.736122398486716,CL=F
2006-12-11,61.220001220703125,-1.3058158544799081,CL=F
2006-12-12,61.02000045776367,-0.32669186369080894,CL=F
2006-12-13,61.369998931884766,0.5735799270656372,CL=F
2006-12-14,62.5099983215332,1.857584177105398,CL=F
2006-12-15,63.43000030517578,1.471767730516249,CL=F
2006-12-18,62.209999084472656,-1.9233820192865014,CL=F
2006-12-19,63.150001525878906,1.5110150381610676,CL=F
2006-12-20,63.720001220703125,0.9026123215383208,CL=F
2006-12-21,62.65999984741211,-1.6635300580418289,CL=F
2006-12-22,62.40999984741211,-0.39897861571782656,CL=F
2006-12-26,61.099998474121094,-2.099024798099458,CL=F
2006-12-27,60.34000015258789,-1.2438598044402616,CL=F
2006-12-28,60.529998779296875,0.31488005672608566,CL=F
2006-12-29,61.04999923706055,0.8590789166536883,CL=F
2007-01-02,61.04999923706055,0.0,CL=F
2007-01-03,58.31999969482422,-4.471743777810033,CL=F
2007-01-04,55.59000015258789,-4.681069198425614,CL=F
2007-01-05,56.310001373291016,1.2951991702227161,CL=F
2007-01-08,56.09000015258789,-0.3906965287475139,CL=F
2007-01-09,55.63999938964844,-0.8022834047339389,CL=F
2007-01-10,54.02000045776367,-2.9115725191509623,CL=F
2007-01-11,51.880001068115234,-3.9614945788858824,CL=F
2007-01-12,52.9900016784668,2.1395539466049662,CL=F
2007-01-16,51.209999084472656,-3.3591291519386224,CL=F
2007-01-17,52.2400016784668,2.011331014271489,CL=F
2007-01-18,50.47999954223633,-3.369069830937499,CL=F
2007-01-19,51.9900016784668,2.9912879356646105,CL=F
2007-01-22,51.130001068115234,-1.6541653829331482,CL=F
2007-01-23,55.040000915527344,7.647173412343999,CL=F
2007-01-24,55.369998931884766,0.5995603395136051,CL=F
2007-01-25,54.22999954223633,-2.058875585406539,CL=F
2007-01-26,55.41999816894531,2.1943548529484547,CL=F
2007-01-29,54.0099983215332,-2.5442076759255583,CL=F
2007-01-30,56.970001220703125,5.480472118418489,CL=F
2007-01-31,58.13999938964844,2.053709222179423,CL=F
2007-02-01,57.29999923706055,-1.444788719308876,CL=F
2007-02-02,59.02000045776367,3.001747371037755,CL=F
2007-02-05,58.7400016784668,-0.4744133804222006,CL=F
2007-02-06,58.880001068115234,0.238337394702115,CL=F
2007-02-07,57.709999084472656,-1.9870957242155374,CL=F
2007-02-08,59.709999084472656,3.4656039364556523,CL=F
2007-02-09,59.88999938964844,0.30145755809027897,CL=F
2007-02-12,57.810001373291016,-3.4730306187261917,CL=F
2007-02-13,59.060001373291016,2.1622556137449234,CL=F
2007-02-14,58.0,-1.7947872479569305,CL=F
2007-02-15,57.9900016784668,-0.01723848540207129,CL=F
2007-02-16,59.38999938964844,2.414205329643049,CL=F
2007-02-20,58.06999969482422,-2.2225959056909717,CL=F
2007-02-21,60.06999969482422,3.4441191846230623,CL=F
2007-02-22,60.95000076293945,1.464959335085636,CL=F
2007-02-23,61.13999938964844,0.3117286699436894,CL=F
2007-02-26,61.38999938964844,0.4088976161199076,CL=F
2007-02-27,61.459999084472656,0.11402458954254957,CL=F
2007-02-28,61.790000915527344,0.5369375788651043,CL=F
2007-03-01,62.0,0.33985933219153885,CL=F
2007-03-02,61.63999938964844,-0.5806461457283252,CL=F
2007-03-05,60.06999969482422,-2.547046901963268,CL=F
2007-03-06,60.689998626708984,1.032127409746253,CL=F
2007-03-07,61.81999969482422,1.86192304116799,CL=F
2007-03-08,61.63999938964844,-0.29116840191582005,CL=F
2007-03-09,60.04999923706055,-2.5794941082606604,CL=F
2007-03-12,58.90999984741211,-1.898416992726415,CL=F
2007-03-13,57.93000030517578,-1.6635538020280283,CL=F
2007-03-14,58.15999984741211,0.3970301070683302,CL=F
2007-03-15,57.54999923706055,-1.0488318637413174,CL=F
2007-03-16,57.11000061035156,-0.7645501868671412,CL=F
2007-03-19,56.59000015258789,-0.9105243428581211,CL=F
2007-03-20,56.72999954223633,0.24739245320894998,CL=F
2007-03-21,59.61000061035156,5.07668092958653,CL=F
2007-03-22,61.689998626708984,3.4893440615000104,CL=F
2007-03-23,62.279998779296875,0.956395146250566,CL=F
2007-03-26,62.90999984741211,1.0115624284897429,CL=F
2007-03-27,62.93000030517578,0.03179217582607308,CL=F
2007-03-28,64.08000183105469,1.8274297160369102,CL=F
2007-03-29,66.02999877929688,3.0430663116759904,CL=F
2007-03-30,65.87000274658203,-0.2423080958241841,CL=F
2007-04-02,65.94000244140625,0.10626945787981512,CL=F
2007-04-03,64.63999938964844,-1.9714937877246541,CL=F
2007-04-04,64.37999725341797,-0.4022310313822608,CL=F
2007-04-05,64.27999877929688,-0.15532537804788804,CL=F
2007-04-09,61.5099983215332,-4.309272729258085,CL=F
2007-04-10,61.88999938964844,0.617787479246612,CL=F
2007-04-11,62.0099983215332,0.19389066580737246,CL=F
2007-04-12,63.849998474121094,2.967263671008591,CL=F
2007-04-13,63.630001068115234,-0.3445535023701263,CL=F
2007-04-16,63.61000061035156,-0.03143243348725511,CL=F
2007-04-17,63.099998474121094,-0.8017640800768611,CL=F
2007-04-18,63.130001068115234,0.04754769369201828,CL=F
2007-04-19,61.83000183105469,-2.0592415888887605,CL=F
2007-04-20,63.380001068115234,2.5068723777427415,CL=F
2007-04-23,65.88999938964844,3.960237108288589,CL=F
2007-04-24,64.58000183105469,-1.988158401469886,CL=F
2007-04-25,65.83999633789062,1.951059880939865,CL=F
2007-04-26,65.05999755859375,-1.184688369807807,CL=F
2007-04-27,66.45999908447266,2.1518622477937344,CL=F
2007-04-30,65.70999908447266,-1.1284983604148535,CL=F
2007-05-01,64.4000015258789,-1.9936045911516431,CL=F
2007-05-02,63.68000030517578,-1.118014291372016,CL=F
2007-05-03,63.189998626708984,-0.7694749939047507,CL=F
2007-05-04,61.93000030517578,-1.99398377736415,CL=F
2007-05-07,61.470001220703125,-0.7427726178037997,CL=F
2007-05-08,62.2599983215332,1.2851750205659762,CL=F
2007-05-09,61.54999923706055,-1.1403776158263934,CL=F
2007-05-10,61.810001373291016,0.4224242720606286,CL=F
2007-05-11,62.369998931884766,0.9059982950198275,CL=F
2007-05-14,62.459999084472656,0.1443003914208596,CL=F
2007-05-15,63.16999816894531,1.13672605648365,CL=F
2007-05-16,62.54999923706055,-0.9814768875354485,CL=F
2007-05-17,64.86000061035156,3.6930478041034887,CL=F
2007-05-18,64.94000244140625,0.1233454059541339,CL=F
2007-05-21,66.2699966430664,2.048035342869259,CL=F
2007-05-22,64.97000122070312,-1.9616651399050555,CL=F
2007-05-23,65.7699966430664,1.2313304714982154,CL=F
2007-05-24,64.18000030517578,-2.4175101399495746,CL=F
2007-05-25,65.19999694824219,1.589274911524341,CL=F
2007-05-29,63.150001525878906,-3.1441649053919885,CL=F
2007-05-30,63.4900016784668,0.5384008620309411,CL=F
2007-05-31,64.01000213623047,0.8190273177139273,CL=F
2007-06-01,65.08000183105469,1.6716132777920834,CL=F
2007-06-04,66.20999908447266,1.7363202544944611,CL=F
2007-06-05,65.61000061035156,-0.9062052294481981,CL=F
2007-06-06,65.95999908447266,0.533452935322587,CL=F
2007-06-07,66.93000030517578,1.4705901063777782,CL=F
2007-06-08,64.76000213623047,-3.2421905857626387,CL=F
2007-06-11,65.97000122070312,1.8684358316222394,CL=F
2007-06-12,65.3499984741211,-0.9398252768069604,CL=F
2007-06-13,66.26000213623047,1.3925075491313832,CL=F
2007-06-14,67.6500015258789,2.097795570230443,CL=F
2007-06-15,68.0,0.5173665428332752,CL=F
2007-06-18,69.08999633789062,1.602935791015625,CL=F
2007-06-19,69.0999984741211,0.01447696737679749,CL=F
2007-06-20,68.19000244140625,-1.3169262703466633,CL=F
2007-06-21,68.6500015258789,0.6745843496162474,CL=F
2007-06-22,69.13999938964844,0.7137623494222645,CL=F
2007-06-25,69.18000030517578,0.05785495499055493,CL=F
2007-06-26,67.7699966430664,-2.0381666029045786,CL=F
2007-06-27,68.97000122070312,1.7707018401623253,CL=F
2007-06-28,69.56999969482422,0.8699412258977635,CL=F
2007-06-29,70.68000030517578,1.5955161926415107,CL=F
2007-07-02,71.08999633789062,0.5800736148056096,CL=F
2007-07-03,71.41000366210938,0.45014395935225604,CL=F
2007-07-05,71.80999755859375,0.5601370619962687,CL=F
2007-07-06,72.80999755859375,1.392563757134302,CL=F
2007-07-09,72.19000244140625,-0.8515247053655806,CL=F
2007-07-10,72.80999755859375,0.8588379224543141,CL=F
2007-07-11,72.55999755859375,-0.3433594401631601,CL=F
2007-07-12,72.5,-0.08268682554088969,CL=F
2007-07-13,73.93000030517578,1.972414214035556,CL=F
2007-07-16,74.1500015258789,0.29758044068035616,CL=F
2007-07-17,74.0199966430664,-0.17532687813516246,CL=F
2007-07-18,75.05000305175781,1.3915245277005717,CL=F
2007-07-19,75.91999816894531,1.1592206286620943,CL=F
2007-07-20,75.56999969482422,-0.4610095924162727,CL=F
2007-07-23,74.88999938964844,-0.8998283815294994,CL=F
2007-07-24,73.55999755859375,-1.7759405019283858,CL=F
2007-07-25,75.87999725341797,3.15388767240814,CL=F
2007-07-26,74.94999694824219,-1.2256198455962486,CL=F
2007-07-27,77.0199966430664,2.7618409327670568,CL=F
2007-07-30,76.83000183105469,-0.24668244649790338,CL=F
2007-07-31,78.20999908447266,1.7961697520878728,CL=F
2007-08-01,76.52999877929688,-2.148063322902294,CL=F
2007-08-02,76.86000061035156,0.43120584910287807,CL=F
2007-08-03,75.4800033569336,-1.7954686995307,CL=F
2007-08-06,72.05999755859375,-4.531009070266134,CL=F
2007-08-07,72.41999816894531,0.49958454419711806,CL=F
2007-08-08,72.1500015258789,-0.37282056047079903,CL=F
2007-08-09,71.58999633789062,-0.7761679503047847,CL=F
2007-08-10,71.47000122070312,-0.16761436419293618,CL=F
2007-08-13,71.62000274658203,0.2098804020104872,CL=F
2007-08-14,72.37999725341797,1.0611483910787811,CL=F
2007-08-15,73.33000183105469,1.312523644219743,CL=F
2007-08-16,71.0,-3.177419572991136,CL=F
2007-08-17,71.9800033569336,1.3802864182163255,CL=F
2007-08-20,71.12000274658203,-1.194777118982615,CL=F
2007-08-21,69.47000122070312,-2.3200245530898833,CL=F
2007-08-22,69.26000213623047,-0.3022874345510629,CL=F
2007-08-23,69.83000183105469,0.8229853844114343,CL=F
2007-08-24,71.08999633789062,1.8043741569480964,CL=F
2007-08-27,71.97000122070312,1.237874424173313,CL=F
2007-08-28,71.7300033569336,-0.333469306237133,CL=F
2007-08-29,73.51000213623047,2.4815261341052386,CL=F
2007-08-30,73.36000061035156,-0.2040559400350972,CL=F
2007-08-31,74.04000091552734,0.9269360680455474,CL=F
2007-09-04,75.08000183105469,1.404647356384947,CL=F
2007-09-05,75.7300033569336,0.8657452184691605,CL=F
2007-09-06,76.30000305175781,0.7526735369833171,CL=F
2007-09-07,76.69999694824219,0.5242383754729962,CL=F
2007-09-10,77.48999786376953,1.0299881968188984,CL=F
2007-09-11,78.2300033569336,0.9549690457664184,CL=F
2007-09-12,79.91000366210938,2.1475140394799475,CL=F
2007-09-13,80.08999633789062,0.22524423417915607,CL=F
2007-09-14,79.0999984741211,-1.2361067661844305,CL=F
2007-09-17,80.56999969482422,1.8584086587360105,CL=F
2007-09-18,81.51000213623047,1.166690387199587,CL=F
2007-09-19,81.93000030517578,0.5152719395631333,CL=F
2007-09-20,83.31999969482422,1.6965694916037055,CL=F
2007-09-21,81.62000274658203,-2.04032279701003,CL=F
2007-09-24,80.94999694824219,-0.8208843124155596,CL=F
2007-09-25,79.52999877929688,-1.7541670444450208,CL=F
2007-09-26,80.30000305175781,0.9681934921158097,CL=F
2007-09-27,82.87999725341797,3.2129440891766947,CL=F
2007-09-28,81.66000366210938,-1.4720000382942633,CL=F
2007-10-01,80.23999786376953,-1.7389244852541341,CL=F
2007-10-02,80.05000305175781,-0.23678317182197484,CL=F
2007-10-03,79.94000244140625,-0.13741487340162006,CL=F
2007-10-04,81.44000244140625,1.876407248172729,CL=F
2007-10-05,81.22000122070312,-0.2701390153584615,CL=F
2007-10-08,79.0199966430664,-2.708698035670476,CL=F
2007-10-09,80.26000213623047,1.5692299998001369,CL=F
2007-10-10,81.30000305175781,1.2957897929806617,CL=F
2007-10-11,83.08000183105469,2.189420310554824,CL=F
2007-10-12,83.69000244140625,0.734232783952038,CL=F
2007-10-15,86.12999725341797,2.915515283584824,CL=F
2007-10-16,87.61000061035156,1.7183367051307519,CL=F
2007-10-17,87.4000015258789,-0.23969761786286625,CL=F
2007-10-18,89.47000122070312,2.3684206621109594,CL=F
2007-10-19,88.5999984741211,-0.9723960374560914,CL=F
2007-10-22,87.55999755859375,-1.1738159519620206,CL=F
2007-10-23,85.2699966430664,-2.615350593168886,CL=F
2007-10-24,87.0999984741211,2.1461263083132565,CL=F
2007-10-25,90.45999908447266,3.857635670739845,CL=F
2007-10-26,91.86000061035156,1.547647070581526,CL=F
2007-10-29,93.52999877929688,1.8179818831365546,CL=F
2007-10-30,90.37999725341797,-3.3679050219085127,CL=F
2007-10-31,94.52999877929688,4.591725660538182,CL=F
2007-11-01,93.48999786376953,-1.100180819800367,CL=F
2007-11-02,95.93000030517578,2.6099074736976036,CL=F
2007-11-05,93.9800033569336,-2.032729012862289,CL=F
2007-11-06,96.69999694824219,2.8942258929041786,CL=F
2007-11-07,96.37000274658203,-0.3412556484740925,CL=F
2007-11-08,95.45999908447266,-0.9442810378477939,CL=F
2007-11-09,96.31999969482422,0.9009015489205519,CL=F
2007-11-12,94.62000274658203,-1.7649470033517245,CL=F
2007-11-13,91.16999816894531,-3.646168333853006,CL=F
2007-11-14,94.08999633789062,3.202805997137692,CL=F
2007-11-15,93.43000030517578,-0.7014518635378608,CL=F
2007-11-16,95.0999984741211,1.787432477245532,CL=F
2007-11-19,94.63999938964844,-0.48370041204346403,CL=F
2007-11-20,98.02999877929688,3.581994306330505,CL=F
2007-11-21,97.29000091552734,-0.754868788110008,CL=F
2007-11-23,98.18000030517578,0.9147901955733229,CL=F
2007-11-26,97.69999694824219,-0.48890136019716923,CL=F
2007-11-27,94.41999816894531,-3.3572148226724052,CL=F
2007-11-28,90.62000274658203,-4.024566295334986,CL=F
2007-11-29,91.01000213623047,0.43036788548667104,CL=F
2007-11-30,88.70999908447266,-2.527198107648654,CL=F
2007-12-03,89.30999755859375,0.6763594637733572,CL=F
2007-12-04,88.31999969482422,-1.1084961267858295,CL=F
2007-12-05,87.48999786376953,-0.9397665692058688,CL=F
2007-12-06,90.2300033569336,3.1317928449724253,CL=F
2007-12-07,88.27999877929688,-2.161148736660079,CL=F
2007-12-10,87.86000061035156,-0.4757568812334467,CL=F
2007-12-11,90.0199966430664,2.4584521030157624,CL=F
2007-12-12,94.38999938964844,4.854480015045204,CL=F
2007-12-13,92.25,-2.2671886889355397,CL=F
2007-12-14,91.2699966430664,-1.0623342622586351,CL=F
2007-12-17,90.62999725341797,-0.701215528856991,CL=F
2007-12-18,90.48999786376953,-0.15447356713139682,CL=F
2007-12-19,91.23999786376953,0.8288208837501587,CL=F
2007-12-20,91.05999755859375,-0.19728223300108372,CL=F
2007-12-21,93.30999755859375,2.470898375054542,CL=F
2007-12-24,94.12999725341797,0.8787908222902985,CL=F
2007-12-26,95.97000122070312,1.9547477116476308,CL=F
2007-12-27,96.62000274658203,0.6772965693561783,CL=F
2007-12-28,96.0,-0.6416919157083756,CL=F
2007-12-31,95.9800033569336,-0.02082983652750281,CL=F
2008-01-02,99.62000274658203,3.7924559932675628,CL=F
2008-01-03,99.18000030517578,-0.44168081637735446,CL=F
2008-01-04,97.91000366210938,-1.2804967121986643,CL=F
2008-01-07,95.08999633789062,-2.880203471292564,CL=F
2008-01-08,96.33000183105469,1.304033590197906,CL=F
2008-01-09,95.66999816894531,-0.6851486033052301,CL=F
2008-01-10,93.70999908447266,-2.0487081864593137,CL=F
2008-01-11,92.69000244140625,-1.0884608398586737,CL=F
2008-01-14,94.19999694824219,1.6290802320244602,CL=F
2008-01-15,91.9000015258789,-2.4416088077232168,CL=F
2008-01-16,90.83999633789062,-1.1534332648403534,CL=F
2008-01-17,90.12999725341797,-0.7815930351116829,CL=F
2008-01-18,90.56999969482422,0.4881864582433115,CL=F
2008-01-22,89.8499984741211,-0.7949665707509879,CL=F
2008-01-23,86.98999786376953,-3.1830836493284,CL=F
2008-01-24,89.41000366210938,2.781935691192561,CL=F
2008-01-25,90.70999908447266,1.4539708859381273,CL=F
2008-01-28,90.98999786376953,0.3086746578358168,CL=F
2008-01-29,91.63999938964844,0.7143659095938171,CL=F
2008-01-30,92.33000183105469,0.7529489807964751,CL=F
2008-01-31,91.75,-0.6281834935040642,CL=F
2008-02-01,88.95999908447266,-3.0408729324548744,CL=F
2008-02-04,90.0199966430664,1.1915440304661296,CL=F
2008-02-05,88.41000366210938,-1.7884837158356426,CL=F
2008-02-06,87.13999938964844,-1.43649385799679,CL=F
2008-02-07,88.11000061035156,1.1131526595102859,CL=F
2008-02-08,91.7699966430664,4.1538940044960615,CL=F
2008-02-11,93.58999633789062,1.9832186568590426,CL=F
2008-02-12,92.77999877929688,-0.8654745061313918,CL=F
2008-02-13,93.2699966430664,0.5281287672088908,CL=F
2008-02-14,95.45999908447266,2.3480245740622685,CL=F
2008-02-15,95.5,0.04190332695472865,CL=F
2008-02-19,100.01000213623047,4.722515325895782,CL=F
2008-02-20,100.73999786376953,0.7299227196742697,CL=F
2008-02-21,98.2300033569336,-2.4915570379802854,CL=F
2008-02-22,98.80999755859375,0.5904450593905208,CL=F
2008-02-25,99.2300033569336,0.4250640711642495,CL=F
2008-02-26,100.87999725341797,1.6627973804951734,CL=F
2008-02-27,99.63999938964844,-1.2291811038164124,CL=F
2008-02-28,102.58999633789062,2.9606553254843293,CL=F
2008-02-29,101.83999633789062,-0.7310654320815013,CL=F
2008-03-03,102.44999694824219,0.5989794111221913,CL=F
2008-03-04,99.5199966430664,-2.8599320570561026,CL=F
2008-03-05,104.5199966430664,5.024115925096706,CL=F
2008-03-06,105.47000122070312,0.9089213625608439,CL=F
2008-03-07,105.1500015258789,-0.3034035186503914,CL=F
2008-03-10,107.9000015258789,2.61531142186735,CL=F
2008-03-11,108.75,0.7877650251165491,CL=F
2008-03-12,109.91999816894531,1.0758603852370596,CL=F
2008-03-13,110.33000183105469,0.37300188222275654,CL=F
2008-03-14,110.20999908447266,-0.10876710286453761,CL=F
2008-03-17,105.68000030517578,-4.110333741881956,CL=F
2008-03-18,109.41999816894531,3.5389835853230522,CL=F
2008-03-19,104.4800033569336,-4.51470928045925,CL=F
2008-03-20,101.83999633789062,-2.5268060243297974,CL=F
2008-03-24,100.86000061035156,-0.9622896335223508,CL=F
2008-03-25,101.22000122070312,0.3569310015596239,CL=F
2008-03-26,105.9000015258789,4.623592421196832,CL=F
2008-03-27,107.58000183105469,1.586402531604536,CL=F
2008-03-28,105.62000274658203,-1.821899099379709,CL=F
2008-03-31,101.58000183105469,-3.8250339050081905,CL=F
2008-04-01,100.9800033569336,-0.5906659414310678,CL=F
2008-04-02,104.83000183105469,3.812634527761416,CL=F
2008-04-03,103.83000183105469,-0.9539253863713681,CL=F
2008-04-04,106.2300033569336,2.311472102046208,CL=F
2008-04-07,109.08999633789062,2.6922647939183753,CL=F
2008-04-08,108.5,-0.5408345015093685,CL=F
2008-04-09,110.87000274658203,2.184334328647042,CL=F
2008-04-10,110.11000061035156,-0.6854894176990478,CL=F
2008-04-11,110.13999938964844,0.027244373018420198,CL=F
2008-04-14,111.76000213623047,1.4708577769742437,CL=F
2008-04-15,113.79000091552734,1.8163911421748224,CL=F
2008-04-16,114.93000030517578,1.0018449604326074,CL=F
2008-04-17,114.86000061035156,-0.06090637313003189,CL=F
2008-04-18,116.69000244140625,1.593245534851384,CL=F
2008-04-21,117.4800033569336,0.6770082260680654,CL=F
2008-04-22,119.37000274658203,1.6087839084462319,CL=F
2008-04-23,118.30000305175781,-0.8963723466571261,CL=F
2008-04-24,116.05999755859375,-1.8934957188327606,CL=F
2008-04-25,118.5199966430664,2.1195925695506768,CL=F
2008-04-28,118.75,0.1940629121229831,CL=F
2008-04-29,115.62999725341797,-2.6273707339638186,CL=F
2008-04-30,113.45999908447266,-1.8766740642477742,CL=F
2008-05-01,112.5199966430664,-0.8284879684393509,CL=F
2008-05-02,116.31999969482422,3.3771802036326903,CL=F
2008-05-05,119.97000122070312,3.1378967808244562,CL=F
2008-05-06,121.83999633789062,1.5587189281988545,CL=F
2008-05-07,123.52999877929688,1.3870670487542425,CL=F
2008-05-08,123.69000244140625,0.12952615857726446,CL=F
2008-05-09,125.95999908447266,1.8352304941878783,CL=F
2008-05-12,124.2300033569336,-1.373448507552688,CL=F
2008-05-13,125.80000305175781,1.2637846352731241,CL=F
2008-05-14,124.22000122070312,-1.255963269257332,CL=F
2008-05-15,124.12000274658203,-0.08050110540848143,CL=F
2008-05-16,126.29000091552734,1.7483065750295124,CL=F
2008-05-19,127.05000305175781,0.6017912191946362,CL=F
2008-05-20,129.07000732421875,1.5899285509170857,CL=F
2008-05-21,133.1699981689453,3.1765635795057756,CL=F
2008-05-22,130.80999755859375,-1.77217139205601,CL=F
2008-05-23,132.19000244140625,1.0549689691679465,CL=F
2008-05-27,128.85000610351562,-2.5266633453396636,CL=F
2008-05-28,131.02999877929688,1.6918840298927762,CL=F
2008-05-29,126.62000274658203,-3.3656384597415046,CL=F
2008-05-30,127.3499984741211,0.5765248078536844,CL=F
2008-06-02,127.76000213623047,0.32195026856847164,CL=F
2008-06-03,124.30999755859375,-2.7003792422905404,CL=F
2008-06-04,122.30000305175781,-1.6169210411966395,CL=F
2008-06-05,127.79000091552734,4.488959711183438,CL=F
2008-06-06,138.5399932861328,8.412232798802076,CL=F
2008-06-09,134.35000610351562,-3.0243881807929807,CL=F
2008-06-10,131.30999755859375,-2.2627528148972065,CL=F
2008-06-11,136.3800048828125,3.8610977217910625,CL=F
2008-06-12,136.74000549316406,0.2639687618877229,CL=F
2008-06-13,134.86000061035156,-1.3748755355333708,CL=F
2008-06-16,134.61000061035156,-0.1853774276053266,CL=F
2008-06-17,134.00999450683594,-0.44573664719936845,CL=F
2008-06-18,136.67999267578125,1.9923873430269579,CL=F
2008-06-19,131.92999267578125,-3.4752708915250508,CL=F
2008-06-20,134.6199951171875,2.0389620183008272,CL=F
2008-06-23,136.74000549316406,1.5748109143304267,CL=F
2008-06-24,137.0,0.19013785022037322,CL=F
2008-06-25,134.5500030517578,-1.788318940322764,CL=F
2008-06-26,139.63999938964844,3.782977497170803,CL=F
2008-06-27,140.2100067138672,0.40819774184344126,CL=F
2008-06-30,140.0,-0.14978011825914628,CL=F
2008-07-01,140.97000122070312,0.692858014787956,CL=F
2008-07-02,143.57000732421875,1.8443683627731966,CL=F
2008-07-03,145.2899932861328,1.1980120318792586,CL=F
2008-07-07,141.3699951171875,-2.69805103592049,CL=F
2008-07-08,136.0399932861328,-3.7702497100862375,CL=F
2008-07-09,136.0500030517578,0.0073579580410099155,CL=F
2008-07-10,141.64999389648438,4.116126952673538,CL=F
2008-07-11,145.0800018310547,2.4214670542639816,CL=F
2008-07-14,145.17999267578125,0.06892117691243982,CL=F
2008-07-15,138.74000549316406,-4.435864104910858,CL=F
2008-07-16,134.60000610351562,-2.9839982886928906,CL=F
2008-07-17,129.2899932861328,-3.945031631944418,CL=F
2008-07-18,128.8800048828125,-0.3171076066288969,CL=F
2008-07-21,131.0399932861328,1.675968592090249,CL=F
2008-07-22,127.94999694824219,-2.358055934224179,CL=F
2008-07-23,124.44000244140625,-2.7432548577986937,CL=F
2008-07-24,125.48999786376953,0.8437764398611991,CL=F
2008-07-25,123.26000213623047,-1.7770306522436274,CL=F
2008-07-28,124.7300033569336,1.1926019756826278,CL=F
2008-07-29,122.19000244140625,-2.0363993002218916,CL=F
2008-07-30,126.7699966430664,3.748256084908741,CL=F
2008-07-31,124.08000183105469,-2.1219491072368424,CL=F
2008-08-01,125.0999984741211,0.8220475725453369,CL=F
2008-08-04,121.41000366210938,-2.9496361766743417,CL=F
2008-08-05,119.16999816894531,-1.8449925258202882,CL=F
2008-08-06,118.58000183105469,-0.495087980998532,CL=F
2008-08-07,120.0199966430664,1.2143656516917067,CL=F
2008-08-08,115.19999694824219,-4.01599719183351,CL=F
2008-08-11,114.44999694824219,-0.6510416839133781,CL=F
2008-08-12,113.01000213623047,-1.258186850509857,CL=F
2008-08-13,116.0,2.6457816186616467,CL=F
2008-08-14,115.01000213623047,-0.8534464342840775,CL=F
2008-08-15,113.7699966430664,-1.078171872125755,CL=F
2008-08-18,112.87000274658203,-0.791064360587046,CL=F
2008-08-19,114.52999877929688,1.4707149750336157,CL=F
2008-08-20,114.9800033569336,0.3929141556212601,CL=F
2008-08-21,121.18000030517578,5.392239317471126,CL=F
2008-08-22,114.58999633789062,-5.438194380829431,CL=F
2008-08-25,115.11000061035156,0.453795522366196,CL=F
2008-08-26,116.2699966430664,1.0077282830024847,CL=F
2008-08-27,118.1500015258789,1.616930366467506,CL=F
2008-08-28,115.58999633789062,-2.166741561511998,CL=F
2008-08-29,115.45999908447266,-0.11246410376030136,CL=F
2008-09-02,109.70999908447266,-4.9800797207638965,CL=F
2008-09-03,109.3499984741211,-0.3281383769535684,CL=F
2008-09-04,107.88999938964844,-1.3351615042026532,CL=F
2008-09-05,106.2300033569336,-1.538600465386708,CL=F
2008-09-08,106.33999633789062,0.10354229264915027,CL=F
2008-09-09,103.26000213623047,-2.896364780635885,CL=F
2008-09-10,102.58000183105469,-0.6585321432384439,CL=F
2008-09-11,100.87000274658203,-1.6669906940428358,CL=F
2008-09-12,101.18000030517578,0.3073238328074268,CL=F
2008-09-15,95.70999908447266,-5.406207950390085,CL=F
2008-09-16,91.1500015258789,-4.764389930219459,CL=F
2008-09-17,97.16000366210938,6.593529386309593,CL=F
2008-09-18,97.87999725341797,0.7410390738687989,CL=F
2008-09-19,104.55000305175781,6.814472809056937,CL=F
2008-09-22,120.91999816894531,15.657574977863442,CL=F
2008-09-23,106.61000061035156,-11.834268752303744,CL=F
2008-09-24,105.7300033569336,-0.8254359331956729,CL=F
2008-09-25,108.0199966430664,2.165887840182923,CL=F
2008-09-26,106.88999938964844,-1.0461000634464535,CL=F
2008-09-29,96.37000274658203,-9.8418904510586,CL=F
2008-09-30,100.63999938964844,4.4308358632041855,CL=F
2008-10-01,98.52999877929688,-2.0965824951789447,CL=F
2008-10-02,93.97000122070312,-4.6280296509573216,CL=F
2008-10-03,93.87999725341797,-0.09577946803870363,CL=F
2008-10-06,87.80999755859375,-6.465700758851723,CL=F
2008-10-07,90.05999755859375,2.5623506007941943,CL=F
2008-10-08,88.94999694824219,-1.2325123700224205,CL=F
2008-10-09,86.58999633789062,-2.6531767187409683,CL=F
2008-10-10,77.69999694824219,-10.26677418365739,CL=F
2008-10-13,81.19000244140625,4.491641737758156,CL=F
2008-10-14,78.62999725341797,-3.1531039672474503,CL=F
2008-10-15,74.54000091552734,-5.2015725305304406,CL=F
2008-10-16,69.8499984741211,-6.291926997319475,CL=F
2008-10-17,71.8499984741211,2.863278516378176,CL=F
2008-10-20,74.25,3.3402944702126014,CL=F
2008-10-21,70.88999938964844,-4.525253347274827,CL=F
2008-10-22,66.75,-5.840033044566473,CL=F
2008-10-23,67.83999633789062,1.632953315191954,CL=F
2008-10-24,64.1500015258789,-5.439261514155991,CL=F
2008-10-27,63.220001220703125,-1.449727643109422,CL=F
2008-10-28,62.72999954223633,-0.7750738200022922,CL=F
2008-10-29,67.5,7.6040180018684955,CL=F
2008-10-30,65.95999908447266,-2.2814828378182828,CL=F
2008-10-31,67.80999755859375,2.804727865068446,CL=F
2008-11-03,63.90999984741211,-5.751360937318573,CL=F
2008-11-04,70.52999877929688,10.358314735863395,CL=F
2008-11-05,65.30000305175781,-7.415278346884446,CL=F
2008-11-06,60.77000045776367,-6.937216511925104,CL=F
2008-11-07,61.040000915527344,0.4442989233665262,CL=F
2008-11-10,62.40999984741211,2.2444280985196796,CL=F
2008-11-11,59.33000183105469,-4.935103387097883,CL=F
2008-11-12,56.15999984741211,-5.342999976081786,CL=F
2008-11-13,58.2400016784668,3.703706974191756,CL=F
2008-11-14,57.040000915527344,-2.0604408110502015,CL=F
2008-11-17,54.95000076293945,-3.6640955803683317,CL=F
2008-11-18,54.38999938964844,-1.019110765269915,CL=F
2008-11-19,53.619998931884766,-1.415702273220143,CL=F
2008-11-20,49.619998931884766,-7.459903169862669,CL=F
2008-11-21,49.93000030517578,0.624750866513657,CL=F
2008-11-24,54.5,9.152813272365412,CL=F
2008-11-25,50.77000045776367,-6.844035857314368,CL=F
2008-11-26,54.439998626708984,7.2286746816132785,CL=F
2008-11-28,54.43000030517578,-0.018365763749850217,CL=F
2008-12-01,49.279998779296875,-9.461696669123832,CL=F
2008-12-02,46.959999084472656,-4.707791705138753,CL=F
2008-12-03,46.790000915527344,-0.36200632934322297,CL=F
2008-12-04,43.66999816894531,-6.6680972120833015,CL=F
2008-12-05,40.810001373291016,-6.549111324873158,CL=F
2008-12-08,43.709999084472656,7.106095598123674,CL=F
2008-12-09,42.06999969482422,-3.7520005124663247,CL=F
2008-12-10,43.52000045776367,3.4466383966193392,CL=F
2008-12-11,47.97999954223633,10.248159553217606,CL=F
2008-12-12,46.279998779296875,-3.5431446001639944,CL=F
2008-12-15,44.5099983215332,-3.824547330272343,CL=F
2008-12-16,43.599998474121094,-2.044484119811496,CL=F
2008-12-17,40.060001373291016,-8.119259689725112,CL=F
2008-12-18,36.220001220703125,-9.585621619943607,CL=F
2008-12-19,33.869998931884766,-6.488134206564055,CL=F
2008-12-22,39.90999984741211,17.83289372897312,CL=F
2008-12-23,38.97999954223633,-2.3302438204245823,CL=F
2008-12-24,35.349998474121094,-9.312470781796666,CL=F
2008-12-26,37.709999084472656,6.676098195815383,CL=F
2008-12-29,40.02000045776367,6.125699892265901,CL=F
2008-12-30,39.029998779296875,-2.4737672842148672,CL=F
2008-12-31,44.599998474121094,14.271073197621465,CL=F
2009-01-02,46.34000015258789,3.901349188333314,CL=F
2009-01-05,48.810001373291016,5.330170937785783,CL=F
2009-01-06,48.58000183105469,-0.4712139638704982,CL=F
2009-01-07,42.630001068115234,-12.247839725555387,CL=F
2009-01-08,41.70000076293945,-2.1815629412952786,CL=F
2009-01-09,40.83000183105469,-2.086328335653098,CL=F
2009-01-12,37.59000015258789,-7.935345415543182,CL=F
2009-01-13,37.779998779296875,0.5054499226861742,CL=F
2009-01-14,37.279998779296875,-1.3234516044346667,CL=F
2009-01-15,35.400001525878906,-5.042911252620563,CL=F
2009-01-16,36.5099983215332,3.1355840333589846,CL=F
2009-01-20,38.7400016784668,6.107925114908497,CL=F
2009-01-21,43.54999923706055,12.416100542575181,CL=F
2009-01-22,43.66999816894531,0.2755429023811429,CL=F
2009-01-23,46.470001220703125,6.411731552919897,CL=F
2009-01-26,45.72999954223633,-1.5924287906777912,CL=F
2009-01-27,41.58000183105469,-9.07500055264312,CL=F
2009-01-28,42.15999984741211,1.394896562809289,CL=F
2009-01-29,41.439998626708984,-1.7077827877348017,CL=F
2009-01-30,41.68000030517578,0.5791546486975774,CL=F
2009-02-02,40.08000183105469,-3.8387679040453593,CL=F
2009-02-03,40.779998779296875,1.7464992920729339,CL=F
2009-02-04,40.31999969482422,-1.1280017122172858,CL=F
2009-02-05,41.16999816894531,2.108131152169146,CL=F
2009-02-06,40.16999816894531,-2.428953229233577,CL=F
2009-02-09,39.560001373291016,-1.5185382709971718,CL=F
2009-02-10,37.54999923706055,-5.0808950112613545,CL=F
2009-02-11,35.939998626708984,-4.287618223870826,CL=F
2009-02-12,33.97999954223633,-5.4535313282290225,CL=F
2009-02-13,37.5099983215332,10.388460349768902,CL=F
2009-02-17,34.93000030517578,-6.878160841922332,CL=F
2009-02-18,34.619998931884766,-0.8874931880406556,CL=F
2009-02-19,39.47999954223633,14.038130445681606,CL=F
2009-02-20,38.939998626708984,-1.3677834898393137,CL=F
2009-02-23,38.439998626708984,-1.2840267530390914,CL=F
2009-02-24,39.959999084472656,3.9542156921606786,CL=F
2009-02-25,42.5,6.356358793096972,CL=F
2009-02-26,45.220001220703125,6.400002872242649,CL=F
2009-02-27,44.7599983215332,-1.017255388660443,CL=F
2009-03-02,40.150001525878906,-10.299367668734948,CL=F
2009-03-03,41.650001525878906,3.7359898953756465,CL=F
2009-03-04,45.380001068115234,8.955580805726315,CL=F
2009-03-05,43.61000061035156,-3.9003975674370417,CL=F
2009-03-06,45.52000045776367,4.379729008668565,CL=F
2009-03-09,47.06999969482422,3.4050949505124217,CL=F
2009-03-10,45.709999084472656,-2.889315103397183,CL=F
2009-03-11,42.33000183105469,-7.3944373684446845,CL=F
2009-03-12,47.029998779296875,11.103228785579965,CL=F
2009-03-13,46.25,-1.658513288416752,CL=F
2009-03-16,47.349998474121094,2.37837507918075,CL=F
2009-03-17,49.15999984741211,3.8226007003574924,CL=F
2009-03-18,48.13999938964844,-2.074858545422409,CL=F
2009-03-19,51.61000061035156,7.208145543618927,CL=F
2009-03-20,51.060001373291016,-1.0656834538967819,CL=F
2009-03-23,53.79999923706055,5.366231472925098,CL=F
2009-03-24,53.97999954223633,0.33457306269213394,CL=F
2009-03-25,52.77000045776367,-2.241569275164401,CL=F
2009-03-26,54.34000015258789,2.9751746848682092,CL=F
2009-03-27,52.380001068115234,-3.6069177014518505,CL=F
2009-03-30,48.40999984741211,-7.5792308891718285,CL=F
2009-03-31,49.65999984741211,2.5821111422019927,CL=F
2009-04-01,48.38999938964844,-2.5573911833788543,CL=F
2009-04-02,52.63999938964844,8.78280647573051,CL=F
2009-04-03,52.5099983215332,-0.2469625182799695,CL=F
2009-04-06,51.04999923706055,-2.7804211219598196,CL=F
2009-04-07,49.150001525878906,-3.721836904166509,CL=F
2009-04-08,49.380001068115234,0.4679542931758096,CL=F
2009-04-09,52.2400016784668,5.791819660770048,CL=F
2009-04-13,50.04999923706055,-4.192194431549878,CL=F
2009-04-14,49.40999984741211,-1.278720078729867,CL=F
2009-04-15,49.25,-0.32382078102858314,CL=F
2009-04-16,49.97999954223633,1.4822325730686758,CL=F
2009-04-17,50.33000183105469,0.7002846979271782,CL=F
2009-04-20,45.880001068115234,-8.841646336268772,CL=F
2009-04-21,46.5099983215332,1.3731413224743694,CL=F
2009-04-22,48.849998474121094,5.031176600805254,CL=F
2009-04-23,49.619998931884766,1.5762548245965347,CL=F
2009-04-24,51.54999923706055,3.8895613597758505,CL=F
2009-04-27,50.13999938964844,-2.735208279883783,CL=F
2009-04-28,49.91999816894531,-0.43877387989865735,CL=F
2009-04-29,50.970001220703125,2.103371575063484,CL=F
2009-04-30,51.119998931884766,0.2942862617015374,CL=F
2009-05-01,53.20000076293945,4.068861256875622,CL=F
2009-05-04,54.470001220703125,2.3872188713357945,CL=F
2009-05-05,53.84000015258789,-1.1566018982863246,CL=F
2009-05-06,56.34000015258789,4.643387802590548,CL=F
2009-05-07,56.709999084472656,0.656725116937662,CL=F
2009-05-08,58.630001068115234,3.385649823027914,CL=F
2009-05-11,58.5,-0.22173130777227712,CL=F
2009-05-12,58.849998474121094,0.5982879899505855,CL=F
2009-05-13,58.02000045776367,-1.4103620014916496,CL=F
2009-05-14,58.619998931884766,1.0341235253141123,CL=F
2009-05-15,56.34000015258789,-3.8894555114990514,CL=F
2009-05-18,59.029998779296875,4.7745804391614355,CL=F
2009-05-19,59.650001525878906,1.0503180745439655,CL=F
2009-05-20,62.040000915527344,4.006704658023441,CL=F
2009-05-21,61.04999923706055,-1.5957473627615903,CL=F
2009-05-22,61.66999816894531,1.0155592786779133,CL=F
2009-05-26,62.45000076293945,1.2648007412896511,CL=F
2009-05-27,63.45000076293945,1.6012810052573156,CL=F
2009-05-28,65.08000183105469,2.5689535831610266,CL=F
2009-05-29,66.30999755859375,1.8899749430433044,CL=F
2009-06-01,68.58000183105469,3.4233213030283816,CL=F
2009-06-02,68.55000305175781,-0.04374275079603862,CL=F
2009-06-03,66.12000274658203,-3.544858055427136,CL=F
2009-06-04,68.80999755859375,4.068352541244824,CL=F
2009-06-05,68.44000244140625,-0.5377054647799362,CL=F
2009-06-08,68.08999633789062,-0.5114057437611508,CL=F
2009-06-09,70.01000213623047,2.8198059944253506,CL=F
2009-06-10,71.33000183105469,1.8854444430035366,CL=F
2009-06-11,72.68000030517578,1.8926096165237327,CL=F
2009-06-12,72.04000091552734,-0.8805715285651439,CL=F
2009-06-15,70.62000274658203,-1.9711245848127779,CL=F
2009-06-16,70.47000122070312,-0.21240657044035993,CL=F
2009-06-17,71.02999877929688,0.7946609179697806,CL=F
2009-06-18,71.37000274658203,0.4786765776831903,CL=F
2009-06-19,69.55000305175781,-2.550090548947581,CL=F
2009-06-22,66.93000030517578,-3.7670778312292486,CL=F
2009-06-23,69.23999786376953,3.451363436517285,CL=F
2009-06-24,68.66999816894531,-0.8232231548384816,CL=F
2009-06-25,70.2300033569336,2.2717419973570907,CL=F
2009-06-26,69.16000366210938,-1.5235649205170954,CL=F
2009-06-29,71.48999786376953,3.368990859288634,CL=F
2009-06-30,69.88999938964844,-2.2380731877626125,CL=F
2009-07-01,69.30999755859375,-0.8298781458289661,CL=F
2009-07-02,66.7300033569336,-3.72239834445105,CL=F
2009-07-06,64.05000305175781,-4.0161848798967785,CL=F
2009-07-07,62.93000030517578,-1.7486380846492344,CL=F
2009-07-08,60.13999938964844,-4.433498970280281,CL=F
2009-07-09,60.40999984741211,0.44895321001641175,CL=F
2009-07-10,59.88999938964844,-0.8607853982405711,CL=F
2009-07-13,59.689998626708984,-0.3339468441771576,CL=F
2009-07-14,59.52000045776367,-0.2848017638741318,CL=F
2009-07-15,61.540000915527344,3.3938179472916774,CL=F
2009-07-16,62.02000045776367,0.7799797450364077,CL=F
2009-07-17,63.560001373291016,2.4830714352801486,CL=F
2009-07-20,63.97999954223633,0.6607900564360225,CL=F
2009-07-21,64.72000122070312,1.156614072774853,CL=F
2009-07-22,65.4000015258789,1.0506803033839551,CL=F
2009-07-23,67.16000366210938,2.6911347020902365,CL=F
2009-07-24,68.05000305175781,1.3251925865372716,CL=F
2009-07-27,68.37999725341797,0.48492900346994716,CL=F
2009-07-28,67.2300033569336,-1.6817694394202332,CL=F
2009-07-29,63.349998474121094,-5.771240055147708,CL=F
2009-07-30,66.94000244140625,5.666936154310553,CL=F
2009-07-31,69.44999694824219,3.749618188366477,CL=F
2009-08-03,71.58000183105469,3.066961809083879,CL=F
2009-08-04,71.41999816894531,-0.22353123500474803,CL=F
2009-08-05,71.97000122070312,0.7700967038066331,CL=F
2009-08-06,71.94000244140625,-0.041682338179871437,CL=F
2009-08-07,70.93000030517578,-1.4039506560388215,CL=F
2009-08-10,70.5999984741211,-0.4652500065344123,CL=F
2009-08-11,69.44999694824219,-1.628897380642924,CL=F
2009-08-12,70.16000366210938,1.0223279266611263,CL=F
2009-08-13,70.5199966430664,0.513102853715286,CL=F
2009-08-14,67.51000213623047,-4.268285096595903,CL=F
2009-08-17,66.75,-1.125762275487474,CL=F
2009-08-18,69.19000244140625,3.6554343691479474,CL=F
2009-08-19,72.41999816894531,4.668298328612419,CL=F
2009-08-20,72.54000091552734,0.1657038796135879,CL=F
2009-08-21,73.88999938964844,1.861040056634633,CL=F
2009-08-24,74.37000274658203,0.6496188400305192,CL=F
2009-08-25,72.05000305175781,-3.1195369223390834,CL=F
2009-08-26,71.43000030517578,-0.8605173078711004,CL=F
2009-08-27,72.48999786376953,1.4839668963531283,CL=F
2009-08-28,72.73999786376953,0.3448751653570614,CL=F
2009-08-31,69.95999908447266,-3.8218296136100727,CL=F
2009-09-01,68.05000305175781,-2.730125868653366,CL=F
2009-09-02,68.05000305175781,0.0,CL=F
2009-09-03,67.95999908447266,-0.1322615183671605,CL=F
2009-09-04,68.0199966430664,0.08828363655386529,CL=F
2009-09-08,71.0999984741211,4.528082891883889,CL=F
2009-09-09,71.30999755859375,0.2953573684661759,CL=F
2009-09-10,71.94000244140625,0.883473432031523,CL=F
2009-09-11,69.29000091552734,-3.683627239291909,CL=F
2009-09-14,68.86000061035156,-0.6205806025316729,CL=F
2009-09-15,70.93000030517578,3.0060988621499307,CL=F
2009-09-16,72.51000213623047,2.227550858954941,CL=F
2009-09-17,72.47000122070312,-0.0551660658514308,CL=F
2009-09-18,72.04000091552734,-0.593349383100239,CL=F
2009-09-21,69.70999908447266,-3.234316770465895,CL=F
2009-09-22,71.55000305175781,2.639512252834053,CL=F
2009-09-23,68.97000122070312,-3.605872426292378,CL=F
2009-09-24,65.88999938964844,-4.46571230468551,CL=F
2009-09-25,66.0199966430664,0.19729436124169553,CL=F
2009-09-28,66.83999633789062,1.2420474651907432,CL=F
2009-09-29,66.70999908447266,-0.19449021624837748,CL=F
2009-09-30,70.61000061035156,5.846202337584305,CL=F
2009-10-01,70.81999969482422,0.29740699993969777,CL=F
2009-10-02,69.94999694824219,-1.2284704184284512,CL=F
2009-10-05,70.41000366210938,0.6576222071997595,CL=F
2009-10-06,70.87999725341797,0.6675096816697312,CL=F
2009-10-07,69.56999969482422,-1.848190758120516,CL=F
2009-10-08,71.69000244140625,3.0472944600857144,CL=F
2009-10-09,71.7699966430664,0.11158348296269605,CL=F
2009-10-12,73.2699966430664,2.090009851135921,CL=F
2009-10-13,74.1500015258789,1.20104397861438,CL=F
2009-10-14,75.18000030517578,1.3890745220516143,CL=F
2009-10-15,77.58000183105469,3.1923404045446357,CL=F
2009-10-16,78.52999877929688,1.2245384452439056,CL=F
2009-10-19,79.61000061035156,1.3752729502644723,CL=F
2009-10-20,79.08999633789062,-0.6531896350636668,CL=F
2009-10-21,81.37000274658203,2.8827999927458547,CL=F
2009-10-22,81.19000244140625,-0.2212121163819747,CL=F
2009-10-23,80.5,-0.8498613384132048,CL=F
2009-10-26,78.68000030517578,-2.2608691861170427,CL=F
2009-10-27,79.55000305175781,1.1057482755561177,CL=F
2009-10-28,77.45999908447266,-2.627283327601293,CL=F
2009-10-29,79.87000274658203,3.111288007480084,CL=F
2009-10-30,77.0,-3.5933424914084577,CL=F
2009-11-02,78.12999725341797,1.467528900542825,CL=F
2009-11-03,79.5999984741211,1.8814812138481463,CL=F
2009-11-04,80.4000015258789,1.0050289787604694,CL=F
2009-11-05,79.62000274658203,-0.9701477170318329,CL=F
2009-11-06,77.43000030517578,-2.750568156065858,CL=F
2009-11-09,79.43000030517578,2.582978163654115,CL=F
2009-11-10,79.05000305175781,-0.47840520201182235,CL=F
2009-11-11,79.27999877929688,0.2909496757242058,CL=F
2009-11-12,76.94000244140625,-2.951559502926848,CL=F
2009-11-13,76.3499984741211,-0.7668364291182228,CL=F
2009-11-16,78.9000015258789,3.339886185619423,CL=F
2009-11-17,79.13999938964844,0.3041797961066184,CL=F
2009-11-18,79.58000183105469,0.5559798392717807,CL=F
2009-11-19,77.45999908447266,-2.6639893161635175,CL=F
2009-11-20,76.72000122070312,-0.9553290375882151,CL=F
2009-11-23,77.55999755859375,1.0948857201842133,CL=F
2009-11-24,76.0199966430664,-1.985560809699527,CL=F
2009-11-25,77.95999908447266,2.551963334746077,CL=F
2009-11-27,76.05000305175781,-2.449969285717013,CL=F
2009-11-30,77.27999877929688,1.6173513191077182,CL=F
2009-12-01,78.37000274658203,1.410460642472433,CL=F
2009-12-02,76.5999984741211,-2.258522662279905,CL=F
2009-12-03,76.45999908447266,-0.1827668308580166,CL=F
2009-12-04,75.47000122070312,-1.2947918854612883,CL=F
2009-12-07,73.93000030517578,-2.0405470923788527,CL=F
2009-12-08,72.62000274658203,-1.7719431261818075,CL=F
2009-12-09,70.66999816894531,-2.6852168877513516,CL=F
2009-12-10,70.54000091552734,-0.18394970537171096,CL=F
2009-12-11,69.87000274658203,-0.949813099304675,CL=F
2009-12-14,69.51000213623047,-0.5152434466866751,CL=F
2009-12-15,70.69000244140625,1.6975978548571025,CL=F
2009-12-16,72.66000366210938,2.786817304662037,CL=F
2009-12-17,72.6500015258789,-0.0137656698683708,CL=F
2009-12-18,73.36000061035156,0.9772870881767926,CL=F
2009-12-21,72.47000122070312,-1.2131943596560668,CL=F
2009-12-22,74.4000015258789,2.663171343544035,CL=F
2009-12-23,76.66999816894531,3.051070694234892,CL=F
2009-12-24,78.05000305175781,1.7999281541283052,CL=F
2009-12-28,78.7699966430664,0.9224773390862584,CL=F
2009-12-29,78.87000274658203,0.12695963917428443,CL=F
2009-12-30,79.27999877929688,0.519837730996664,CL=F
2009-12-31,79.36000061035156,0.1009104847206066,CL=F
2010-01-04,81.51000213623047,2.7091752889911946,CL=F
2010-01-05,81.7699966430664,0.3189725187362935,CL=F
2010-01-06,83.18000030517578,1.7243533325116411,CL=F
2010-01-07,82.66000366210938,-0.6251462384691209,CL=F
2010-01-08,82.75,0.10887531321497335,CL=F
2010-01-11,82.5199966430664,-0.27794967605268006,CL=F
2010-01-12,80.79000091552734,-2.096456371686517,CL=F
2010-01-13,79.6500015258789,-1.4110649544866294,CL=F
2010-01-14,79.38999938964844,-0.32643079880668724,CL=F
2010-01-15,78.0,-1.750849477685823,CL=F
2010-01-19,79.0199966430664,1.3076880039312844,CL=F
2010-01-20,77.62000274658203,-1.7716957174880088,CL=F
2010-01-21,76.08000183105469,-1.9840258451873871,CL=F
2010-01-22,74.54000091552734,-2.024186223006552,CL=F
2010-01-25,75.26000213623047,0.9659259617115667,CL=F
2010-01-26,74.70999908447266,-0.7308039279114498,CL=F
2010-01-27,73.66999816894531,-1.3920504996278282,CL=F
2010-01-28,73.63999938964844,-0.04072048329373246,CL=F
2010-01-29,72.88999938964844,-1.0184682322328054,CL=F
2010-02-01,74.43000030517578,2.1127739448795424,CL=F
2010-02-02,77.2300033569336,3.7619280401415045,CL=F
2010-02-03,76.9800033569336,-0.3237083893996129,CL=F
2010-02-04,73.13999938964844,-4.988313587725102,CL=F
2010-02-05,71.19000244140625,-2.66611562006408,CL=F
2010-02-08,71.88999938964844,0.9832798486252736,CL=F
2010-02-09,73.75,2.5872870025637873,CL=F
2010-02-10,74.5199966430664,1.0440632448358134,CL=F
2010-02-11,75.27999877929688,1.0198633527463752,CL=F
2010-02-12,74.12999725341797,-1.5276322323681701,CL=F
2010-02-16,77.01000213623047,3.8850735053544083,CL=F
2010-02-17,77.33000183105469,0.41553004278345185,CL=F
2010-02-18,79.05999755859375,2.2371598171155416,CL=F
2010-02-19,79.80999755859375,0.9486466268154858,CL=F
2010-02-22,80.16000366210938,0.438549197121163,CL=F
2010-02-23,78.86000061035156,-1.6217602200189418,CL=F
2010-02-24,80.0,1.4455990119518258,CL=F
2010-02-25,78.16999816894531,-2.287502288818355,CL=F
2010-02-26,79.66000366210938,1.9061091570499622,CL=F
2010-03-01,78.69999694824219,-1.2051301402636216,CL=F
2010-03-02,79.68000030517578,1.2452393836534847,CL=F
2010-03-03,80.87000274658203,1.4934769538761605,CL=F
2010-03-04,80.20999908447266,-0.8161291451634911,CL=F
2010-03-05,81.5,1.6082794293125424,CL=F
2010-03-08,81.87000274658203,0.453991100100648,CL=F
2010-03-09,81.48999786376953,-0.4641564310053248,CL=F
2010-03-10,82.08999633789062,0.7362848077676176,CL=F
2010-03-11,82.11000061035156,0.024368709164757085,CL=F
2010-03-12,81.23999786376953,-1.059557593612237,CL=F
2010-03-15,79.80000305175781,-1.7725195099419278,CL=F
2010-03-16,81.69999694824219,2.380944641383098,CL=F
2010-03-17,82.93000030517578,1.5055121210259204,CL=F
2010-03-18,82.19999694824219,-0.8802645053023528,CL=F
2010-03-19,80.68000030517578,-1.8491444032820104,CL=F
2010-03-22,81.25,0.7064944133219786,CL=F
2010-03-23,81.91000366210938,0.8123121995192273,CL=F
2010-03-24,80.61000061035156,-1.5871114560322974,CL=F
2010-03-25,80.52999877929688,-0.09924554081247594,CL=F
2010-03-26,80.0,-0.6581383178080102,CL=F
2010-03-29,82.16999816894531,2.7124977111816495,CL=F
2010-03-30,82.37000274658203,0.24340341011752642,CL=F
2010-03-31,83.76000213623047,1.687506790457305,CL=F
2010-04-01,84.87000274658203,1.3252155946058997,CL=F
2010-04-05,86.62000274658203,2.0619770747803745,CL=F
2010-04-06,86.83999633789062,0.25397550719574724,CL=F
2010-04-07,85.87999725341797,-1.1054803373520938,CL=F
2010-04-08,85.38999938964844,-0.5705611078719808,CL=F
2010-04-09,84.91999816894531,-0.550417173044393,CL=F
2010-04-12,84.33999633789062,-0.6829979316542056,CL=F
2010-04-13,84.05000305175781,-0.34383839070968314,CL=F
2010-04-14,85.83999633789062,2.129676646210865,CL=F
2010-04-15,85.51000213623047,-0.38442942187603135,CL=F
2010-04-16,83.23999786376953,-2.6546652037787055,CL=F
2010-04-19,81.44999694824219,-2.1504096125240846,CL=F
2010-04-20,83.44999694824219,2.4554942602034835,CL=F
2010-04-21,83.68000030517578,0.2756181729715923,CL=F
2010-04-22,83.69999694824219,0.023896561894698465,CL=F
2010-04-23,85.12000274658203,1.6965422343061087,CL=F
2010-04-26,84.19999694824219,-1.0808338447531152,CL=F
2010-04-27,82.44000244140625,-2.0902548344720384,CL=F
2010-04-28,83.22000122070312,0.9461411404630304,CL=F
2010-04-29,85.16999816894531,2.3431830324908365,CL=F
2010-04-30,86.1500015258789,1.1506438628654525,CL=F
2010-05-03,86.19000244140625,0.04643170611591252,CL=F
2010-05-04,82.73999786376953,-4.002789743488055,CL=F
2010-05-05,79.97000122070312,-3.3478326257962654,CL=F
2010-05-06,77.11000061035156,-3.5763418365575173,CL=F
2010-05-07,75.11000061035156,-2.5936972949932913,CL=F
2010-05-10,76.80000305175781,2.2500365166730374,CL=F
2010-05-11,76.37000274658203,-0.5598962084493508,CL=F
2010-05-12,75.6500015258789,-0.942780142475963,CL=F
2010-05-13,74.4000015258789,-1.6523462984629145,CL=F
2010-05-14,71.61000061035156,-3.7500011536382605,CL=F
2010-05-17,70.08000183105469,-2.136571381449903,CL=F
2010-05-18,69.41000366210938,-0.9560475905244892,CL=F
2010-05-19,69.87000274658203,0.6627273594624006,CL=F
2010-05-20,68.01000213623047,-2.662087501409971,CL=F
2010-05-21,70.04000091552734,2.9848532797140503,CL=F
2010-05-24,70.20999908447266,0.2427158291307574,CL=F
2010-05-25,68.75,-2.079474581271634,CL=F
2010-05-26,71.51000213623047,4.014548561789777,CL=F
2010-05-27,74.55000305175781,4.251154838082627,CL=F
2010-05-28,73.97000122070312,-0.7780037656765937,CL=F
2010-06-01,72.58000183105469,-1.8791393358249642,CL=F
2010-06-02,72.86000061035156,0.385779515339002,CL=F
2010-06-03,74.61000061035156,2.4018665733463784,CL=F
2010-06-04,71.51000213623047,-4.154936937088016,CL=F
2010-06-07,71.44000244140625,-0.09788797753196299,CL=F
2010-06-08,71.98999786376953,0.7698703857329514,CL=F
2010-06-09,74.37999725341797,3.3199047931230075,CL=F
2010-06-10,75.4800033569336,1.4789004357822488,CL=F
2010-06-11,73.77999877929688,-2.252258216785774,CL=F
2010-06-14,75.12000274658203,1.8162157623417663,CL=F
2010-06-15,76.94000244140625,2.4227897075083993,CL=F
2010-06-16,77.66999816894531,0.9487856828377383,CL=F
2010-06-17,76.79000091552734,-1.1329950742419603,CL=F
2010-06-18,77.18000030517578,0.5078778291427,CL=F
2010-06-21,77.81999969482422,0.8292295764677826,CL=F
2010-06-22,77.20999908447266,-0.7838609775683847,CL=F
2010-06-23,76.3499984741211,-1.1138461605350702,CL=F
2010-06-24,76.51000213623047,0.20956603183641676,CL=F
2010-06-25,78.86000061035156,3.0714918422519277,CL=F
2010-06-28,78.25,-0.7735234664346335,CL=F
2010-06-29,75.94000244140625,-2.95207355730831,CL=F
2010-06-30,75.62999725341797,-0.40822383200141976,CL=F
2010-07-01,72.94999694824219,-3.5435678996466713,CL=F
2010-07-02,72.13999938964844,-1.1103462542547349,CL=F
2010-07-06,71.9800033569336,-0.22178546446980363,CL=F
2010-07-07,74.06999969482422,2.9035791058896976,CL=F
2010-07-08,75.44000244140625,1.84960544380528,CL=F
2010-07-09,76.08999633789062,0.8616037585486902,CL=F
2010-07-12,74.94999694824219,-1.4982250552176057,CL=F
2010-07-13,77.1500015258789,2.9352964205668464,CL=F
2010-07-14,77.04000091552734,-0.14258017910040444,CL=F
2010-07-15,76.62000274658203,-0.5451689563267692,CL=F
2010-07-16,76.01000213623047,-0.7961375469655363,CL=F
2010-07-19,76.54000091552734,0.6972750485481738,CL=F
2010-07-20,77.44000244140625,1.1758577411988602,CL=F
2010-07-21,76.55999755859375,-1.1363699058226984,CL=F
2010-07-22,79.30000305175781,3.5788996611018087,CL=F
2010-07-23,78.9800033569336,-0.40353049496777427,CL=F
2010-07-26,78.9800033569336,0.0,CL=F
2010-07-27,77.5,-1.873896295300248,CL=F
2010-07-28,76.98999786376953,-0.6580672725554404,CL=F
2010-07-29,78.36000061035156,1.7794554936943818,CL=F
2010-07-30,78.94999694824219,0.7529304916987112,CL=F
2010-08-02,81.33999633789062,3.0272317695151596,CL=F
2010-08-03,82.55000305175781,1.4875913060541146,CL=F
2010-08-04,82.47000122070312,-0.0969131775858667,CL=F
2010-08-05,82.01000213623047,-0.5577774677626435,CL=F
2010-08-06,80.69999694824219,-1.597372459291213,CL=F
2010-08-09,81.4800033569336,0.9665507288577402,CL=F
2010-08-10,80.25,-1.5095769590796504,CL=F
2010-08-11,78.0199966430664,-2.7788203824717694,CL=F
2010-08-12,75.73999786376953,-2.9223261694404257,CL=F
2010-08-13,75.38999938964844,-0.4621052072784848,CL=F
2010-08-16,75.23999786376953,-0.19896740561521353,CL=F
2010-08-17,75.7699966430664,0.7044109441051605,CL=F
2010-08-18,75.41999816894531,-0.46192225105914364,CL=F
2010-08-19,74.43000030517578,-1.312646364100778,CL=F
2010-08-20,73.45999908447266,-1.3032395764153604,CL=F
2010-08-23,73.0999984741211,-0.49006345608253454,CL=F
2010-08-24,71.62999725341797,-2.0109456243334045,CL=F
2010-08-25,72.5199966430664,1.242495356379436,CL=F
2010-08-26,73.36000061035156,1.1583066825272326,CL=F
2010-08-27,75.16999816894531,2.467281275265343,CL=F
2010-08-30,74.69999694824219,-0.6252510737685402,CL=F
2010-08-31,71.91999816894531,-3.7215513960771274,CL=F
2010-09-01,73.91000366210938,2.76697100087433,CL=F
2010-09-02,75.0199966430664,1.5018169746432886,CL=F
2010-09-03,74.5999984741211,-0.5598482907745228,CL=F
2010-09-07,74.08999633789062,-0.68364899016371,CL=F
2010-09-08,74.66999816894531,0.7828342012726752,CL=F
2010-09-09,74.25,-0.5624724511108736,CL=F
2010-09-10,76.44999694824219,2.9629588528514272,CL=F
2010-09-13,77.19000244140625,0.967960134341217,CL=F
2010-09-14,76.80000305175781,-0.5052459869326786,CL=F
2010-09-15,76.0199966430664,-1.015633304292629,CL=F
2010-09-16,74.56999969482422,-1.9073888611838563,CL=F
2010-09-17,73.66000366210938,-1.2203245761552628,CL=F
2010-09-20,74.86000061035156,1.6291024824635736,CL=F
2010-09-21,73.5199966430664,-1.7900132999729923,CL=F
2010-09-22,74.70999908447266,1.6186105763628111,CL=F
2010-09-23,75.18000030517578,0.629100825140827,CL=F
2010-09-24,76.48999786376953,1.7424814488908202,CL=F
2010-09-27,76.5199966430664,0.03921921837455322,CL=F
2010-09-28,76.18000030517578,-0.4443235138607782,CL=F
2010-09-29,77.86000061035156,2.205303620957899,CL=F
2010-09-30,79.97000122070312,2.7099930565259056,CL=F
2010-10-01,81.58000183105469,2.0132557031082854,CL=F
2010-10-04,81.47000122070312,-0.13483771498236097,CL=F
2010-10-05,82.81999969482422,1.6570497777015358,CL=F
2010-10-06,83.2300033569336,0.4950539285440314,CL=F
2010-10-07,81.66999816894531,-1.8743303196783079,CL=F
2010-10-08,82.66000366210938,1.2122021738216526,CL=F
2010-10-11,82.20999908447266,-0.5444042556254969,CL=F
2010-10-12,81.66999816894531,-0.6568555182350555,CL=F
2010-10-13,83.01000213623047,1.640754251656995,CL=F
2010-10-14,82.69000244140625,-0.3854953458488741,CL=F
2010-10-15,81.25,-1.7414468483377132,CL=F
2010-10-18,83.08000183105469,2.2523099459134555,CL=F
2010-10-19,79.48999786376953,-4.3211409342353235,CL=F
2010-10-20,81.7699966430664,2.868283860322096,CL=F
2010-10-21,80.55999755859375,-1.4797592444016017,CL=F
2010-10-22,81.69000244140625,1.4026873349773927,CL=F
2010-10-25,82.5199966430664,1.0160291061999782,CL=F
2010-10-26,82.55000305175781,0.03636259078050319,CL=F
2010-10-27,81.94000244140625,-0.7389468053309423,CL=F
2010-10-28,82.18000030517578,0.2928946260907672,CL=F
2010-10-29,81.43000030517578,-0.9126308070271039,CL=F
2010-11-01,82.94999694824219,1.86662978922989,CL=F
2010-11-02,83.9000015258789,1.1452737945602198,CL=F
2010-11-03,84.69000244140625,0.9415982135395629,CL=F
2010-11-04,86.48999786376953,2.125393045783208,CL=F
2010-11-05,86.8499984741211,0.41623380650164243,CL=F
2010-11-08,87.05999755859375,0.24179515044577826,CL=F
2010-11-09,86.72000122070312,-0.3905310675684337,CL=F
2010-11-10,87.80999755859375,1.2569145785833014,CL=F
2010-11-11,87.80999755859375,0.0,CL=F
2010-11-12,84.87999725341797,-3.3367502410197147,CL=F
2010-11-15,84.86000061035156,-0.023558722565342194,CL=F
2010-11-16,82.33999633789062,-2.9696019966249376,CL=F
2010-11-17,80.44000244140625,-2.307498155194898,CL=F
2010-11-18,81.8499984741211,1.7528542888122223,CL=F
2010-11-19,81.51000213623047,-0.4153895470115687,CL=F
2010-11-22,81.73999786376953,0.2821687173491405,CL=F
2010-11-23,81.25,-0.5994591100750624,CL=F
2010-11-24,83.86000061035156,3.212308443509615,CL=F
2010-11-26,83.76000213623047,-0.11924454256294625,CL=F
2010-11-29,85.7300033569336,2.351959372564294,CL=F
2010-11-30,84.11000061035156,-1.8896566932783299,CL=F
2010-12-01,86.75,3.138746130651593,CL=F
2010-12-02,88.0,1.4409221902017322,CL=F
2010-12-03,89.19000244140625,1.3522755015980215,CL=F
2010-12-06,89.37999725341797,0.21302254379524932,CL=F
2010-12-07,88.69000244140625,-0.771979003372969,CL=F
2010-12-08,88.27999877929688,-0.46228847764464565,CL=F
2010-12-09,88.37000274658203,0.10195284156060413,CL=F
2010-12-10,87.79000091552734,-0.6563333857960263,CL=F
2010-12-13,88.61000061035156,0.934046800629651,CL=F
2010-12-14,88.27999877929688,-0.37242052678209125,CL=F
2010-12-15,88.62000274658203,0.38514269595220085,CL=F
2010-12-16,87.69999694824219,-1.0381468853828624,CL=F
2010-12-17,88.0199966430664,0.3648799383802359,CL=F
2010-12-20,88.80999755859375,0.8975243645269693,CL=F
2010-12-21,89.81999969482422,1.1372617543020436,CL=F
2010-12-22,90.4800033569336,0.7348070188731182,CL=F
2010-12-23,91.51000213623047,1.1383717297551943,CL=F
2010-12-27,91.0,-0.5573184617253424,CL=F
2010-12-28,91.48999786376953,0.5384591909555203,CL=F
2010-12-29,91.12000274658203,-0.40441045559803657,CL=F
2010-12-30,89.83999633789062,-1.4047479917788097,CL=F
2010-12-31,91.37999725341797,1.7141595929449416,CL=F
2011-01-03,91.55000305175781,0.18604268269823976,CL=F
2011-01-04,89.37999725341797,-2.3702957138221237,CL=F
2011-01-05,90.30000305175781,1.029319564344311,CL=F
2011-01-06,88.37999725341797,-2.1262521965135894,CL=F
2011-01-07,88.02999877929688,-0.3960154842701735,CL=F
2011-01-10,89.25,1.3858925793715393,CL=F
2011-01-11,91.11000061035156,2.0840342973126758,CL=F
2011-01-12,91.86000061035156,0.8231807649826672,CL=F
2011-01-13,91.4000015258789,-0.5007610291925202,CL=F
2011-01-14,91.54000091552734,0.15317219618293798,CL=F
2011-01-18,91.37999725341797,-0.1747909771784073,CL=F
2011-01-19,90.86000061035156,-0.5690486525451899,CL=F
2011-01-20,88.86000061035156,-2.2011886270801306,CL=F
2011-01-21,89.11000061035156,0.2813414340342435,CL=F
2011-01-24,87.87000274658203,-1.391536141034977,CL=F
2011-01-25,86.19000244140625,-1.9119156170063212,CL=F
2011-01-26,87.33000183105469,1.322658495599227,CL=F
2011-01-27,85.63999938964844,-1.9351911210029105,CL=F
2011-01-28,89.33999633789062,4.320407490205347,CL=F
2011-01-31,92.19000244140625,3.190067405797392,CL=F
2011-02-01,90.7699966430664,-1.5403034610421695,CL=F
2011-02-02,90.86000061035156,0.09915607647212887,CL=F
2011-02-03,90.54000091552734,-0.3521898444580951,CL=F
2011-02-04,89.02999877929688,-1.6677734934410715,CL=F
2011-02-07,87.4800033569336,-1.7409810666241587,CL=F
2011-02-08,86.94000244140625,-0.617284973485932,CL=F
2011-02-09,86.70999908447266,-0.26455411832845277,CL=F
2011-02-10,86.7300033569336,0.02307031792430081,CL=F
2011-02-11,85.58000183105469,-1.3259558184797071,CL=F
2011-02-14,84.80999755859375,-0.8997479036995326,CL=F
2011-02-15,84.31999969482422,-0.5777595541504366,CL=F
2011-02-16,84.98999786376953,0.7945898616819269,CL=F
2011-02-17,86.36000061035156,1.6119576197401564,CL=F
2011-02-18,86.19999694824219,-0.18527519798349212,CL=F
2011-02-22,93.56999969482422,8.549887479702889,CL=F
2011-02-23,98.0999984741211,4.8412939981525405,CL=F
2011-02-24,97.27999877929688,-0.8358814552280935,CL=F
2011-02-25,97.87999725341797,0.6167747549856939,CL=F
2011-02-28,96.97000122070312,-0.9297058216693688,CL=F
2011-03-01,99.62999725341797,2.7431123019795667,CL=F
2011-03-02,102.2300033569336,2.60966192431209,CL=F
2011-03-03,101.91000366210938,-0.31301935275004356,CL=F
2011-03-04,104.41999816894531,2.462952032813215,CL=F
2011-03-07,105.44000244140625,0.976828471889668,CL=F
2011-03-08,105.0199966430664,-0.3983362942098223,CL=F
2011-03-09,104.37999725341797,-0.6094071701636228,CL=F
2011-03-10,102.69999694824219,-1.609504071069301,CL=F
2011-03-11,101.16000366210938,-1.4995066522825007,CL=F
2011-03-14,101.19000244140625,0.029654782731203255,CL=F
2011-03-15,97.18000030517578,-3.9628441935777636,CL=F
2011-03-16,97.9800033569336,0.8232177909503591,CL=F
2011-03-17,101.41999816894531,3.5109151808048855,CL=F
2011-03-18,101.06999969482422,-0.3450980875961629,CL=F
2011-03-21,102.33000183105469,1.2466628475660269,CL=F
2011-03-22,104.0,1.6319731643340107,CL=F
2011-03-23,105.75,1.6826923076923128,CL=F
2011-03-24,105.5999984741211,-0.14184541454269617,CL=F
2011-03-25,105.4000015258789,-0.18939105220839858,CL=F
2011-03-28,103.9800033569336,-1.3472468201024212,CL=F
2011-03-29,104.79000091552734,0.778993587654786,CL=F
2011-03-30,104.2699966430664,-0.4962346291800479,CL=F
2011-03-31,106.72000122070312,2.349673594047852,CL=F
2011-04-01,107.94000244140625,1.143179541555761,CL=F
2011-04-04,108.47000122070312,0.4910123840182301,CL=F
2011-04-05,108.33999633789062,-0.11985330630538416,CL=F
2011-04-06,108.83000183105469,0.45228494529003793,CL=F
2011-04-07,110.30000305175781,1.3507315960401556,CL=F
2011-04-08,112.79000091552734,2.25747760188284,CL=F
2011-04-11,109.91999816894531,-2.544554236444674,CL=F
2011-04-12,106.25,-3.338790238428302,CL=F
2011-04-13,107.11000061035156,0.8094123391544139,CL=F
2011-04-14,108.11000061035156,0.9336196380371975,CL=F
2011-04-15,109.66000366210938,1.4337277245463298,CL=F
2011-04-18,107.12000274658203,-2.316250985504009,CL=F
2011-04-19,108.1500015258789,0.9615372973184044,CL=F
2011-04-20,111.44999694824219,3.0513133386999014,CL=F
2011-04-21,112.29000091552734,0.7537047916432504,CL=F
2011-04-25,112.27999877929688,-0.008907414862335816,CL=F
2011-04-26,112.20999908447266,-0.06234386852979057,CL=F
2011-04-27,112.76000213623047,0.49015511651842036,CL=F
2011-04-28,112.86000061035156,0.08868257558232173,CL=F
2011-04-29,113.93000030517578,0.9480769883374318,CL=F
2011-05-02,113.5199966430664,-0.3598733090591888,CL=F
2011-05-03,111.05000305175781,-2.17582246683361,CL=F
2011-05-04,109.23999786376953,-1.6299010700113858,CL=F
2011-05-05,99.80000305175781,-8.641518671379044,CL=F
2011-05-06,97.18000030517578,-2.6252531728112816,CL=F
2011-05-09,102.55000305175781,5.525831168675177,CL=F
2011-05-10,103.87999725341797,1.2969226348914953,CL=F
2011-05-11,98.20999908447266,-5.458219405910459,CL=F
2011-05-12,98.97000122070312,0.7738541322831916,CL=F
2011-05-13,99.6500015258789,0.6870771918648266,CL=F
2011-05-16,97.37000274658203,-2.2880067680729144,CL=F
2011-05-17,96.91000366210938,-0.4724238179081297,CL=F
2011-05-18,100.0999984741211,3.2917084836092902,CL=F
2011-05-19,98.44000244140625,-1.6583377202987748,CL=F
2011-05-20,99.48999786376953,1.0666349007744769,CL=F
2011-05-23,97.69999694824219,-1.7991767554145222,CL=F
2011-05-24,99.58999633789062,1.934492782686248,CL=F
2011-05-25,101.31999969482422,1.7371256356552234,CL=F
2011-05-26,100.2300033569336,-1.0757958361366837,CL=F
2011-05-27,100.58999633789062,0.3591668850643881,CL=F
2011-05-31,102.69999694824219,2.097624701430423,CL=F
2011-06-01,100.29000091552734,-2.3466369078174454,CL=F
2011-06-02,100.4000015258789,0.10968253001035766,CL=F
2011-06-03,100.22000122070312,-0.17928316976109082,CL=F
2011-06-06,99.01000213623047,-1.2073429153208748,CL=F
2011-06-07,99.08999633789062,0.08079406113949972,CL=F
2011-06-08,100.73999786376953,1.6651544927426487,CL=F
2011-06-09,101.93000030517578,1.18126113424728,CL=F
2011-06-10,99.29000091552734,-2.590012147301435,CL=F
2011-06-13,97.30000305175781,-2.0042278632493526,CL=F
2011-06-14,99.37000274658203,2.1274405240492067,CL=F
2011-06-15,94.80999755859375,-4.5889152278856375,CL=F
2011-06-16,94.94999694824219,0.1476631085892688,CL=F
2011-06-17,93.01000213623047,-2.043175223132676,CL=F
2011-06-20,93.26000213623047,0.26878829615961664,CL=F
2011-06-21,93.4000015258789,0.1501172919167848,CL=F
2011-06-22,95.41000366210938,2.1520365132687402,CL=F
2011-06-23,91.0199966430664,-4.60120202341675,CL=F
2011-06-24,91.16000366210938,0.1538200661465705,CL=F
2011-06-27,90.61000061035156,-0.6033381194196052,CL=F
2011-06-28,92.88999938964844,2.5162771922952576,CL=F
2011-06-29,94.7699966430664,2.023896292142169,CL=F
2011-06-30,95.41999816894531,0.6858726906227686,CL=F
2011-07-01,94.94000244140625,-0.5030347272583335,CL=F
2011-07-05,96.88999938964844,2.053925529911016,CL=F
2011-07-06,96.6500015258789,-0.24770137814158488,CL=F
2011-07-07,98.66999816894531,2.0900120136320366,CL=F
2011-07-08,96.19999694824219,-2.503295091253499,CL=F
2011-07-11,95.1500015258789,-1.0914713676427712,CL=F
2011-07-12,97.43000030517578,2.39621517891071,CL=F
2011-07-13,98.05000305175781,0.6363571226932319,CL=F
2011-07-14,95.69000244140625,-2.406935784699349,CL=F
2011-07-15,97.23999786376953,1.6198091575056583,CL=F
2011-07-18,95.93000030517578,-1.3471797484292614,CL=F
2011-07-19,97.5,1.6366097048156725,CL=F
2011-07-20,98.13999938964844,0.6564096304086497,CL=F
2011-07-21,99.12999725341797,1.0087608212008492,CL=F
2011-07-22,99.87000274658203,0.7465000642260744,CL=F
2011-07-25,99.19999694824219,-0.6708779212112104,CL=F
2011-07-26,99.58999633789062,0.393144558111147,CL=F
2011-07-27,97.4000015258789,-2.1990108369734918,CL=F
2011-07-28,97.44000244140625,0.04106870113007588,CL=F
2011-07-29,95.69999694824219,-1.7857198784558603,CL=F
2011-08-01,94.88999938964844,-0.8463924602127415,CL=F
2011-08-02,93.79000091552734,-1.15923541068238,CL=F
2011-08-03,91.93000030517578,-1.9831544857609962,CL=F
2011-08-04,86.62999725341797,-5.765259473690454,CL=F
2011-08-05,86.87999725341797,0.28858364068589104,CL=F
2011-08-08,81.30999755859375,-6.411141656205666,CL=F
2011-08-09,79.30000305175781,-2.472013980061294,CL=F
2011-08-10,82.88999938964844,4.527107439765787,CL=F
2011-08-11,85.72000122070312,3.4141655831742,CL=F
2011-08-12,85.37999725341797,-0.3966448465274164,CL=F
2011-08-15,87.87999725341797,2.928086297051169,CL=F
2011-08-16,86.6500015258789,-1.3996310491364072,CL=F
2011-08-17,87.58000183105469,1.0732836570095383,CL=F
2011-08-18,82.37999725341797,-5.93743373934581,CL=F
2011-08-19,82.26000213623047,-0.1456605015637158,CL=F
2011-08-22,84.12000274658203,2.2611239509466863,CL=F
2011-08-23,85.44000244140625,1.569186461870209,CL=F
2011-08-24,85.16000366210938,-0.3277139177154109,CL=F
2011-08-25,85.30000305175781,0.16439570646793467,CL=F
2011-08-26,85.37000274658203,0.08206294527532965,CL=F
2011-08-29,87.2699966430664,2.2255989637536278,CL=F
2011-08-30,88.9000015258789,1.8677723679527691,CL=F
2011-08-31,88.80999755859375,-0.10124180623208856,CL=F
2011-09-01,88.93000030517578,0.13512301529212678,CL=F
2011-09-02,86.44999694824219,-2.78871398675713,CL=F
2011-09-06,86.0199966430664,-0.49739771006958033,CL=F
2011-09-07,89.33999633789062,3.859567338278702,CL=F
2011-09-08,89.05000305175781,-0.32459513993714495,CL=F
2011-09-09,87.23999786376953,-2.0325717304425783,CL=F
2011-09-12,88.19000244140625,1.0889552967667582,CL=F
2011-09-13,90.20999908447266,2.290505258131148,CL=F
2011-09-14,88.91000366210938,-1.4410768601670898,CL=F
2011-09-15,89.4000015258789,0.5511166838230164,CL=F
2011-09-16,87.95999908447266,-1.6107409584209087,CL=F
2011-09-19,85.69999694824219,-2.569352159792626,CL=F
2011-09-20,86.88999938964844,1.388567659022133,CL=F
2011-09-21,85.91999816894531,-1.116355423543347,CL=F
2011-09-22,80.51000213623047,-6.29655045159232,CL=F
2011-09-23,79.8499984741211,-0.8197784680126885,CL=F
2011-09-26,80.23999786376953,0.48841502454735064,CL=F
2011-09-27,84.44999694824219,5.246758719535793,CL=F
2011-09-28,81.20999908447266,-3.836587307108208,CL=F
2011-09-29,82.13999938964844,1.1451795538236942,CL=F
2011-09-30,79.19999694824219,-3.5792579294525284,CL=F
2011-10-03,77.61000061035156,-2.0075712110566135,CL=F
2011-10-04,75.66999816894531,-2.4996810026406524,CL=F
2011-10-05,79.68000030517578,5.2993289722004455,CL=F
2011-10-06,82.58999633789062,3.6521034407247743,CL=F
2011-10-07,82.9800033569336,0.4722206518176675,CL=F
2011-10-10,85.41000366210938,2.9284167352021884,CL=F
2011-10-11,85.80999755859375,0.4683220692353496,CL=F
2011-10-12,85.56999969482422,-0.2796852005567896,CL=F
2011-10-13,84.2300033569336,-1.5659651077124859,CL=F
2011-10-14,86.80000305175781,3.051168933157422,CL=F
2011-10-17,86.37999725341797,-0.4838776308445536,CL=F
2011-10-18,88.33999633789062,2.2690427723938145,CL=F
2011-10-19,86.11000061035156,-2.524333054089767,CL=F
2011-10-20,85.30000305175781,-0.9406544569184216,CL=F
2011-10-21,87.4000015258789,2.4618973024501223,CL=F
2011-10-24,91.2699966430664,4.4279119560903135,CL=F
2011-10-25,93.16999816894531,2.0817372584216454,CL=F
2011-10-26,90.19999694824219,-3.1877227423763754,CL=F
2011-10-27,93.95999908447266,4.168516921777732,CL=F
2011-10-28,93.31999969482422,-0.6811402680762746,CL=F
2011-10-31,93.19000244140625,-0.1393026723565005,CL=F
2011-11-01,92.19000244140625,-1.0730764822425631,CL=F
2011-11-02,92.51000213623047,0.34710889071469797,CL=F
2011-11-03,94.06999969482422,1.6863015053188546,CL=F
2011-11-04,94.26000213623047,0.201979846946565,CL=F
2011-11-07,95.5199966430664,1.3367223406327788,CL=F
2011-11-08,96.80000305175781,1.3400402571981385,CL=F
2011-11-09,95.73999786376953,-1.095046647283171,CL=F
2011-11-10,97.77999877929688,2.130771841493151,CL=F
2011-11-11,98.98999786376953,1.2374709547744889,CL=F
2011-11-14,98.13999938964844,-0.858671070274053,CL=F
2011-11-15,99.37000274658203,1.2533150240301882,CL=F
2011-11-16,102.58999633789062,3.2404080731690987,CL=F
2011-11-17,98.81999969482422,-3.674818966412219,CL=F
2011-11-18,97.41000366210938,-1.4268326624865324,CL=F
2011-11-21,96.91999816894531,-0.5030340568138891,CL=F
2011-11-22,98.01000213623047,1.1246429920325873,CL=F
2011-11-23,96.16999816894531,-1.877363460035042,CL=F
2011-11-25,96.7699966430664,0.6238936108400983,CL=F
2011-11-28,98.20999908447266,1.4880670573108157,CL=F
2011-11-29,99.79000091552734,1.6087993542243106,CL=F
2011-11-30,100.36000061035156,0.5711992079313832,CL=F
2011-12-01,100.19999694824219,-0.1594297141652934,CL=F
2011-12-02,100.95999908447266,0.7584851889995914,CL=F
2011-12-05,100.98999786376953,0.029713529683950135,CL=F
2011-12-06,101.27999877929688,0.2871580568984067,CL=F
2011-12-07,100.48999786376953,-0.7800167111463585,CL=F
2011-12-08,98.33999633789062,-2.1395179337087677,CL=F
2011-12-09,99.41000366210938,1.0880693146888776,CL=F
2011-12-12,97.7699966430664,-1.6497404271478389,CL=F
2011-12-13,100.13999938964844,2.424059351494412,CL=F
2011-12-14,94.94999694824219,-5.182746627760359,CL=F
2011-12-15,93.87000274658203,-1.1374346881220743,CL=F
2011-12-16,93.52999877929688,-0.3622072625299233,CL=F
2011-12-19,93.87999725341797,0.3742098563980445,CL=F
2011-12-20,97.22000122070312,3.5577376065203836,CL=F
2011-12-21,98.66999816894531,1.4914595042541556,CL=F
2011-12-22,99.52999877929688,0.8715928106931115,CL=F
2011-12-23,99.68000030517578,0.15070986407981213,CL=F
2011-12-27,101.33999633789062,1.6653250678497988,CL=F
2011-12-28,99.36000061035156,-1.9538146823464553,CL=F
2011-12-29,99.6500015258789,0.2918688745429998,CL=F
2011-12-30,98.83000183105469,-0.8228797614330818,CL=F
2012-01-03,102.95999908447266,4.1788901921483435,CL=F
2012-01-04,103.22000122070312,0.25252732958667146,CL=F
2012-01-05,101.80999755859375,-1.36601787001972,CL=F
2012-01-06,101.55999755859375,-0.2455554523082326,CL=F
2012-01-09,101.30999755859375,-0.24615991139205207,CL=F
2012-01-10,102.23999786376953,0.917974856961079,CL=F
2012-01-11,100.87000274658203,-1.339979602711805,CL=F
2012-01-12,99.0999984741211,-1.7547380036340043,CL=F
2012-01-13,98.69999694824219,-0.4036342401996684,CL=F
2012-01-17,100.70999908447266,2.0364763914678896,CL=F
2012-01-18,100.58999633789062,-0.11915673485547451,CL=F
2012-01-19,100.38999938964844,-0.19882389454551896,CL=F
2012-01-20,98.45999908447266,-1.922502556937744,CL=F
2012-01-23,99.58000183105469,1.1375205738333838,CL=F
2012-01-24,98.94999694824219,-0.632662051845867,CL=F
2012-01-25,99.4000015258789,0.4547797791970565,CL=F
2012-01-26,99.69999694824219,0.301806255289816,CL=F
2012-01-27,99.55999755859375,-0.14042065590144093,CL=F
2012-01-30,98.77999877929688,-0.7834459606508415,CL=F
2012-01-31,98.4800033569336,-0.3037005730619158,CL=F
2012-02-01,97.61000061035156,-0.8834308660904178,CL=F
2012-02-02,96.36000061035156,-1.2806064872285639,CL=F
2012-02-03,97.83999633789062,1.535902571777359,CL=F
2012-02-06,96.91000366210938,-0.9505240296304951,CL=F
2012-02-07,98.41000366210938,1.547827823049075,CL=F
2012-02-08,98.70999908447266,0.3048424054462151,CL=F
2012-02-09,99.83999633789062,1.1447647289014373,CL=F
2012-02-10,98.66999816894531,-1.171873208994978,CL=F
2012-02-13,100.91000366210938,2.27019918387823,CL=F
2012-02-14,100.73999786376953,-0.16847269068495097,CL=F
2012-02-15,101.80000305175781,1.0522187914096648,CL=F
2012-02-16,102.30999755859375,0.5009769072174208,CL=F
2012-02-17,103.23999786376953,0.90900237256204,CL=F
2012-02-21,105.83999633789062,2.5184022936070916,CL=F
2012-02-22,106.27999877929688,0.4157241653727439,CL=F
2012-02-23,107.83000183105469,1.4584146307496493,CL=F
2012-02-24,109.7699966430664,1.7991234156253144,CL=F
2012-02-27,108.55999755859375,-1.1023040188359978,CL=F
2012-02-28,106.55000305175781,-1.8515056669479613,CL=F
2012-02-29,107.06999969482422,0.48803062240534434,CL=F
2012-03-01,108.83999633789062,1.653120993846402,CL=F
2012-03-02,106.69999694824219,-1.966188406516356,CL=F
2012-03-05,106.72000122070312,0.018748147172531482,CL=F
2012-03-06,104.69999694824219,-1.892807579980671,CL=F
2012-03-07,106.16000366210938,1.3944668160677631,CL=F
2012-03-08,106.58000183105469,0.39562750043047323,CL=F
2012-03-09,107.4000015258789,0.7693748177299176,CL=F
2012-03-12,106.33999633789062,-0.9869694347563573,CL=F
2012-03-13,106.70999908447266,0.3479431628024221,CL=F
2012-03-14,105.43000030517578,-1.1995115643133047,CL=F
2012-03-15,105.11000061035156,-0.30351863217106256,CL=F
2012-03-16,107.05999755859375,1.8551964008362454,CL=F
2012-03-19,108.08999633789062,0.9620762215440504,CL=F
2012-03-20,105.61000061035156,-2.29438043441742,CL=F
2012-03-21,107.2699966430664,1.5718170846711788,CL=F
2012-03-22,105.3499984741211,-1.7898743628509406,CL=F
2012-03-23,106.87000274658203,1.4428137584020284,CL=F
2012-03-26,107.02999877929688,0.14971089043034347,CL=F
2012-03-27,107.33000183105469,0.2802980988315662,CL=F
2012-03-28,105.41000366210938,-1.7888736943911798,CL=F
2012-03-29,102.77999877929688,-2.4950239933991036,CL=F
2012-03-30,103.0199966430664,0.23350638900558884,CL=F
2012-04-02,105.2300033569336,2.145221108406936,CL=F
2012-04-03,104.01000213623047,-1.1593663230865414,CL=F
2012-04-04,101.47000122070312,-2.442073707681014,CL=F
2012-04-05,103.30999755859375,1.8133402146004896,CL=F
2012-04-09,102.45999908447266,-0.822764973582546,CL=F
2012-04-10,101.0199966430664,-1.405428903253303,CL=F
2012-04-11,102.69999694824219,1.6630373797295928,CL=F
2012-04-12,103.63999938964844,0.9152896488205275,CL=F
2012-04-13,102.83000183105469,-0.7815491734503577,CL=F
2012-04-16,102.93000030517578,0.09724639924191258,CL=F
2012-04-17,104.19999694824219,1.2338449813475316,CL=F
2012-04-18,102.66999816894531,-1.4683290058605802,CL=F
2012-04-19,102.2699966430664,-0.389599233478799,CL=F
2012-04-20,103.05000305175781,0.762693296464767,CL=F
2012-04-23,103.11000061035156,0.05822179215619894,CL=F
2012-04-24,103.55000305175781,0.4267311015436759,CL=F
2012-04-25,104.12000274658203,0.5504584046601257,CL=F
2012-04-26,104.55000305175781,0.41298529949367335,CL=F
2012-04-27,104.93000030517578,0.3634598204935946,CL=F
2012-04-30,104.87000274658203,-0.05717865092847996,CL=F
2012-05-01,106.16000366210938,1.230095243388729,CL=F
2012-05-02,105.22000122070312,-0.8854581847963505,CL=F
2012-05-03,102.54000091552734,-2.5470445486446724,CL=F
2012-05-04,98.48999786376953,-3.9496811152695543,CL=F
2012-05-07,97.94000244140625,-0.5584276924485598,CL=F
2012-05-08,97.01000213623047,-0.9495612436115297,CL=F
2012-05-09,96.80999755859375,-0.20616902714407637,CL=F
2012-05-10,97.08000183105469,0.2789012284578618,CL=F
2012-05-11,96.12999725341797,-0.9785790685191587,CL=F
2012-05-14,94.77999877929688,-1.4043467311896651,CL=F
2012-05-15,93.9800033569336,-0.8440551093761184,CL=F
2012-05-16,92.80999755859375,-1.2449518584248143,CL=F
2012-05-17,92.55999755859375,-0.26936753213701037,CL=F
2012-05-18,91.4800033569336,-1.1668044837365943,CL=F
2012-05-21,92.56999969482422,1.191513224630869,CL=F
2012-05-22,91.66000366210938,-0.9830355792533552,CL=F
2012-05-23,89.9000015258789,-1.920141900406691,CL=F
2012-05-24,90.66000366210938,0.8453861216139114,CL=F
2012-05-25,90.86000061035156,0.22060108114221322,CL=F
2012-05-29,90.76000213623047,-0.1100577519803636,CL=F
2012-05-30,87.81999969482422,-3.2393150861690367,CL=F
2012-05-31,86.52999877929688,-1.468914734696103,CL=F
2012-06-01,83.2300033569336,-3.8137009926236587,CL=F
2012-06-04,83.9800033569336,0.9011173492131208,CL=F
2012-06-05,84.29000091552734,0.369132586570875,CL=F
2012-06-06,85.0199966430664,0.8660525799147223,CL=F
2012-06-07,84.81999969482422,-0.23523518717816216,CL=F
2012-06-08,84.0999984741211,-0.8488578440151273,CL=F
2012-06-11,82.69999694824219,-1.6646867434958468,CL=F
2012-06-12,83.31999969482422,0.7497010513435098,CL=F
2012-06-13,82.62000274658203,-0.8401307618891796,CL=F
2012-06-14,83.91000366210938,1.5613663430684266,CL=F
2012-06-15,84.02999877929688,0.1430045429037241,CL=F
2012-06-18,83.2699966430664,-0.9044414462346939,CL=F
2012-06-19,84.02999877929688,0.9126962493924307,CL=F
2012-06-20,81.80000305175781,-2.6538090681116233,CL=F
2012-06-21,78.19999694824219,-4.4009852924305815,CL=F
2012-06-22,79.76000213623047,1.9948916225927649,CL=F
2012-06-25,79.20999908447266,-0.6895725138251652,CL=F
2012-06-26,79.36000061035156,0.18937195759709535,CL=F
2012-06-27,80.20999908447266,1.0710666174191363,CL=F
2012-06-28,77.69000244140625,-3.1417487493205054,CL=F
2012-06-29,84.95999908447266,9.357699079169723,CL=F
2012-07-02,83.75,-1.4241985611012087,CL=F
2012-07-03,87.66000366210938,4.668661089085813,CL=F
2012-07-05,87.22000122070312,-0.5019420750907888,CL=F
2012-07-06,84.44999694824219,-3.175881946449033,CL=F
2012-07-09,85.98999786376953,1.8235653891985226,CL=F
2012-07-10,83.91000366210938,-2.418879234019067,CL=F
2012-07-11,85.80999755859375,2.2643234579458715,CL=F
2012-07-12,86.08000183105469,0.31465363027958215,CL=F
2012-07-13,87.0999984741211,1.1849403129292613,CL=F
2012-07-16,88.43000030517578,1.5269826111993012,CL=F
2012-07-17,89.22000122070312,0.8933630134581261,CL=F
2012-07-18,89.87000274658203,0.7285379029204453,CL=F
2012-07-19,92.66000366210938,3.1044851788807337,CL=F
2012-07-20,91.44000244140625,-1.316642750362862,CL=F
2012-07-23,88.13999938964844,-3.6089271256006583,CL=F
2012-07-24,88.5,0.4084418117137334,CL=F
2012-07-25,88.97000122070312,0.5310748256532438,CL=F
2012-07-26,89.38999938964844,0.4720671722859171,CL=F
2012-07-27,90.12999725341797,0.8278307068153135,CL=F
2012-07-30,89.77999877929688,-0.3883262895670647,CL=F
2012-07-31,88.05999755859375,-1.9157955492195344,CL=F
2012-08-01,88.91000366210938,0.9652579230995828,CL=F
2012-08-02,87.12999725341797,-2.0020316447810327,CL=F
2012-08-03,91.4000015258789,4.900728115532482,CL=F
2012-08-06,92.19999694824219,0.8752685000084748,CL=F
2012-08-07,93.66999816894531,1.5943614635132164,CL=F
2012-08-08,93.3499984741211,-0.34162453408727034,CL=F
2012-08-09,93.36000061035156,0.010714661375432755,CL=F
2012-08-10,92.87000274658203,-0.5248477512490468,CL=F
2012-08-13,92.7300033569336,-0.15074769625070816,CL=F
2012-08-14,93.43000030517578,0.754876440096508,CL=F
2012-08-15,94.33000183105469,0.9632896531512225,CL=F
2012-08-16,95.5999984741211,1.34633374156079,CL=F
2012-08-17,96.01000213623047,0.42887413039065514,CL=F
2012-08-20,95.97000122070312,-0.04166327948892379,CL=F
2012-08-21,96.68000030517578,0.7398135619899326,CL=F
2012-08-22,97.26000213623047,0.599919144832306,CL=F
2012-08-23,96.2699966430664,-1.0178958167997743,CL=F
2012-08-24,96.1500015258789,-0.12464435584473854,CL=F
2012-08-27,95.47000122070312,-0.7072285953035107,CL=F
2012-08-28,96.33000183105469,0.9008071638791026,CL=F
2012-08-29,95.48999786376953,-0.8720065932920518,CL=F
2012-08-30,94.62000274658203,-0.91108507346358,CL=F
2012-08-31,96.47000122070312,1.9551875083706038,CL=F
2012-09-04,95.30000305175781,-1.212810359842953,CL=F
2012-09-05,95.36000061035156,0.0629565127727938,CL=F
2012-09-06,95.52999877929688,0.17826989078988387,CL=F
2012-09-07,96.41999816894531,0.9316438825720086,CL=F
2012-09-10,96.54000091552734,0.12445835808019279,CL=F
2012-09-11,97.16999816894531,0.6525763905567139,CL=F
2012-09-12,97.01000213623047,-0.16465579472036973,CL=F
2012-09-13,98.30999755859375,1.3400632859874584,CL=F
2012-09-14,99.0,0.7018639594564169,CL=F
2012-09-17,96.62000274658203,-2.4040376297151167,CL=F
2012-09-18,95.29000091552734,-1.3765284550271262,CL=F
2012-09-19,91.9800033569336,-3.473604288794163,CL=F
2012-09-20,91.87000274658203,-0.11959187468683075,CL=F
2012-09-21,92.88999938964844,1.1102608169937689,CL=F
2012-09-24,91.93000030517578,-1.0334794819469417,CL=F
2012-09-25,91.37000274658203,-0.6091564850807751,CL=F
2012-09-26,89.9800033569336,-1.5212863608022986,CL=F
2012-09-27,91.8499984741211,2.0782341047150155,CL=F
2012-09-28,92.19000244140625,0.3701730788606916,CL=F
2012-10-01,92.4800033569336,0.31456872529280755,CL=F
2012-10-02,91.88999938964844,-0.6379800452731343,CL=F
2012-10-03,88.13999938964844,-4.080966399943675,CL=F
2012-10-04,91.70999908447266,4.050374086164887,CL=F
2012-10-05,89.87999725341797,-1.995422363235555,CL=F
2012-10-08,89.33000183105469,-0.6119219394417175,CL=F
2012-10-09,92.38999938964844,3.4254981482939817,CL=F
2012-10-10,91.25,-1.2338991202289873,CL=F
2012-10-11,92.06999969482422,0.8986298025470907,CL=F
2012-10-12,91.86000061035156,-0.22808633123571065,CL=F
2012-10-15,91.8499984741211,-0.010888456525159906,CL=F
2012-10-16,92.08999633789062,0.2612932691960168,CL=F
2012-10-17,92.12000274658203,0.03258378747383883,CL=F
2012-10-18,92.0999984741211,-0.021715449266723752,CL=F
2012-10-19,90.05000305175781,-2.225836543243054,CL=F
2012-10-22,88.7300033569336,-1.4658519157023542,CL=F
2012-10-23,86.66999816894531,-2.3216557083870604,CL=F
2012-10-24,85.7300033569336,-1.084567707246742,CL=F
2012-10-25,86.05000305175781,0.3732645308456517,CL=F
2012-10-26,86.27999877929688,0.2672814867894058,CL=F
2012-10-31,86.23999786376953,-0.04636174790598746,CL=F
2012-11-01,87.08999633789062,0.9856197764102514,CL=F
2012-11-02,84.86000061035156,-2.5605647276492616,CL=F
2012-11-05,85.6500015258789,0.9309461581961997,CL=F
2012-11-06,88.70999908447266,3.5726765955388595,CL=F
2012-11-07,84.44000244140625,-4.813433307558002,CL=F
2012-11-08,85.08999633789062,0.7697701062188145,CL=F
2012-11-09,86.06999969482422,1.1517257011529614,CL=F
2012-11-12,85.56999969482422,-0.5809225069976054,CL=F
2012-11-13,85.37999725341797,-0.22204328863372202,CL=F
2012-11-14,86.31999969482422,1.1009633071505265,CL=F
2012-11-15,85.44999694824219,-1.007880849927989,CL=F
2012-11-16,86.66999816894531,1.4277369973952014,CL=F
2012-11-19,89.27999877929688,3.0114234054371414,CL=F
2012-11-20,86.75,-2.8337800334777286,CL=F
2012-11-21,87.37999725341797,0.7262216177728709,CL=F
2012-11-23,88.27999877929688,1.0299857566586246,CL=F
2012-11-26,87.73999786376953,-0.611691122558089,CL=F
2012-11-27,87.18000030517578,-0.6382466061410574,CL=F
2012-11-28,86.48999786376953,-0.7914687302028933,CL=F
2012-11-29,88.06999969482422,1.8268029484095338,CL=F
2012-11-30,88.91000366210938,0.9537912685317229,CL=F
2012-12-03,89.08999633789062,0.20244367154149678,CL=F
2012-12-04,88.5,-0.6622475722784293,CL=F
2012-12-05,87.87999725341797,-0.7005680752339316,CL=F
2012-12-06,86.26000213623047,-1.8434173507265283,CL=F
2012-12-07,85.93000030517578,-0.3825664536079132,CL=F
2012-12-10,85.55999755859375,-0.43058622747350617,CL=F
2012-12-11,85.79000091552734,0.26882113545654285,CL=F
2012-12-12,86.7699966430664,1.1423192878899924,CL=F
2012-12-13,85.88999938964844,-1.0141722801233821,CL=F
2012-12-14,86.7300033569336,0.9779997360046533,CL=F
2012-12-17,87.19999694824219,0.5419042697073939,CL=F
2012-12-18,87.93000030517578,0.8371598422955095,CL=F
2012-12-19,89.51000213623047,1.7968859610724808,CL=F
2012-12-20,90.12999725341797,0.6926545664068806,CL=F
2012-12-21,88.66000366210938,-1.6309704161816652,CL=F
2012-12-24,88.61000061035156,-0.05639865744690997,CL=F
2012-12-26,90.9800033569336,2.6746447695037645,CL=F
2012-12-27,90.87000274658203,-0.12090635996132582,CL=F
2012-12-28,90.80000305175781,-0.07703278607731345,CL=F
2012-12-31,91.81999969482422,1.1233442828024964,CL=F
2013-01-02,93.12000274658203,1.4158168765830315,CL=F
2013-01-03,92.91999816894531,-0.21478154181440168,CL=F
2013-01-04,93.08999633789062,0.1829511109505466,CL=F
2013-01-07,93.19000244140625,0.10742948485316095,CL=F
2013-01-08,93.1500015258789,-0.04292404172056008,CL=F
2013-01-09,93.0999984741211,-0.0536801405676024,CL=F
2013-01-10,93.81999969482422,0.7733633002188212,CL=F
2013-01-11,93.55999755859375,-0.27712869012598285,CL=F
2013-01-14,94.13999938964844,0.6199250173039461,CL=F
2013-01-15,93.27999877929688,-0.9135336901713753,CL=F
2013-01-16,94.23999786376953,1.029158551710574,CL=F
2013-01-17,95.48999786376953,1.3264007091839725,CL=F
2013-01-18,95.55999755859375,0.07330578740203375,CL=F
2013-01-22,96.23999786376953,0.7115951470790138,CL=F
2013-01-23,95.2300033569336,-1.0494539996412033,CL=F
2013-01-24,95.94999694824219,0.7560575091129396,CL=F
2013-01-25,95.87999725341797,-0.07295434815071111,CL=F
2013-01-28,96.44000244140625,0.5840688402484417,CL=F
2013-01-29,97.56999969482422,1.1717101045331413,CL=F
2013-01-30,97.94000244140625,0.3792177387919482,CL=F
2013-01-31,97.48999786376953,-0.45946964102430154,CL=F
2013-02-01,97.7699966430664,0.28720769866887874,CL=F
2013-02-04,96.16999816894531,-1.6364923075146254,CL=F
2013-02-05,96.63999938964844,0.48871917401667186,CL=F
2013-02-06,96.62000274658203,-0.020691890720925254,CL=F
2013-02-07,95.83000183105469,-0.8176370244983189,CL=F
2013-02-08,95.72000122070312,-0.1147872359905544,CL=F
2013-02-11,97.02999877929688,1.3685724424232548,CL=F
2013-02-12,97.51000213623047,0.4946958290965364,CL=F
2013-02-13,97.01000213623047,-0.5127679100052296,CL=F
2013-02-14,97.30999755859375,0.30924174389976855,CL=F
2013-02-15,95.86000061035156,-1.4900801403977981,CL=F
2013-02-19,96.66000366210938,0.8345535642229285,CL=F
2013-02-20,94.45999908447266,-2.2760236853778593,CL=F
2013-02-21,92.83999633789062,-1.7150145694298735,CL=F
2013-02-22,93.12999725341797,0.3123663582147218,CL=F
2013-02-25,93.11000061035156,-0.021471753093682544,CL=F
2013-02-26,92.62999725341797,-0.5155228802353085,CL=F
2013-02-27,92.76000213623047,0.1403485767756507,CL=F
2013-02-28,92.05000305175781,-0.765415123028923,CL=F
2013-03-01,90.68000030517578,-1.4883244988180055,CL=F
2013-03-04,90.12000274658203,-0.6175535473192828,CL=F
2013-03-05,90.81999969482422,0.7767387116160984,CL=F
2013-03-06,90.43000030517578,-0.4294201618133986,CL=F
2013-03-07,91.55999755859375,1.2495822731444672,CL=F
2013-03-08,91.94999694824219,0.42594954133639007,CL=F
2013-03-11,92.05999755859375,0.11963090157955936,CL=F
2013-03-12,92.54000091552734,0.5214027478417815,CL=F
2013-03-13,92.5199966430664,-0.02161689243898035,CL=F
2013-03-14,93.02999877929688,0.5512344949578862,CL=F
2013-03-15,93.44999694824219,0.4514653063058871,CL=F
2013-03-18,93.73999786376953,0.3103273675738816,CL=F
2013-03-19,92.16000366210938,-1.6855069742548245,CL=F
2013-03-20,92.95999908447266,0.8680505540086036,CL=F
2013-03-21,92.44999694824219,-0.548625367096911,CL=F
2013-03-22,93.70999908447266,1.362901219927437,CL=F
2013-03-25,94.80999755859375,1.1738325524147442,CL=F
2013-03-26,96.33999633789062,1.613752577465588,CL=F
2013-03-27,96.58000183105469,0.24912341943870153,CL=F
2013-03-28,97.2300033569336,0.6730187549757405,CL=F
2013-04-01,97.06999969482422,-0.1645620246684576,CL=F
2013-04-02,97.19000244140625,0.12362495823561304,CL=F
2013-04-03,94.44999694824219,-2.8192256655368952,CL=F
2013-04-04,93.26000213623047,-1.2599204345806636,CL=F
2013-04-05,92.69999694824219,-0.6004773484459602,CL=F
2013-04-08,93.36000061035156,0.7119780839667911,CL=F
2013-04-09,94.19999694824219,0.8997390021412421,CL=F
2013-04-10,94.63999938964844,0.4670939019753906,CL=F
2013-04-11,93.51000213623047,-1.1939954149466803,CL=F
2013-04-12,91.29000091552734,-2.374078889944742,CL=F
2013-04-15,88.70999908447266,-2.8261603737325225,CL=F
2013-04-16,88.72000122070312,0.011275094503093719,CL=F
2013-04-17,86.68000030517578,-2.2993698010131514,CL=F
2013-04-18,87.7300033569336,1.2113556161295058,CL=F
2013-04-19,88.01000213623047,0.3191596587061474,CL=F
2013-04-22,88.76000213623047,0.8521758684189917,CL=F
2013-04-23,89.18000030517578,0.4731840455576952,CL=F
2013-04-24,91.43000030517578,2.5229872082310534,CL=F
2013-04-25,93.63999938964844,2.417148722625062,CL=F
2013-04-26,93.0,-0.6834679558094803,CL=F
2013-04-29,94.5,1.6129032258064502,CL=F
2013-04-30,93.45999908447266,-1.100530069341099,CL=F
2013-05-01,91.02999877929688,-2.6000431510591615,CL=F
2013-05-02,93.98999786376953,3.251674309750574,CL=F
2013-05-03,95.61000061035156,1.7235905770846882,CL=F
2013-05-06,96.16000366210938,0.575256822766157,CL=F
2013-05-07,95.62000274658203,-0.5615649906013154,CL=F
2013-05-08,96.62000274658203,1.0458062866304907,CL=F
2013-05-09,96.38999938964844,-0.23804942081905311,CL=F
2013-05-10,96.04000091552734,-0.3631066255185389,CL=F
2013-05-13,95.16999816894531,-0.9058754042987283,CL=F
2013-05-14,94.20999908447266,-1.0087202930995853,CL=F
2013-05-15,94.30000305175781,0.09553547198790646,CL=F
2013-05-16,95.16000366210938,0.9119836506044754,CL=F
2013-05-17,96.0199966430664,0.9037336568530119,CL=F
2013-05-20,96.70999908447266,0.7186028593306304,CL=F
2013-05-21,96.16000366210938,-0.568705850036122,CL=F
2013-05-22,94.27999877929688,-1.9550798785517243,CL=F
2013-05-23,94.25,-0.03181881595809566,CL=F
2013-05-24,94.1500015258789,-0.10609917678631176,CL=F
2013-05-28,95.01000213623047,0.9134366398445337,CL=F
2013-05-29,93.12999725341797,-1.9787441748678747,CL=F
2013-05-30,93.61000061035156,0.5154121884353158,CL=F
2013-05-31,91.97000122070312,-1.7519489145982114,CL=F
2013-06-03,93.44999694824219,1.6092157311028865,CL=F
2013-06-04,93.30999755859375,-0.1498120858430596,CL=F
2013-06-05,93.73999786376953,0.4608298322007487,CL=F
2013-06-06,94.76000213623047,1.0881206482885597,CL=F
2013-06-07,96.02999877929688,1.3402243715028739,CL=F
2013-06-10,95.7699966430664,-0.27075095234357915,CL=F
2013-06-11,95.37999725341797,-0.4072250217382334,CL=F
2013-06-12,95.87999725341797,0.5242189289139221,CL=F
2013-06-13,96.69000244140625,0.8448114426280018,CL=F
2013-06-14,97.8499984741211,1.1997062813374093,CL=F
2013-06-17,97.7699966430664,-0.08175966510193255,CL=F
2013-06-18,98.44000244140625,0.6852877378996647,CL=F
2013-06-19,98.23999786376953,-0.2031740884563371,CL=F
2013-06-20,95.4000015258789,-2.8908758139723045,CL=F
2013-06-21,93.69000244140625,-1.792451841846976,CL=F
2013-06-24,95.18000030517578,1.5903488365275331,CL=F
2013-06-25,95.31999969482422,0.14708908300016255,CL=F
2013-06-26,95.5,0.18883792042809766,CL=F
2013-06-27,97.05000305175781,1.6230398447725891,CL=F
2013-06-28,96.55999755859375,-0.5049000285994198,CL=F
2013-07-01,97.98999786376953,1.480944843964016,CL=F
2013-07-02,99.5999984741211,1.643025457138858,CL=F
2013-07-03,101.23999786376953,1.646585757804564,CL=F
2013-07-05,103.22000122070312,1.955752073007666,CL=F
2013-07-08,103.13999938964844,-0.07750613263763917,CL=F
2013-07-09,103.52999877929688,0.37812622838504506,CL=F
2013-07-10,106.5199966430664,2.8880497430928687,CL=F
2013-07-11,104.91000366210938,-1.5114467064356818,CL=F
2013-07-12,105.94999694824219,0.9913194641403278,CL=F
2013-07-15,106.31999969482422,0.34922393321330514,CL=F
2013-07-16,106.0,-0.3009778929107698,CL=F
2013-07-17,106.4800033569336,0.4528333555977371,CL=F
2013-07-18,108.04000091552734,1.4650615227391084,CL=F
2013-07-19,108.05000305175781,0.009257808354035113,CL=F
2013-07-22,106.91000366210938,-1.0550665038874252,CL=F
2013-07-23,107.2300033569336,0.2993168869730667,CL=F
2013-07-24,105.38999938964844,-1.7159413500719478,CL=F
2013-07-25,105.48999786376953,0.09488421548555781,CL=F
2013-07-26,104.69999694824219,-0.7488870333920761,CL=F
2013-07-29,104.55000305175781,-0.14326065029258706,CL=F
2013-07-30,103.08000183105469,-1.4060269515012824,CL=F
2013-07-31,105.02999877929688,1.891731580911471,CL=F
2013-08-01,107.88999938964844,2.7230321275746983,CL=F
2013-08-02,106.94000244140625,-0.8805236385359905,CL=F
2013-08-05,106.55999755859375,-0.3553440005022557,CL=F
2013-08-06,105.30000305175781,-1.182427304526834,CL=F
2013-08-07,104.37000274658203,-0.8831911474101894,CL=F
2013-08-08,103.4000015258789,-0.9293869839769542,CL=F
2013-08-09,105.97000122070312,2.4854928983545577,CL=F
2013-08-12,106.11000061035156,0.13211228464258262,CL=F
2013-08-13,106.83000183105469,0.6785422830662746,CL=F
2013-08-14,106.8499984741211,0.018718190324507056,CL=F
2013-08-15,107.33000183105469,0.44923103770548867,CL=F
2013-08-16,107.45999908447266,0.1211192128950156,CL=F
2013-08-19,107.0999984741211,-0.33500894604379106,CL=F
2013-08-20,104.97000122070312,-1.988792982039722,CL=F
2013-08-21,103.8499984741211,-1.0669741198032212,CL=F
2013-08-22,105.02999877929688,1.136254523364122,CL=F
2013-08-23,106.41999816894531,1.3234308348125223,CL=F
2013-08-26,105.91999816894531,-0.4698365049830566,CL=F
2013-08-27,109.01000213623047,2.9172998684880325,CL=F
2013-08-28,110.0999984741211,0.9999048862768145,CL=F
2013-08-29,108.80000305175781,-1.1807406361307504,CL=F
2013-08-30,107.6500015258789,-1.0569866669322026,CL=F
2013-09-03,108.54000091552734,0.8267527886978154,CL=F
2013-09-04,107.2300033569336,-1.20692606186108,CL=F
2013-09-05,108.37000274658203,1.0631347141282443,CL=F
2013-09-06,110.52999877929688,1.9931678305535216,CL=F
2013-09-09,109.5199966430664,-0.9137810073147734,CL=F
2013-09-10,107.38999938964844,-1.9448478074372,CL=F
2013-09-11,107.55999755859375,0.15829981368051804,CL=F
2013-09-12,108.5999984741211,0.9669030672493362,CL=F
2013-09-13,108.20999908447266,-0.35911546512716885,CL=F
2013-09-16,106.58999633789062,-1.4970915444860067,CL=F
2013-09-17,105.41999816894531,-1.097662265825039,CL=F
2013-09-18,108.06999969482422,2.5137559968764434,CL=F
2013-09-19,106.38999938964844,-1.5545482649392817,CL=F
2013-09-20,104.68000030517578,-1.6072930672833885,CL=F
2013-09-23,103.58999633789062,-1.0412724150816288,CL=F
2013-09-24,103.12999725341797,-0.4440574386857077,CL=F
2013-09-25,102.66000366210938,-0.45572927744165215,CL=F
2013-09-26,103.02999877929688,0.36040824468046573,CL=F
2013-09-27,102.87000274658203,-0.15529072562406876,CL=F
2013-09-30,102.33000183105469,-0.5249352591713441,CL=F
2013-10-01,102.04000091552734,-0.28339774292795994,CL=F
2013-10-02,104.0999984741211,2.018813739818648,CL=F
2013-10-03,103.30999755859375,-0.758886577432305,CL=F
2013-10-04,103.83999633789062,0.5130178993531409,CL=F
2013-10-07,103.02999877929688,-0.7800439013480487,CL=F
2013-10-08,103.48999786376953,0.4464710180750675,CL=F
2013-10-09,101.61000061035156,-1.8165980212819455,CL=F
2013-10-10,103.01000213623047,1.3778186374071133,CL=F
2013-10-11,102.0199966430664,-0.9610770533280633,CL=F
2013-10-14,102.41000366210938,0.38228487735347816,CL=F
2013-10-15,101.20999908447266,-1.1717649982671663,CL=F
2013-10-16,102.29000091552734,1.0670900512046222,CL=F
2013-10-17,100.66999816894531,-1.5837351960919954,CL=F
2013-10-18,100.80999755859375,0.1390676390134571,CL=F
2013-10-21,99.22000122070312,-1.5772208872105842,CL=F
2013-10-22,97.80000305175781,-1.4311612089045411,CL=F
2013-10-23,96.86000061035156,-0.9611476606077196,CL=F
2013-10-24,97.11000061035156,0.2581044790673781,CL=F
2013-10-25,97.8499984741211,0.7620202441751989,CL=F
2013-10-28,98.68000030517578,0.8482389821132141,CL=F
2013-10-29,98.19999694824219,-0.48642415428571395,CL=F
2013-10-30,96.7699966430664,-1.4562121686515828,CL=F
2013-10-31,96.37999725341797,-0.4030168473467488,CL=F
2013-11-01,94.61000061035156,-1.8364771669503566,CL=F
2013-11-04,94.62000274658203,0.010571965083960855,CL=F
2013-11-05,93.37000274658203,-1.3210737304117814,CL=F
2013-11-06,94.80000305175781,1.5315414620442835,CL=F
2013-11-07,94.19999694824219,-0.632917810338085,CL=F
2013-11-08,94.5999984741211,0.42463008369171273,CL=F
2013-11-11,95.13999938964844,0.5708255013080921,CL=F
2013-11-12,93.04000091552734,-2.207271902031971,CL=F
2013-11-13,93.87999725341797,0.9028335443088231,CL=F
2013-11-14,93.76000213623047,-0.12781755506828807,CL=F
2013-11-15,93.83999633789062,0.08531804590183878,CL=F
2013-11-18,93.02999877929688,-0.8631687875148453,CL=F
2013-11-19,93.33999633789062,0.33322322117748104,CL=F
2013-11-20,93.33000183105469,-0.010707635770368373,CL=F
2013-11-21,95.44000244140625,2.260795638010449,CL=F
2013-11-22,94.83999633789062,-0.6286736045338914,CL=F
2013-11-25,94.08999633789062,-0.7908055978070094,CL=F
2013-11-26,93.68000030517578,-0.4357488029253287,CL=F
2013-11-27,92.30000305175781,-1.473096977927446,CL=F
2013-11-29,92.72000122070312,0.45503592097368983,CL=F
2013-12-02,93.81999969482422,1.186365896936037,CL=F
2013-12-03,96.04000091552734,2.3662345213433245,CL=F
2013-12-04,97.19999694824219,1.2078259284223902,CL=F
2013-12-05,97.37999725341797,0.18518550496624542,CL=F
2013-12-06,97.6500015258789,0.2772687205548907,CL=F
2013-12-09,97.33999633789062,-0.3174656253396191,CL=F
2013-12-10,98.51000213623047,1.201978469650311,CL=F
2013-12-11,97.44000244140625,-1.0861838103957244,CL=F
2013-12-12,97.5,0.06157384758875839,CL=F
2013-12-13,96.5999984741211,-0.9230784880809306,CL=F
2013-12-16,97.4800033569336,0.9109781539471173,CL=F
2013-12-17,97.22000122070312,-0.2667235610142926,CL=F
2013-12-18,97.80000305175781,0.5965869407242641,CL=F
2013-12-19,98.7699966430664,0.9918134570969794,CL=F
2013-12-20,99.31999969482422,0.5568523544102311,CL=F
2013-12-23,98.91000366210938,-0.41280309502076395,CL=F
2013-12-24,99.22000122070312,0.31341375706823715,CL=F
2013-12-26,99.55000305175781,0.33259607639051225,CL=F
2013-12-27,100.31999969482422,0.7734772671639911,CL=F
2013-12-30,99.29000091552734,-1.0267132998705741,CL=F
2013-12-31,98.41999816894531,-0.8762239284519691,CL=F
2014-01-02,95.44000244140625,-3.027835585226979,CL=F
2014-01-03,93.95999908447266,-1.5507159671776183,CL=F
2014-01-06,93.43000030517578,-0.56406852326637,CL=F
2014-01-07,93.66999816894531,0.2568745188757493,CL=F
2014-01-08,92.33000183105469,-1.4305501911869078,CL=F
2014-01-09,91.66000366210938,-0.7256559684372998,CL=F
2014-01-10,92.72000122070312,1.1564450319042852,CL=F
2014-01-13,91.80000305175781,-0.992232697188411,CL=F
2014-01-14,92.58999633789062,0.8605591066128904,CL=F
2014-01-15,94.16999816894531,1.7064498256256,CL=F
2014-01-16,93.95999908447266,-0.22299998784741648,CL=F
2014-01-17,94.37000274658203,0.4363597978973788,CL=F
2014-01-21,94.98999786376953,0.6569832564829126,CL=F
2014-01-22,96.7300033569336,1.8317775895305255,CL=F
2014-01-23,97.31999969482422,0.609941401235714,CL=F
2014-01-24,96.63999938964844,-0.6987261686273394,CL=F
2014-01-27,95.72000122070312,-0.9519848662621788,CL=F
2014-01-28,97.41000366210938,1.7655687629062777,CL=F
2014-01-29,97.36000061035156,-0.05133256326655955,CL=F
2014-01-30,98.2300033569336,0.8935936124979227,CL=F
2014-01-31,97.48999786376953,-0.7533395784128594,CL=F
2014-02-03,96.43000030517578,-1.0872885237672936,CL=F
2014-02-04,97.19000244140625,0.7881386848753058,CL=F
2014-02-05,97.37999725341797,0.1954880206184395,CL=F
2014-02-06,97.83999633789062,0.4723753311222323,CL=F
2014-02-07,99.87999725341797,2.0850378085483623,CL=F
2014-02-10,100.05999755859375,0.1802165700095948,CL=F
2014-02-11,99.94000244140625,-0.1199231662155853,CL=F
2014-02-12,100.37000274658203,0.43025844974127203,CL=F
2014-02-13,100.3499984741211,-0.019930528956391136,CL=F
2014-02-14,100.30000305175781,-0.04982104945041588,CL=F
2014-02-18,102.43000030517578,2.1236263096809926,CL=F
2014-02-19,103.30999755859375,0.859120619736542,CL=F
2014-02-20,102.91999816894531,-0.3775040159373244,CL=F
2014-02-21,102.19999694824219,-0.6995736819983445,CL=F
2014-02-24,102.81999969482422,0.6066563259253588,CL=F
2014-02-25,101.83000183105469,-0.9628456202177671,CL=F
2014-02-26,102.58999633789062,0.7463365345871553,CL=F
2014-02-27,102.4000015258789,-0.18519818578212055,CL=F
2014-02-28,102.58999633789062,0.1855418058404057,CL=F
2014-03-03,104.91999816894531,2.2711783938276,CL=F
2014-03-04,103.33000183105469,-1.5154368715584288,CL=F
2014-03-05,101.44999694824219,-1.8194182226826228,CL=F
2014-03-06,101.55999755859375,0.10842840183393765,CL=F
2014-03-07,102.58000183105469,1.0043366453139857,CL=F
2014-03-10,101.12000274658203,-1.4232784737879256,CL=F
2014-03-11,100.02999877929688,-1.0779311092552368,CL=F
2014-03-12,97.98999786376953,-2.0393891236851203,CL=F
2014-03-13,98.19999694824219,0.21430665277144545,CL=F
2014-03-14,98.88999938964844,0.7026501658344619,CL=F
2014-03-17,98.08000183105469,-0.8190894565609064,CL=F
2014-03-18,99.69999694824219,1.6517078782053662,CL=F
2014-03-19,100.37000274658203,0.6720218845018389,CL=F
2014-03-20,99.43000030517578,-0.9365372279401041,CL=F
2014-03-21,99.45999908447266,0.03017075249400758,CL=F
2014-03-24,99.5999984741211,0.14075949219498618,CL=F
2014-03-25,99.19000244140625,-0.41164260943374886,CL=F
2014-03-26,100.26000213623047,1.0787374417661644,CL=F
2014-03-27,101.27999877929688,1.0173515074141548,CL=F
2014-03-28,101.66999816894531,0.38507049205076527,CL=F
2014-03-31,101.58000183105469,-0.08851808745100609,CL=F
2014-04-01,99.73999786376953,-1.8113840658768643,CL=F
2014-04-02,99.62000274658203,-0.12030792035047089,CL=F
2014-04-03,100.29000091552734,0.6725538551225263,CL=F
2014-04-04,101.13999938964844,0.8475405986256179,CL=F
2014-04-07,100.44000244140625,-0.6921069334254182,CL=F
2014-04-08,102.55999755859375,2.110707950673585,CL=F
2014-04-09,103.5999984741211,1.014041478436245,CL=F
2014-04-10,103.4000015258789,-0.19304725018132185,CL=F
2014-04-11,103.73999786376953,0.32881656950993765,CL=F
2014-04-14,104.05000305175781,0.2988289901406871,CL=F
2014-04-15,103.75,-0.2883258461881866,CL=F
2014-04-16,103.76000213623047,0.009640613234185302,CL=F
2014-04-17,104.30000305175781,0.5204326372491463,CL=F
2014-04-21,104.37000274658203,0.06711379940178563,CL=F
2014-04-22,102.12999725341797,-2.146215803599205,CL=F
2014-04-23,101.44000244140625,-0.6756044556621488,CL=F
2014-04-24,101.94000244140625,0.4929021963389735,CL=F
2014-04-25,100.5999984741211,-1.314502585042976,CL=F
2014-04-28,100.83999633789062,0.238566468598167,CL=F
2014-04-29,101.27999877929688,0.4363372246979358,CL=F
2014-04-30,99.73999786376953,-1.5205380470858954,CL=F
2014-05-01,99.41999816894531,-0.32083386973928985,CL=F
2014-05-02,99.76000213623047,0.3419875010532536,CL=F
2014-05-05,99.4800033569336,-0.28067238702993436,CL=F
2014-05-06,99.5,0.020101168467645536,CL=F
2014-05-07,100.7699966430664,1.2763785357451374,CL=F
2014-05-08,100.26000213623047,-0.506097572516917,CL=F
2014-05-09,99.98999786376953,-0.26930407611009954,CL=F
2014-05-12,100.58999633789062,0.6000584927890129,CL=F
2014-05-13,101.69999694824219,1.1034900594120378,CL=F
2014-05-14,102.37000274658203,0.6588061144985335,CL=F
2014-05-15,101.5,-0.849861017133835,CL=F
2014-05-16,102.0199966430664,0.5123119636122331,CL=F
2014-05-19,102.61000061035156,0.578321884629518,CL=F
2014-05-20,102.44000244140625,-0.16567407458738526,CL=F
2014-05-21,104.06999969482422,1.5911726030564122,CL=F
2014-05-22,103.73999786376953,-0.3170960238516263,CL=F
2014-05-23,104.3499984741211,0.5880090832010687,CL=F
2014-05-27,104.11000061035156,-0.22999316461805863,CL=F
2014-05-28,102.72000122070312,-1.3351257146282602,CL=F
2014-05-29,103.58000183105469,0.8372279985703779,CL=F
2014-05-30,102.70999908447266,-0.8399331253160836,CL=F
2014-06-02,102.47000122070312,-0.23366553004459112,CL=F
2014-06-03,102.66000366210938,0.18542250331101684,CL=F
2014-06-04,102.63999938964844,-0.01948594559452177,CL=F
2014-06-05,102.4800033569336,-0.1558807810466356,CL=F
2014-06-06,102.66000366210938,0.17564432014005593,CL=F
2014-06-09,104.41000366210938,1.7046560856941673,CL=F
2014-06-10,104.3499984741211,-0.05747072683042198,CL=F
2014-06-11,104.4000015258789,0.047918593664575404,CL=F
2014-06-12,106.52999877929688,2.0402272244124164,CL=F
2014-06-13,106.91000366210938,0.3567116184801433,CL=F
2014-06-16,106.9000015258789,-0.009355659795950988,CL=F
2014-06-17,106.36000061035156,-0.5051458445457735,CL=F
2014-06-18,105.97000122070312,-0.36667862674916174,CL=F
2014-06-19,106.43000030517578,0.43408424947983804,CL=F
2014-06-20,107.26000213623047,0.7798570221504875,CL=F
2014-06-23,106.16999816894531,-1.0162259421743647,CL=F
2014-06-24,106.02999877929688,-0.13186341910419452,CL=F
2014-06-25,106.5,0.44327192880708743,CL=F
2014-06-26,105.83999633789062,-0.6197217484595119,CL=F
2014-06-27,105.73999786376953,-0.0944807989239238,CL=F
2014-06-30,105.37000274658203,-0.3499102748840466,CL=F
2014-07-01,105.33999633789062,-0.02847718317287029,CL=F
2014-07-02,104.4800033569336,-0.8163973902168165,CL=F
2014-07-03,104.05999755859375,-0.40199634843519627,CL=F
2014-07-07,103.52999877929688,-0.5093203841355476,CL=F
2014-07-08,103.4000015258789,-0.12556481691369248,CL=F
2014-07-09,102.29000091552734,-1.0735015415582527,CL=F
2014-07-10,102.93000030517578,0.6256715064231644,CL=F
2014-07-11,100.83000183105469,-2.040220021271577,CL=F
2014-07-14,100.91000366210938,0.07934328037475513,CL=F
2014-07-15,99.95999908447266,-0.9414374622537358,CL=F
2014-07-16,101.19999694824219,1.2404940727557046,CL=F
2014-07-17,103.19000244140625,1.9664086493815125,CL=F
2014-07-18,103.12999725341797,-0.05815019533733645,CL=F
2014-07-21,104.58999633789062,1.415688086255873,CL=F
2014-07-22,104.41999816894531,-0.16253769471040735,CL=F
2014-07-23,103.12000274658203,-1.244967865504043,CL=F
2014-07-24,102.06999969482422,-1.0182341192699562,CL=F
2014-07-25,102.08999633789062,0.019591107207017622,CL=F
2014-07-28,101.66999816894531,-0.4113999255668799,CL=F
2014-07-29,100.97000122070312,-0.6884990270964675,CL=F
2014-07-30,100.2699966430664,-0.6932797555450398,CL=F
2014-07-31,98.16999816894531,-2.0943438161232897,CL=F
2014-08-01,97.87999725341797,-0.29540686659509374,CL=F
2014-08-04,98.29000091552734,0.41888401472656156,CL=F
2014-08-05,97.37999725341797,-0.9258354396511348,CL=F
2014-08-06,96.91999816894531,-0.4723753311222323,CL=F
2014-08-07,97.33999633789062,0.43334520932738485,CL=F
2014-08-08,97.6500015258789,0.31847667932118906,CL=F
2014-08-11,98.08000183105469,0.4403484879227815,CL=F
2014-08-12,97.37000274658203,-0.7238979111110266,CL=F
2014-08-13,97.58999633789062,0.2259356938513868,CL=F
2014-08-14,95.58000183105469,-2.0596317063858005,CL=F
2014-08-15,97.3499984741211,1.8518483042038625,CL=F
2014-08-18,96.41000366210938,-0.9655827701544384,CL=F
2014-08-19,94.4800033569336,-2.0018672667412196,CL=F
2014-08-20,96.06999969482422,1.6828919151111954,CL=F
2014-08-21,93.95999908447266,-2.1963158291393614,CL=F
2014-08-22,93.6500015258789,-0.3299250336465609,CL=F
2014-08-25,93.3499984741211,-0.3203449512757417,CL=F
2014-08-26,93.86000061035156,0.546333309659186,CL=F
2014-08-27,93.87999725341797,0.021304754886397603,CL=F
2014-08-28,94.55000305175781,0.7136832317232056,CL=F
2014-08-29,95.95999908447266,1.491270213860263,CL=F
2014-09-02,92.87999725341797,-3.20967263488966,CL=F
2014-09-03,95.54000091552734,2.8639144495791635,CL=F
2014-09-04,94.44999694824219,-1.140887541176494,CL=F
2014-09-05,93.29000091552734,-1.2281588885074468,CL=F
2014-09-08,92.66000366210938,-0.6753105876678323,CL=F
2014-09-09,92.75,0.09712533383745559,CL=F
2014-09-10,91.66999816894531,-1.1644224593581498,CL=F
2014-09-11,92.83000183105469,1.265412550757894,CL=F
2014-09-12,92.2699966430664,-0.6032588354435875,CL=F
2014-09-15,92.91999816894531,0.7044559981868703,CL=F
2014-09-16,94.87999725341797,2.1093404251999903,CL=F
2014-09-17,94.41999816894531,-0.48482198333547055,CL=F
2014-09-18,93.06999969482422,-1.4297802375568214,CL=F
2014-09-19,92.41000366210938,-0.7091393949489211,CL=F
2014-09-22,91.5199966430664,-0.9631067890628175,CL=F
2014-09-23,91.55999755859375,0.04370729566713916,CL=F
2014-09-24,92.80000305175781,1.3543092248015087,CL=F
2014-09-25,92.52999877929688,-0.29095287023896965,CL=F
2014-09-26,93.54000091552734,1.0915402026963505,CL=F
2014-09-29,94.56999969482422,1.1011318892620414,CL=F
2014-09-30,91.16000366210938,-3.6057904660239393,CL=F
2014-10-01,90.7300033569336,-0.47169842902772263,CL=F
2014-10-02,91.01000213623047,0.30860660083451563,CL=F
2014-10-03,89.73999786376953,-1.3954557110765764,CL=F
2014-10-06,90.33999633789062,0.6685964880809525,CL=F
2014-10-07,88.8499984741211,-1.6493224752817448,CL=F
2014-10-08,87.30999755859375,-1.73325936069193,CL=F
2014-10-09,85.7699966430664,-1.7638311288393438,CL=F
2014-10-10,85.81999969482422,0.058299001649619875,CL=F
2014-10-13,85.73999786376953,-0.09322049794823206,CL=F
2014-10-14,81.83999633789062,-4.548637302365622,CL=F
2014-10-15,81.77999877929688,-0.07331080312619198,CL=F
2014-10-16,82.69999694824219,1.1249672079699513,CL=F
2014-10-17,82.75,0.060463184525993974,CL=F
2014-10-20,82.70999908447266,-0.048339474957515005,CL=F
2014-10-21,82.80999755859375,0.12090252113166056,CL=F
2014-10-22,80.5199966430664,-2.765367688734699,CL=F
2014-10-23,82.08999633789062,1.9498258324373685,CL=F
2014-10-24,81.01000213623047,-1.3156221827746117,CL=F
2014-10-27,81.0,-0.012346791713013783,CL=F
2014-10-28,81.41999816894531,0.51851625795718,CL=F
2014-10-29,82.19999694824219,0.9579941007593629,CL=F
2014-10-30,81.12000274658203,-1.3138616079757082,CL=F
2014-10-31,80.54000091552734,-0.7149923710759842,CL=F
2014-11-03,78.77999877929688,-2.1852521929772606,CL=F
2014-11-04,77.19000244140625,-2.0182741336986054,CL=F
2014-11-05,78.68000030517578,1.9302990240226636,CL=F
2014-11-06,77.91000366210938,-0.9786434164715585,CL=F
2014-11-07,78.6500015258789,0.9498111012532506,CL=F
2014-11-10,77.4000015258789,-1.5893197403037629,CL=F
2014-11-11,77.94000244140625,0.6976755877023955,CL=F
2014-11-12,77.18000030517578,-0.9751117685707356,CL=F
2014-11-13,74.20999908447266,-3.848148754806302,CL=F
2014-11-14,75.81999969482422,2.1695197819890932,CL=F
2014-11-17,75.63999938964844,-0.2374047822477965,CL=F
2014-11-18,74.61000061035156,-1.3617117763195408,CL=F
2014-11-19,74.58000183105469,-0.040207450812845824,CL=F
2014-11-20,75.58000183105469,1.3408420158868894,CL=F
2014-11-21,76.51000213623047,1.2304846290618343,CL=F
2014-11-24,75.77999877929688,-0.9541280049029099,CL=F
2014-11-25,74.08999633789062,-2.2301431362228508,CL=F
2014-11-26,73.69000244140625,-0.5398757136661048,CL=F
2014-11-28,66.1500015258789,-10.232054099228305,CL=F
2014-12-01,69.0,4.3083876165991075,CL=F
2014-12-02,66.87999725341797,-3.072467748669605,CL=F
2014-12-03,67.37999725341797,0.7476076862046321,CL=F
2014-12-04,66.80999755859375,-0.8459479341924481,CL=F
2014-12-05,65.83999633789062,-1.4518803414899306,CL=F
2014-12-08,63.04999923706055,-4.2375413973473215,CL=F
2014-12-09,63.81999969482422,1.2212537146409241,CL=F
2014-12-10,60.939998626708984,-4.512693641314447,CL=F
2014-12-11,59.95000076293945,-1.624545267606281,CL=F
2014-12-12,57.810001373291016,-3.5696403042772995,CL=F
2014-12-15,55.90999984741211,-3.2866311723644626,CL=F
2014-12-16,55.93000030517578,0.03577259491729379,CL=F
2014-12-17,56.470001220703125,0.9654942116590126,CL=F
2014-12-18,54.11000061035156,-4.179211190607046,CL=F
2014-12-19,56.52000045776367,4.453889891383711,CL=F
2014-12-22,55.2599983215332,-2.229303124602844,CL=F
2014-12-23,57.119998931884766,3.3659078299804746,CL=F
2014-12-24,55.84000015258789,-2.2408942633617035,CL=F
2014-12-26,54.72999954223633,-1.9878234371747627,CL=F
2014-12-29,53.61000061035156,-2.0464077128676705,CL=F
2014-12-30,54.119998931884766,0.9513119114472168,CL=F
2014-12-31,53.27000045776367,-1.5705810992178715,CL=F
2015-01-02,52.689998626708984,-1.0887963695711877,CL=F
2015-01-05,50.040000915527344,-5.029413133896599,CL=F
2015-01-06,47.93000030517578,-4.216627841221388,CL=F
2015-01-07,48.650001525878906,1.5021932320442133,CL=F
2015-01-08,48.790000915527344,0.28776852057026403,CL=F
2015-01-09,48.36000061035156,-0.8813287499630618,CL=F
2015-01-12,46.06999969482422,-4.735320278381394,CL=F
2015-01-13,45.88999938964844,-0.3907104544565554,CL=F
2015-01-14,48.47999954223633,5.643931547255865,CL=F
2015-01-15,46.25,-4.599834082699461,CL=F
2015-01-16,48.689998626708984,5.275672706397794,CL=F
2015-01-20,46.38999938964844,-4.7237611458852635,CL=F
2015-01-21,47.779998779296875,2.9963341408420163,CL=F
2015-01-22,46.310001373291016,-3.0765957378860564,CL=F
2015-01-23,45.59000015258789,-1.5547423868537802,CL=F
2015-01-26,45.150001525878906,-0.965120915192641,CL=F
2015-01-27,46.22999954223633,2.392022103783087,CL=F
2015-01-28,44.45000076293945,-3.8503110467709267,CL=F
2015-01-29,44.529998779296875,0.1799730370851238,CL=F
2015-01-30,48.2400016784668,8.33146867476402,CL=F
2015-02-02,49.56999969482422,2.757043884911603,CL=F
2015-02-03,53.04999923706055,7.020374346703262,CL=F
2015-02-04,48.45000076293945,-8.671062281387465,CL=F
2015-02-05,50.47999954223633,4.189883895419189,CL=F
2015-02-06,51.689998626708984,2.39698711459031,CL=F
2015-02-09,52.86000061035156,2.263497803689285,CL=F
2015-02-10,50.02000045776367,-5.372682784327731,CL=F
2015-02-11,48.84000015258789,-2.3590569659673655,CL=F
2015-02-12,51.209999084472656,4.8525776504511065,CL=F
2015-02-13,52.779998779296875,3.065806918360714,CL=F
2015-02-17,53.529998779296875,1.4209928331680555,CL=F
2015-02-18,52.13999938964844,-2.5966736808259228,CL=F
2015-02-19,51.15999984741211,-1.8795541881630573,CL=F
2015-02-20,50.34000015258789,-1.6028141072516044,CL=F
2015-02-23,49.45000076293945,-1.767976533473814,CL=F
2015-02-24,49.279998779296875,-0.3437856036798803,CL=F
2015-02-25,50.9900016784668,3.4699735014772637,CL=F
2015-02-26,48.16999816894531,-5.530502876434262,CL=F
2015-02-27,49.7599983215332,3.3008100747924596,CL=F
2015-03-02,49.59000015258789,-0.34163620313416576,CL=F
2015-03-03,50.52000045776367,1.875378710050768,CL=F
2015-03-04,51.529998779296875,1.9992048938669127,CL=F
2015-03-05,50.7599983215332,-1.4942761032492702,CL=F
2015-03-06,49.61000061035156,-2.2655590015923877,CL=F
2015-03-09,50.0,0.7861305882892022,CL=F
2015-03-10,48.290000915527344,-3.419998168945315,CL=F
2015-03-11,48.16999816894531,-0.24850433693706098,CL=F
2015-03-12,47.04999923706055,-2.32509648008834,CL=F
2015-03-13,44.84000015258789,-4.697128842314358,CL=F
2015-03-16,43.880001068115234,-2.1409435352494066,CL=F
2015-03-17,43.459999084472656,-0.9571603769804038,CL=F
2015-03-18,44.65999984741211,2.761161500733178,CL=F
2015-03-19,43.959999084472656,-1.5673998328059047,CL=F
2015-03-20,45.720001220703125,4.00364461529783,CL=F
2015-03-23,47.45000076293945,3.78390090998717,CL=F
2015-03-24,47.5099983215332,0.1264437463204704,CL=F
2015-03-25,49.209999084472656,3.578195796670758,CL=F
2015-03-26,51.43000030517578,4.511280760018566,CL=F
2015-03-27,48.869998931884766,-4.977642150691153,CL=F
2015-03-30,48.68000030517578,-0.38878377503916983,CL=F
2015-03-31,47.599998474121094,-2.2185740022270695,CL=F
2015-04-01,50.09000015258789,5.2310961308550175,CL=F
2015-04-02,49.13999938964844,-1.8965876622988431,CL=F
2015-04-06,52.13999938964844,6.10500618083436,CL=F
2015-04-07,53.97999954223633,3.5289608249462256,CL=F
2015-04-08,50.41999816894531,-6.595037798222869,CL=F
2015-04-09,50.790000915527344,0.7338412535086603,CL=F
2015-04-10,51.63999938964844,1.6735547525088545,CL=F
2015-04-13,51.90999984741211,0.5228513961171632,CL=F
2015-04-14,53.290000915527344,2.658449378100003,CL=F
2015-04-15,56.38999938964844,5.817223533238547,CL=F
2015-04-16,56.709999084472656,0.5674759678805152,CL=F
2015-04-17,55.7400016784668,-1.7104521630497582,CL=F
2015-04-20,56.380001068115234,1.1481868862154743,CL=F
2015-04-21,55.2599983215332,-1.9865248764875054,CL=F
2015-04-22,56.15999984741211,1.628667305855136,CL=F
2015-04-23,57.7400016784668,2.813393581459378,CL=F
2015-04-24,57.150001525878906,-1.0218221950761053,CL=F
2015-04-27,56.9900016784668,-0.27996472990409194,CL=F
2015-04-28,57.060001373291016,0.12282802730758657,CL=F
2015-04-29,58.58000183105469,2.66386333890829,CL=F
2015-04-30,59.630001068115234,1.7924192629572788,CL=F
2015-05-01,59.150001525878906,-0.8049631622310871,CL=F
2015-05-04,58.93000030517578,-0.37193781069789766,CL=F
2015-05-05,60.400001525878906,2.494487040710247,CL=F
2015-05-06,60.93000030517578,0.877481400509228,CL=F
2015-05-07,58.939998626708984,-3.266045738551804,CL=F
2015-05-08,59.38999938964844,0.7634896054027562,CL=F
2015-05-11,59.25,-0.23572889558378662,CL=F
2015-05-12,60.75,2.5316455696202445,CL=F
2015-05-13,60.5,-0.4115226337448541,CL=F
2015-05-14,59.880001068115234,-1.0247916229500276,CL=F
2015-05-15,59.689998626708984,-0.3173053407098614,CL=F
2015-05-18,59.43000030517578,-0.4355810479393485,CL=F
2015-05-19,57.2599983215332,-3.6513578537767377,CL=F
2015-05-20,58.97999954223633,3.0038443435586037,CL=F
2015-05-21,60.720001220703125,2.950155462820514,CL=F
2015-05-22,59.720001220703125,-1.6469037877078319,CL=F
2015-05-26,58.029998779296875,-2.8298767696950056,CL=F
2015-05-27,57.5099983215332,-0.8960890379153152,CL=F
2015-05-28,57.68000030517578,0.29560422292504995,CL=F
2015-05-29,60.29999923706055,4.542300482008943,CL=F
2015-06-01,60.20000076293945,-0.1658349508894097,CL=F
2015-06-02,61.2599983215332,1.7607932643853186,CL=F
2015-06-03,59.63999938964844,-2.6444645384773535,CL=F
2015-06-04,58.0,-2.749831332045738,CL=F
2015-06-05,59.130001068115234,1.9482777036469612,CL=F
2015-06-08,58.13999938964844,-1.6742798251032642,CL=F
2015-06-09,60.13999938964844,3.4399725163328565,CL=F
2015-06-10,61.43000030517578,2.1449965557355677,CL=F
2015-06-11,60.77000045776367,-1.0743933650224968,CL=F
2015-06-12,59.959999084472656,-1.3328967700995564,CL=F
2015-06-15,59.52000045776367,-0.733820269224994,CL=F
2015-06-16,59.970001220703125,0.756049663102365,CL=F
2015-06-17,59.91999816894531,-0.08338010795395645,CL=F
2015-06-18,60.45000076293945,0.8845170397031588,CL=F
2015-06-19,59.61000061035156,-1.3895783986538457,CL=F
2015-06-22,59.68000030517578,0.11742944825949841,CL=F
2015-06-23,61.0099983215332,2.228548943626718,CL=F
2015-06-24,60.27000045776367,-1.2129124473493902,CL=F
2015-06-25,59.70000076293945,-0.9457436377881989,CL=F
2015-06-26,59.630001068115234,-0.1172524186426327,CL=F
2015-06-29,58.33000183105469,-2.180109364035665,CL=F
2015-06-30,59.470001220703125,1.9543962864090103,CL=F
2015-07-01,56.959999084472656,-4.220618941834942,CL=F
2015-07-02,56.93000030517578,-0.05266639708401133,CL=F
2015-07-06,52.529998779296875,-7.728792380629724,CL=F
2015-07-07,52.33000183105469,-0.3807290174943079,CL=F
2015-07-08,51.650001525878906,-1.299446362282075,CL=F
2015-07-09,52.779998779296875,2.1877971346269787,CL=F
2015-07-10,52.7400016784668,-0.07578079150272199,CL=F
2015-07-13,52.20000076293945,-1.023892488323186,CL=F
2015-07-14,53.040000915527344,1.6091956710932998,CL=F
2015-07-15,51.40999984741211,-3.073154298604197,CL=F
2015-07-16,50.90999984741211,-0.9725734321805679,CL=F
2015-07-17,50.88999938964844,-0.03928591204795939,CL=F
2015-07-20,50.150001525878906,-1.4541125420411305,CL=F
2015-07-21,50.36000061035156,0.41874193037518825,CL=F
2015-07-22,49.189998626708984,-2.3232763492105346,CL=F
2015-07-23,48.45000076293945,-1.504366506259125,CL=F
2015-07-24,48.13999938964844,-0.6398377056954452,CL=F
2015-07-27,47.38999938964844,-1.5579559815309674,CL=F
2015-07-28,47.97999954223633,1.244988732193919,CL=F
2015-07-29,48.790000915527344,1.6882062964131084,CL=F
2015-07-30,48.52000045776367,-0.5533930163910794,CL=F
2015-07-31,47.119998931884766,-2.8854111967653417,CL=F
2015-08-03,45.16999816894531,-4.138371831795484,CL=F
2015-08-04,45.7400016784668,1.261907311551247,CL=F
2015-08-05,45.150001525878906,-1.2898997178341753,CL=F
2015-08-06,44.65999984741211,-1.085274998686192,CL=F
2015-08-07,43.869998931884766,-1.7689227904758353,CL=F
2015-08-10,44.959999084472656,2.4846140394949368,CL=F
2015-08-11,43.08000183105469,-4.181488638124198,CL=F
2015-08-12,43.29999923706055,0.5106717656805371,CL=F
2015-08-13,42.22999954223633,-2.471130978469871,CL=F
2015-08-14,42.5,0.6393569990301051,CL=F
2015-08-17,41.869998931884766,-1.482355454388784,CL=F
2015-08-18,42.619998931884766,1.791258703445675,CL=F
2015-08-19,40.79999923706055,-4.2702950268322155,CL=F
2015-08-20,41.13999938964844,0.8333337229061932,CL=F
2015-08-21,40.45000076293945,-1.6771964923329552,CL=F
2015-08-24,38.2400016784668,-5.463532862272458,CL=F
2015-08-25,39.310001373291016,2.7981162339402843,CL=F
2015-08-26,38.599998474121094,-1.8061635064005155,CL=F
2015-08-27,42.560001373291016,10.259075273862672,CL=F
2015-08-28,45.220001220703125,6.249999439805998,CL=F
2015-08-31,49.20000076293945,8.801414053067646,CL=F
2015-09-01,45.40999984741211,-7.70325377389468,CL=F
2015-09-02,46.25,1.8498131587986855,CL=F
2015-09-03,46.75,1.08108108108107,CL=F
2015-09-04,46.04999923706055,-1.497327835164608,CL=F
2015-09-08,45.939998626708984,-0.23887212198482333,CL=F
2015-09-09,44.150001525878906,-3.8963803969062294,CL=F
2015-09-10,45.91999816894531,4.00905228061863,CL=F
2015-09-11,44.630001068115234,-2.809227247971613,CL=F
2015-09-14,44.0,-1.4116089021681044,CL=F
2015-09-15,44.59000015258789,1.3409094376997555,CL=F
2015-09-16,47.150001525878906,5.741200638104149,CL=F
2015-09-17,46.900001525878906,-0.5302226763720941,CL=F
2015-09-18,44.68000030517578,-4.733477928520225,CL=F
2015-09-21,46.68000030517578,4.47627570801139,CL=F
2015-09-22,45.83000183105469,-1.8209050311999375,CL=F
2015-09-23,44.47999954223633,-2.9456736523706395,CL=F
2015-09-24,44.90999984741211,0.9667273147506927,CL=F
2015-09-25,45.70000076293945,1.7590757475205443,CL=F
2015-09-28,44.43000030517578,-2.7789943907256642,CL=F
2015-09-29,45.22999954223633,1.8005834606473092,CL=F
2015-09-30,45.09000015258789,-0.3095277273166941,CL=F
2015-10-01,44.7400016784668,-0.7762219404228721,CL=F
2015-10-02,45.540000915527344,1.7881073022971927,CL=F
2015-10-05,46.2599983215332,1.5810219401211523,CL=F
2015-10-06,48.529998779296875,4.907048292535343,CL=F
2015-10-07,47.810001373291016,-1.4836130725661922,CL=F
2015-10-08,49.43000030517578,3.3884101345995177,CL=F
2015-10-09,49.630001068115234,0.40461412442780453,CL=F
2015-10-12,47.099998474121094,-5.097728268274282,CL=F
2015-10-13,46.65999984741211,-0.9341797048055933,CL=F
2015-10-14,46.63999938964844,-0.04286424738336736,CL=F
2015-10-15,46.380001068115234,-0.5574578150421394,CL=F
2015-10-16,47.2599983215332,1.8973635902370445,CL=F
2015-10-19,45.88999938964844,-2.898855227552022,CL=F
2015-10-20,45.54999923706055,-0.7409024996949287,CL=F
2015-10-21,45.20000076293945,-0.7683830515551993,CL=F
2015-10-22,45.380001068115234,0.39823075694140897,CL=F
2015-10-23,44.599998474121094,-1.7188245386406176,CL=F
2015-10-26,43.97999954223633,-1.3901321818307166,CL=F
2015-10-27,43.20000076293945,-1.7735306671565532,CL=F
2015-10-28,45.939998626708984,6.34258753560053,CL=F
2015-10-29,46.060001373291016,0.2612162607080748,CL=F
2015-10-30,46.59000015258789,1.1506703506183769,CL=F
2015-11-02,46.13999938964844,-0.9658741392265413,CL=F
2015-11-03,47.900001525878906,3.814482356983584,CL=F
2015-11-04,46.31999969482422,-3.298542339713828,CL=F
2015-11-05,45.20000076293945,-2.4179597134365127,CL=F
2015-11-06,44.290000915527344,-2.0132739647169218,CL=F
2015-11-09,43.869998931884766,-0.9482997854157516,CL=F
2015-11-10,44.209999084472656,0.7750174626532269,CL=F
2015-11-11,42.93000030517578,-2.89526986157852,CL=F
2015-11-12,41.75,-2.7486613016248107,CL=F
2015-11-13,40.7400016784668,-2.419157656366955,CL=F
2015-11-16,41.7400016784668,2.454589982328237,CL=F
2015-11-17,40.66999816894531,-2.5634965656301967,CL=F
2015-11-18,40.75,0.19670969918010872,CL=F
2015-11-19,40.540000915527344,-0.5153351766200132,CL=F
2015-11-20,40.38999938964844,-0.37000868892791416,CL=F
2015-11-23,41.75,3.367171653634937,CL=F
2015-11-24,42.869998931884766,2.682632172179078,CL=F
2015-11-25,43.040000915527344,0.3965523393473669,CL=F
2015-11-27,41.709999084472656,-3.09015288746165,CL=F
2015-11-30,41.650001525878906,-0.14384454545837144,CL=F
2015-12-01,41.849998474121094,0.480184732089195,CL=F
2015-12-02,39.939998626708984,-4.563918559263991,CL=F
2015-12-03,41.08000183105469,2.854289543173283,CL=F
2015-12-04,39.970001220703125,-2.7020461559776554,CL=F
2015-12-07,37.650001525878906,-5.804352324168893,CL=F
2015-12-08,37.5099983215332,-0.371854445343045,CL=F
2015-12-09,37.15999984741211,-0.9330804846242047,CL=F
2015-12-10,36.7599983215332,-1.076430375461268,CL=F
2015-12-11,35.619998931884766,-3.101195434442261,CL=F
2015-12-14,36.310001373291016,1.9371208930290207,CL=F
2015-12-15,37.349998474121094,2.8642166386561474,CL=F
2015-12-16,35.52000045776367,-4.899593282782555,CL=F
2015-12-17,34.95000076293945,-1.6047288498827528,CL=F
2015-12-18,34.72999954223633,-0.6294741513608537,CL=F
2015-12-21,34.7400016784668,0.02879970159028744,CL=F
2015-12-22,36.13999938964844,4.029929889293626,CL=F
2015-12-23,37.5,3.7631450838959024,CL=F
2015-12-24,38.099998474121094,1.599995930989584,CL=F
2015-12-28,36.810001373291016,-3.385819297883419,CL=F
2015-12-29,37.869998931884766,2.8796455285189815,CL=F
2015-12-30,36.599998474121094,-3.3535793334665054,CL=F
2015-12-31,37.040000915527344,1.2021925129788391,CL=F
2016-01-04,36.7599983215332,-0.7559465093770035,CL=F
2016-01-05,35.970001220703125,-2.1490672929854737,CL=F
2016-01-06,33.970001220703125,-5.560188857733117,CL=F
2016-01-07,33.27000045776367,-2.060643914586724,CL=F
2016-01-08,33.15999984741211,-0.3306300235589421,CL=F
2016-01-11,31.40999984741211,-5.277442726335158,CL=F
2016-01-12,30.440000534057617,-3.088186303937246,CL=F
2016-01-13,30.479999542236328,0.13140278408982908,CL=F
2016-01-14,31.200000762939453,2.362208764817786,CL=F
2016-01-15,29.420000076293945,-5.705130266406466,CL=F
2016-01-19,28.459999084472656,-3.2630896986123314,CL=F
2016-01-20,26.549999237060547,-6.711173256692671,CL=F
2016-01-21,29.530000686645508,11.22411124375946,CL=F
2016-01-22,32.189998626708984,9.00778150427346,CL=F
2016-01-25,30.34000015258789,-5.7471219417390635,CL=F
2016-01-26,31.450000762939453,3.658538578671977,CL=F
2016-01-27,32.29999923706055,2.7026977853772616,CL=F
2016-01-28,33.220001220703125,2.848303422208698,CL=F
2016-01-29,33.619998931884766,1.204086985199626,CL=F
2016-02-01,31.6200008392334,-5.948834491944599,CL=F
2016-02-02,29.8799991607666,-5.50285146200199,CL=F
2016-02-03,32.279998779296875,8.032127462980498,CL=F
2016-02-04,31.719999313354492,-1.734818733331378,CL=F
2016-02-05,30.889999389648438,-2.6166454655521254,CL=F
2016-02-08,29.690000534057617,-3.8847487190075913,CL=F
2016-02-09,27.940000534057617,-5.894240378987403,CL=F
2016-02-10,27.450000762939453,-1.7537572002580215,CL=F
2016-02-11,26.209999084472656,-4.517310178515322,CL=F
2016-02-12,29.440000534057617,12.323546594469281,CL=F
2016-02-16,29.040000915527344,-1.3586943317733136,CL=F
2016-02-17,30.65999984741211,5.578508542741023,CL=F
2016-02-18,30.770000457763672,0.3587756389400232,CL=F
2016-02-19,29.639999389648438,-3.672411606448711,CL=F
2016-02-22,31.479999542236328,6.207827903095353,CL=F
2016-02-23,31.8700008392334,1.2388859678152508,CL=F
2016-02-24,32.150001525878906,0.8785713187080102,CL=F
2016-02-25,33.06999969482422,2.861580482989301,CL=F
2016-02-26,32.779998779296875,-0.8769305056048449,CL=F
2016-02-29,33.75,2.9591252496194542,CL=F
2016-03-01,34.400001525878906,1.9259304470486072,CL=F
2016-03-02,34.65999984741211,0.7558090406990514,CL=F
2016-03-03,34.56999969482422,-0.25966576163909405,CL=F
2016-03-04,35.91999816894531,3.9051156668746367,CL=F
2016-03-07,37.900001525878906,5.512259069783054,CL=F
2016-03-08,36.5,-3.693935275762339,CL=F
2016-03-09,38.290000915527344,4.904112097335189,CL=F
2016-03-10,37.84000015258789,-1.175243541864135,CL=F
2016-03-11,38.5,1.7441856362333308,CL=F
2016-03-14,37.18000030517578,-3.428570635907058,CL=F
2016-03-15,36.34000015258789,-2.259279574214945,CL=F
2016-03-16,38.459999084472656,5.833789001054246,CL=F
2016-03-17,40.20000076293945,4.524185439123629,CL=F
2016-03-18,39.439998626708984,-1.8905525418077107,CL=F
2016-03-21,39.90999984741211,1.191686706563,CL=F
2016-03-22,41.45000076293945,3.8586843433105145,CL=F
2016-03-23,39.790000915527344,-4.004824648631411,CL=F
2016-03-24,39.459999084472656,-0.8293586917860862,CL=F
2016-03-28,39.38999938964844,-0.1773940609435143,CL=F
2016-03-29,38.279998779296875,-2.8179756982765203,CL=F
2016-03-30,38.31999969482422,0.10449560293344096,CL=F
2016-03-31,38.34000015258789,0.052193261803124,CL=F
2016-04-01,36.790000915527344,-4.042773163515301,CL=F
2016-04-04,35.70000076293945,-2.962761961030158,CL=F
2016-04-05,35.88999938964844,0.5322090270267532,CL=F
2016-04-06,37.75,5.182503878470479,CL=F
2016-04-07,37.2599983215332,-1.2980176913027774,CL=F
2016-04-08,39.720001220703125,6.602262506673928,CL=F
2016-04-11,40.36000061035156,1.6112773665144076,CL=F
2016-04-12,42.16999816894531,4.484632138805078,CL=F
2016-04-13,41.7599983215332,-0.972254838071207,CL=F
2016-04-14,41.5,-0.6226013696919552,CL=F
2016-04-15,40.36000061035156,-2.746986481080571,CL=F
2016-04-18,39.779998779296875,-1.4370709174516882,CL=F
2016-04-19,41.08000183105469,3.2679816280798635,CL=F
2016-04-20,42.630001068115234,3.773123583185467,CL=F
2016-04-21,43.18000030517578,1.2901694189069834,CL=F
2016-04-22,43.72999954223633,1.2737360657096186,CL=F
2016-04-25,42.63999938964844,-2.492568406123863,CL=F
2016-04-26,44.040000915527344,3.2833056893025736,CL=F
2016-04-27,45.33000183105469,2.929157331312693,CL=F
2016-04-28,46.029998779296875,1.5442243987791704,CL=F
2016-04-29,45.91999816894531,-0.23897591411851105,CL=F
2016-05-02,44.779998779296875,-2.4825771670422103,CL=F
2016-05-03,43.650001525878906,-2.523441903130197,CL=F
2016-05-04,43.779998779296875,0.29781729409767976,CL=F
2016-05-05,44.31999969482422,1.2334420524988898,CL=F
2016-05-06,44.65999984741211,0.7671483640095733,CL=F
2016-05-09,43.439998626708984,-2.731753750271948,CL=F
2016-05-10,44.65999984741211,2.8084743537561074,CL=F
2016-05-11,46.22999954223633,3.5154493958539312,CL=F
2016-05-12,46.70000076293945,1.0166585017456597,CL=F
2016-05-13,46.209999084472656,-1.0492541123375276,CL=F
2016-05-16,47.720001220703125,3.267695663594705,CL=F
2016-05-17,48.310001373291016,1.2363791649106615,CL=F
2016-05-18,48.189998626708984,-0.24840145553872706,CL=F
2016-05-19,48.15999984741211,-0.06225104825018368,CL=F
2016-05-20,47.75,-0.8513285895164757,CL=F
2016-05-23,48.08000183105469,0.6911033111092868,CL=F
2016-05-24,48.619998931884766,1.123122047140379,CL=F
2016-05-25,49.560001373291016,1.9333658207668192,CL=F
2016-05-26,49.47999954223633,-0.16142419055259483,CL=F
2016-05-27,49.33000183105469,-0.3031481660657698,CL=F
2016-05-31,49.099998474121094,-0.46625450718876804,CL=F
2016-06-01,49.0099983215332,-0.18329970546806518,CL=F
2016-06-02,49.16999816894531,0.32646368678166393,CL=F
2016-06-03,48.619998931884766,-1.118566722680736,CL=F
2016-06-06,49.689998626708984,2.200739856706413,CL=F
2016-06-07,50.36000061035156,1.3483638602526327,CL=F
2016-06-08,51.22999954223633,1.727559414893931,CL=F
2016-06-09,50.560001373291016,-1.3078238823581056,CL=F
2016-06-10,49.06999969482422,-2.946996910593258,CL=F
2016-06-13,48.880001068115234,-0.38719916016022315,CL=F
2016-06-14,48.4900016784668,-0.7978710743172135,CL=F
2016-06-15,48.0099983215332,-0.9899017123498055,CL=F
2016-06-16,46.209999084472656,-3.749217454675935,CL=F
2016-06-17,47.97999954223633,3.8303408198041344,CL=F
2016-06-20,49.369998931884766,2.897039189058015,CL=F
2016-06-21,48.849998474121094,-1.0532721673360945,CL=F
2016-06-22,49.130001068115234,0.5731885419453464,CL=F
2016-06-23,50.11000061035156,1.99470694266346,CL=F
2016-06-24,47.63999938964844,-4.929158233122988,CL=F
2016-06-27,46.33000183105469,-2.749785002890648,CL=F
2016-06-28,47.849998474121094,3.2808041938119814,CL=F
2016-06-29,49.880001068115234,4.242429798805603,CL=F
2016-06-30,48.33000183105469,-3.107456302865541,CL=F
2016-07-01,48.9900016784668,1.3656110540182675,CL=F
2016-07-05,46.599998474121094,-4.878553015841625,CL=F
2016-07-06,47.43000030517578,1.7811198674515527,CL=F
2016-07-07,45.13999938964844,-4.828169725475306,CL=F
2016-07-08,45.40999984741211,0.5981401449145496,CL=F
2016-07-11,44.7599983215332,-1.4314061397556865,CL=F
2016-07-12,46.79999923706055,4.557642966992548,CL=F
2016-07-13,44.75,-4.380340321538235,CL=F
2016-07-14,45.68000030517578,2.0782129724598475,CL=F
2016-07-15,45.95000076293945,0.5910692993867483,CL=F
2016-07-18,45.2400016784668,-1.5451557620980494,CL=F
2016-07-19,44.650001525878906,-1.3041559033997951,CL=F
2016-07-20,44.939998626708984,0.6494895653295751,CL=F
2016-07-21,44.75,-0.42278289389190427,CL=F
2016-07-22,44.189998626708984,-1.2513997168514313,CL=F
2016-07-25,43.130001068115234,-2.398727294716574,CL=F
2016-07-26,42.91999816894531,-0.48690677943240557,CL=F
2016-07-27,41.91999816894531,-2.329916222418549,CL=F
2016-07-28,41.13999938964844,-1.860684192192319,CL=F
2016-07-29,41.599998474121094,1.1181309948886442,CL=F
2016-08-01,40.060001373291016,-3.701916243550085,CL=F
2016-08-02,39.5099983215332,-1.3729481600180726,CL=F
2016-08-03,40.83000183105469,3.3409353723056867,CL=F
2016-08-04,41.93000030517578,2.6940936193748932,CL=F
2016-08-05,41.79999923706055,-0.31004308888399335,CL=F
2016-08-08,43.02000045776367,2.9186632606955865,CL=F
2016-08-09,42.77000045776367,-0.5811250519289213,CL=F
2016-08-10,41.709999084472656,-2.478375875487282,CL=F
2016-08-11,43.4900016784668,4.267568048585213,CL=F
2016-08-12,44.4900016784668,2.2993790788817803,CL=F
2016-08-15,45.7400016784668,2.809620033359095,CL=F
2016-08-16,46.58000183105469,1.8364672535273296,CL=F
2016-08-17,46.790000915527344,0.45083528599745293,CL=F
2016-08-18,48.220001220703125,3.056209184003733,CL=F
2016-08-19,48.52000045776367,0.6221468881500991,CL=F
2016-08-22,47.04999923706055,-3.029680970392301,CL=F
2016-08-23,48.099998474121094,2.231666852469316,CL=F
2016-08-24,46.77000045776367,-2.7650687287921416,CL=F
2016-08-25,47.33000183105469,1.197351652362566,CL=F
2016-08-26,47.63999938964844,0.654970518911635,CL=F
2016-08-29,46.97999954223633,-1.3853901256672074,CL=F
2016-08-30,46.349998474121094,-1.3409984552018694,CL=F
2016-08-31,44.70000076293945,-3.559865729235989,CL=F
2016-09-01,43.15999984741211,-3.4451921459566326,CL=F
2016-09-02,44.439998626708984,2.9657061719698508,CL=F
2016-09-06,44.83000183105469,0.8775949963943264,CL=F
2016-09-07,45.5,1.4945307641749617,CL=F
2016-09-08,47.619998931884766,4.659338311834649,CL=F
2016-09-09,45.880001068115234,-3.653922517424679,CL=F
2016-09-12,46.290000915527344,0.893635217670119,CL=F
2016-09-13,44.900001525878906,-3.0028070040114874,CL=F
2016-09-14,43.58000183105469,-2.939865590123447,CL=F
2016-09-15,43.90999984741211,0.757223502735771,CL=F
2016-09-16,43.029998779296875,-2.0041017334849753,CL=F
2016-09-19,43.29999923706055,0.6274702891545969,CL=F
2016-09-20,43.439998626708984,0.3233242312129514,CL=F
2016-09-21,45.34000015258789,4.37385263799408,CL=F
2016-09-22,46.31999969482422,2.161445829153563,CL=F
2016-09-23,44.47999954223633,-3.972366504124769,CL=F
2016-09-26,45.93000030517578,3.2598938351215523,CL=F
2016-09-27,44.66999816894531,-2.743309662221971,CL=F
2016-09-28,47.04999923706055,5.327963209476505,CL=F
2016-09-29,47.83000183105469,1.657816379686028,CL=F
2016-09-30,48.2400016784668,0.8572022406779567,CL=F
2016-10-03,48.810001373291016,1.1815913660688127,CL=F
2016-10-04,48.689998626708984,-0.24585688015918983,CL=F
2016-10-05,49.83000183105469,2.341349838774387,CL=F
2016-10-06,50.439998626708984,1.2241556757763172,CL=F
2016-10-07,49.810001373291016,-1.2490033119952781,CL=F
2016-10-11,50.790000915527344,1.9674754370953007,CL=F
2016-10-12,50.18000030517578,-1.201025003653966,CL=F
2016-10-13,50.439998626708984,0.5181313669828436,CL=F
2016-10-14,50.349998474121094,-0.17843012497671396,CL=F
2016-10-17,49.939998626708984,-0.8142996223184373,CL=F
2016-10-18,50.290000915527344,0.7008456116199602,CL=F
2016-10-19,51.599998474121094,2.6048867264770292,CL=F
2016-10-20,50.43000030517578,-2.267438378960618,CL=F
2016-10-21,50.849998474121094,0.8328339607450053,CL=F
2016-10-24,50.52000045776367,-0.6489636701274781,CL=F
2016-10-25,49.959999084472656,-1.108474600587528,CL=F
2016-10-26,49.18000030517578,-1.5612465844485834,CL=F
2016-10-27,49.720001220703125,1.0980091748200138,CL=F
2016-10-28,48.70000076293945,-2.051489204990098,CL=F
2016-10-31,46.86000061035156,-3.7782343403742313,CL=F
2016-11-01,46.66999816894531,-0.40546828623873044,CL=F
2016-11-02,45.34000015258789,-2.8497923045611273,CL=F
2016-11-03,44.65999984741211,-1.499780112234883,CL=F
2016-11-04,44.06999969482422,-1.3210930465824444,CL=F
2016-11-07,44.88999938964844,1.8606755173645295,CL=F
2016-11-08,44.97999954223633,0.2004904295201282,CL=F
2016-11-09,45.27000045776367,0.644733033523126,CL=F
2016-11-10,44.65999984741211,-1.3474720657904227,CL=F
2016-11-14,43.31999969482422,-3.0004481799512095,CL=F
2016-11-15,45.810001373291016,5.7479263527425495,CL=F
2016-11-16,45.56999969482422,-0.5239067261995967,CL=F
2016-11-17,45.41999816894531,-0.32916727426693937,CL=F
2016-11-18,45.689998626708984,0.5944528151660577,CL=F
2016-11-21,47.4900016784668,3.939599706412733,CL=F
2016-11-22,48.029998779296875,1.137075345851013,CL=F
2016-11-23,47.959999084472656,-0.1457416127488842,CL=F
2016-11-25,46.060001373291016,-3.961629998856231,CL=F
2016-11-28,47.08000183105469,2.2145037502216525,CL=F
2016-11-29,45.22999954223633,-3.9294864419441633,CL=F
2016-11-30,49.439998626708984,9.307979498300245,CL=F
2016-12-01,51.060001373291016,3.276704675527342,CL=F
2016-12-02,51.68000030517578,1.2142556114561387,CL=F
2016-12-05,51.790000915527344,0.2128494769775502,CL=F
2016-12-06,50.93000030517578,-1.6605533793179084,CL=F
2016-12-07,49.77000045776367,-2.277635657689603,CL=F
2016-12-08,50.84000015258789,2.1498888587156983,CL=F
2016-12-09,51.5,1.2981900972290017,CL=F
2016-12-12,52.83000183105469,2.5825278272906482,CL=F
2016-12-13,52.97999954223633,0.28392524320048906,CL=F
2016-12-14,51.040000915527344,-3.6617565939433327,CL=F
2016-12-15,50.900001525878906,-0.2742934700964095,CL=F
2016-12-16,51.900001525878906,1.9646364833438623,CL=F
2016-12-19,52.119998931884766,0.4238870896683178,CL=F
2016-12-20,52.22999954223633,0.21105259517621988,CL=F
2016-12-21,52.4900016784668,0.49780229467590864,CL=F
2016-12-22,52.95000076293945,0.8763556291928376,CL=F
2016-12-23,53.02000045776367,0.1321996106055101,CL=F
2016-12-27,53.900001525878906,1.6597530375659808,CL=F
2016-12-28,54.060001373291016,0.29684571963377593,CL=F
2016-12-29,53.77000045776367,-0.5364426714029369,CL=F
2016-12-30,53.720001220703125,-0.09298723569812761,CL=F
2017-01-03,52.33000183105469,-2.587489497510931,CL=F
2017-01-04,53.2599983215332,1.7771764913767196,CL=F
2017-01-05,53.7599983215332,0.9387908669870271,CL=F
2017-01-06,53.9900016784668,0.427833638606101,CL=F
2017-01-09,51.959999084472656,-3.7599602350147365,CL=F
2017-01-10,50.81999969482422,-2.193994245063613,CL=F
2017-01-11,52.25,2.813853431253399,CL=F
2017-01-12,53.0099983215332,1.4545422421688103,CL=F
2017-01-13,52.369998931884766,-1.207318260541168,CL=F
2017-01-17,52.47999954223633,0.21004508801811816,CL=F
2017-01-18,51.08000183105469,-2.6676785887829735,CL=F
2017-01-19,51.369998931884766,0.5677311872251511,CL=F
2017-01-20,52.41999816894531,2.0439931066629224,CL=F
2017-01-23,52.75,0.6295342285040029,CL=F
2017-01-24,53.18000030517578,0.8151664553095461,CL=F
2017-01-25,52.75,-0.8085752213392361,CL=F
2017-01-26,53.779998779296875,1.952604320941953,CL=F
2017-01-27,53.16999816894531,-1.1342518114492606,CL=F
2017-01-30,52.630001068115234,-1.0156048888966707,CL=F
2017-01-31,52.810001373291016,0.34201083321814263,CL=F
2017-02-01,53.880001068115234,2.026130783941582,CL=F
2017-02-02,53.540000915527344,-0.631032193481329,CL=F
2017-02-03,53.83000183105469,0.5416528027051948,CL=F
2017-02-06,53.0099983215332,-1.5233206049203973,CL=F
2017-02-07,52.16999816894531,-1.5846070160064007,CL=F
2017-02-08,52.34000015258789,0.3258615863700909,CL=F
2017-02-09,53.0,1.2609855664654113,CL=F
2017-02-10,53.86000061035156,1.6226426610406852,CL=F
2017-02-13,52.93000030517578,-1.7266993959094812,CL=F
2017-02-14,53.20000076293945,0.5101085513072867,CL=F
2017-02-15,53.11000061035156,-0.16917321672406116,CL=F
2017-02-16,53.36000061035156,0.47072113938420035,CL=F
2017-02-17,53.400001525878906,0.07496423363906324,CL=F
2017-02-21,54.060001373291016,1.2359547351178612,CL=F
2017-02-22,53.59000015258789,-0.8694066014865776,CL=F
2017-02-23,54.45000076293945,1.6047781449950893,CL=F
2017-02-24,53.9900016784668,-0.8448100606561426,CL=F
2017-02-27,54.04999923706055,0.11112716563903557,CL=F
2017-02-28,54.0099983215332,-0.07400724531354541,CL=F
2017-03-01,53.83000183105469,-0.33326512881366455,CL=F
2017-03-02,52.61000061035156,-2.266396394583259,CL=F
2017-03-03,53.33000183105469,1.3685634144650738,CL=F
2017-03-06,53.20000076293945,-0.24376722979884136,CL=F
2017-03-07,53.13999938964844,-0.11278453464387272,CL=F
2017-03-08,50.279998779296875,-5.382010995861409,CL=F
2017-03-09,49.279998779296875,-1.9888624190097515,CL=F
2017-03-10,48.4900016784668,-1.603078572238048,CL=F
2017-03-13,48.400001525878906,-0.18560558769347146,CL=F
2017-03-14,47.720001220703125,-1.4049592639210795,CL=F
2017-03-15,48.86000061035156,2.3889341166945632,CL=F
2017-03-16,48.75,-0.22513427952814968,CL=F
2017-03-17,48.779998779296875,0.061535957532043994,CL=F
2017-03-20,48.220001220703125,-1.1480065039104148,CL=F
2017-03-21,47.34000015258789,-1.8249710614636205,CL=F
2017-03-22,48.040000915527344,1.478666583614685,CL=F
2017-03-23,47.70000076293945,-0.7077438511829737,CL=F
2017-03-24,47.970001220703125,0.5660386864678069,CL=F
2017-03-27,47.72999954223633,-0.5003161816956925,CL=F
2017-03-28,48.369998931884766,1.3408744935815564,CL=F
2017-03-29,49.5099983215332,2.3568315377757276,CL=F
2017-03-30,50.349998474121094,1.696627309766141,CL=F
2017-03-31,50.599998474121094,0.4965243447395462,CL=F
2017-04-03,50.2400016784668,-0.7114561393483321,CL=F
2017-04-04,51.029998779296875,1.5724464061247723,CL=F
2017-04-05,51.150001525878906,0.23516117862560915,CL=F
2017-04-06,51.70000076293945,1.0752672935547825,CL=F
2017-04-07,52.2400016784668,1.0444891828985003,CL=F
2017-04-10,53.08000183105469,1.607963486980779,CL=F
2017-04-11,53.400001525878906,0.6028630063780405,CL=F
2017-04-12,53.11000061035156,-0.5430728600013257,CL=F
2017-04-13,53.18000030517578,0.13180134441681535,CL=F
2017-04-17,52.650001525878906,-0.99661296776129,CL=F
2017-04-18,52.40999984741211,-0.45584363060052757,CL=F
2017-04-19,50.439998626708984,-3.7588269918691797,CL=F
2017-04-20,50.27000045776367,-0.33703047893283156,CL=F
2017-04-21,49.619998931884766,-1.293020727988714,CL=F
2017-04-24,49.22999954223633,-0.7859721846906975,CL=F
2017-04-25,49.560001373291016,0.6703266994174228,CL=F
2017-04-26,49.619998931884766,0.12106044578539255,CL=F
2017-04-27,48.970001220703125,-1.3099510785437918,CL=F
2017-04-28,49.33000183105469,0.7351451937464226,CL=F
2017-05-01,48.84000015258789,-0.9933137244651946,CL=F
2017-05-02,47.65999984741211,-2.416053033352128,CL=F
2017-05-03,47.81999969482422,0.33571096920763654,CL=F
2017-05-04,45.52000045776367,-4.809701488370122,CL=F
2017-05-05,46.220001220703125,1.5377872493409939,CL=F
2017-05-08,46.43000030517578,0.4543467739645868,CL=F
2017-05-09,45.880001068115234,-1.184577285043087,CL=F
2017-05-10,47.33000183105469,3.160420072324599,CL=F
2017-05-11,47.83000183105469,1.0564123825407057,CL=F
2017-05-12,47.84000015258789,0.020903870270627678,CL=F
2017-05-15,48.849998474121094,2.1112004981433286,CL=F
2017-05-16,48.65999984741211,-0.38894295321142414,CL=F
2017-05-17,49.06999969482422,0.8425808645659449,CL=F
2017-05-18,49.349998474121094,0.5706109252868075,CL=F
2017-05-19,50.33000183105469,1.9858224665346258,CL=F
2017-05-22,50.72999954223633,0.7947500429750232,CL=F
2017-05-23,51.470001220703125,1.4587062589083821,CL=F
2017-05-24,51.36000061035156,-0.213717908961919,CL=F
2017-05-25,48.900001525878906,-4.789717786679393,CL=F
2017-05-26,49.79999923706055,1.8404860595052197,CL=F
2017-05-30,49.65999984741211,-0.28112327669325143,CL=F
2017-05-31,48.31999969482422,-2.6983490872034777,CL=F
2017-06-01,48.36000061035156,0.08278335219367161,CL=F
2017-06-02,47.65999984741211,-1.4474788132852412,CL=F
2017-06-05,47.400001525878906,-0.5455273234695968,CL=F
2017-06-06,48.189998626708984,1.6666604966220522,CL=F
2017-06-07,45.720001220703125,-5.125539482038666,CL=F
2017-06-08,45.63999938964844,-0.1749821279936059,CL=F
2017-06-09,45.83000183105469,0.41630684475719715,CL=F
2017-06-12,46.08000183105469,0.5454941959670556,CL=F
2017-06-13,46.459999084472656,0.8246467845447913,CL=F
2017-06-14,44.72999954223633,-3.723632320979764,CL=F
2017-06-15,44.459999084472656,-0.6036227599526933,CL=F
2017-06-16,44.7400016784668,0.6297854245614021,CL=F
2017-06-19,44.20000076293945,-1.2069756264386666,CL=F
2017-06-20,43.22999954223633,-2.1945728596377,CL=F
2017-06-21,42.529998779296875,-1.6192476760392815,CL=F
2017-06-22,42.7400016784668,0.49377593509865036,CL=F
2017-06-23,43.0099983215332,0.6317188405784213,CL=F
2017-06-26,43.380001068115234,0.8602714741255513,CL=F
2017-06-27,44.2400016784668,1.9824817638920633,CL=F
2017-06-28,44.7400016784668,1.1301988721292622,CL=F
2017-06-29,44.93000030517578,0.4246728198055161,CL=F
2017-06-30,46.040000915527344,2.4705110233967487,CL=F
2017-07-03,47.06999969482422,2.237182360588319,CL=F
2017-07-05,45.130001068115234,-4.121518247900702,CL=F
2017-07-06,45.52000045776367,0.864168802167331,CL=F
2017-07-07,44.22999954223633,-2.8339211391798846,CL=F
2017-07-10,44.400001525878906,0.38435899932631745,CL=F
2017-07-11,45.040000915527344,1.4414400172383157,CL=F
2017-07-12,45.4900016784668,0.9991135741391988,CL=F
2017-07-13,46.08000183105469,1.2969886366638095,CL=F
2017-07-14,46.540000915527344,0.9982618624000406,CL=F
2017-07-17,46.02000045776367,-1.1173193973663675,CL=F
2017-07-18,46.400001525878906,0.8257302571389458,CL=F
2017-07-19,47.119998931884766,1.5517184963976582,CL=F
2017-07-20,46.790000915527344,-0.7003353646812593,CL=F
2017-07-21,45.77000045776367,-2.179953917088262,CL=F
2017-07-24,46.34000015258789,1.2453565416723267,CL=F
2017-07-25,47.88999938964844,3.3448408113006645,CL=F
2017-07-26,48.75,1.795783297791087,CL=F
2017-07-27,49.040000915527344,0.5948736728766058,CL=F
2017-07-28,49.709999084472656,1.3662278883301848,CL=F
2017-07-31,50.16999816894531,0.925365304656256,CL=F
2017-08-01,49.15999984741211,-2.0131519999902703,CL=F
2017-08-02,49.59000015258789,0.8746954973768428,CL=F
2017-08-03,49.029998779296875,-1.1292626972532749,CL=F
2017-08-04,49.58000183105469,1.1217684386116256,CL=F
2017-08-07,49.38999938964844,-0.38322394995806697,CL=F
2017-08-08,49.16999816894531,-0.4454367755048705,CL=F
2017-08-09,49.560001373291016,0.7931731113873131,CL=F
2017-08-10,48.59000015258789,-1.957225976240351,CL=F
2017-08-11,48.81999969482422,0.47334748202110255,CL=F
2017-08-14,47.59000015258789,-2.5194583161104123,CL=F
2017-08-15,47.54999923706055,-0.08405319478690387,CL=F
2017-08-16,46.779998779296875,-1.619349043361351,CL=F
2017-08-17,47.09000015258789,0.6626793103470696,CL=F
2017-08-18,48.5099983215332,3.015498331586386,CL=F
2017-08-21,47.369998931884766,-2.3500297445741225,CL=F
2017-08-22,47.63999938964844,0.5699819798432371,CL=F
2017-08-23,48.40999984741211,1.6162898145019255,CL=F
2017-08-24,47.43000030517578,-2.024374189889022,CL=F
2017-08-25,47.869998931884766,0.9276799997426366,CL=F
2017-08-28,46.56999969482422,-2.7156867893612047,CL=F
2017-08-29,46.439998626708984,-0.27915196256632635,CL=F
2017-08-30,45.959999084472656,-1.0335907761208851,CL=F
2017-08-31,47.22999954223633,2.7632734618411536,CL=F
2017-09-01,47.290000915527344,0.12704080853813693,CL=F
2017-09-05,48.65999984741211,2.897016082389081,CL=F
2017-09-06,49.15999984741211,1.0275380221288488,CL=F
2017-09-07,49.09000015258789,-0.14239156843265377,CL=F
2017-09-08,47.47999954223633,-3.2796915977737817,CL=F
2017-09-11,48.06999969482422,1.2426288085008341,CL=F
2017-09-12,48.22999954223633,0.33284761478651337,CL=F
2017-09-13,49.29999923706055,2.218535569106095,CL=F
2017-09-14,49.88999938964844,1.1967548919237458,CL=F
2017-09-15,49.88999938964844,0.0,CL=F
2017-09-18,49.90999984741211,0.04008911206325738,CL=F
2017-09-19,49.47999954223633,-0.8615514055107298,CL=F
2017-09-20,50.40999984741211,1.879547925989633,CL=F
2017-09-21,50.54999923706055,0.27772146413846954,CL=F
2017-09-22,50.65999984741211,0.2176075410717626,CL=F
2017-09-25,52.220001220703125,3.0793552664621693,CL=F
2017-09-26,51.880001068115234,-0.6510918127920151,CL=F
2017-09-27,52.13999938964844,0.5011532694300547,CL=F
2017-09-28,51.560001373291016,-1.1123859285517623,CL=F
2017-09-29,51.66999816894531,0.21333745679703586,CL=F
2017-10-02,50.58000183105469,-2.109534307175054,CL=F
2017-10-03,50.41999816894531,-0.3163377942211443,CL=F
2017-10-04,49.97999954223633,-0.8726668835541296,CL=F
2017-10-05,50.790000915527344,1.6206510218282677,CL=F
2017-10-06,49.290000915527344,-2.9533372178802697,CL=F
2017-10-09,49.58000183105469,0.5883564823306431,CL=F
2017-10-10,50.91999816894531,2.7026952166252505,CL=F
2017-10-11,51.29999923706055,0.7462707811858982,CL=F
2017-10-12,50.599998474121094,-1.364523924658756,CL=F
2017-10-13,51.45000076293945,1.6798464712466155,CL=F
2017-10-16,51.869998931884766,0.8163229596059418,CL=F
2017-10-17,51.880001068115234,0.019283085476073936,CL=F
2017-10-18,52.040000915527344,0.30840370878566503,CL=F
2017-10-19,51.290000915527344,-1.4411990522779194,CL=F
2017-10-20,51.470001220703125,0.3509461921676227,CL=F
2017-10-23,51.900001525878906,0.8354386923985935,CL=F
2017-10-24,52.470001220703125,1.0982652756570621,CL=F
2017-10-25,52.18000030517578,-0.5526985111121374,CL=F
2017-10-26,52.63999938964844,0.881562057842733,CL=F
2017-10-27,53.900001525878906,2.3936211072187907,CL=F
2017-10-30,54.150001525878906,0.4638218792627935,CL=F
2017-10-31,54.380001068115234,0.4247452183845368,CL=F
2017-11-01,54.29999923706055,-0.14711627341543743,CL=F
2017-11-02,54.540000915527344,0.44199204758550437,CL=F
2017-11-03,55.63999938964844,2.0168655219217735,CL=F
2017-11-06,57.349998474121094,3.0733269288834464,CL=F
2017-11-07,57.20000076293945,-0.26154789044907645,CL=F
2017-11-08,56.810001373291016,-0.6818171056758526,CL=F
2017-11-09,57.16999816894531,0.6336855957612242,CL=F
2017-11-10,56.7400016784668,-0.7521366175451294,CL=F
2017-11-13,56.7599983215332,0.035242584552119816,CL=F
2017-11-14,55.70000076293945,-1.8675080865737326,CL=F
2017-11-15,55.33000183105469,-0.6642709637644129,CL=F
2017-11-16,55.13999938964844,-0.3433985814538798,CL=F
2017-11-17,56.54999923706055,2.5571270638730104,CL=F
2017-11-20,56.09000015258789,-0.813437826133856,CL=F
2017-11-21,56.83000183105469,1.3193112434546128,CL=F
2017-11-22,58.02000045776367,2.0939619714365643,CL=F
2017-11-24,58.95000076293945,1.6028960665948055,CL=F
2017-11-27,58.11000061035156,-1.424936627169615,CL=F
2017-11-28,57.9900016784668,-0.20650306423054543,CL=F
2017-11-29,57.29999923706055,-1.1898644963524219,CL=F
2017-11-30,57.400001525878906,0.17452406657918473,CL=F
2017-12-01,58.36000061035156,1.6724722281406867,CL=F
2017-12-04,57.470001220703125,-1.5250160732359075,CL=F
2017-12-05,57.619998931884766,0.26100175395089575,CL=F
2017-12-06,55.959999084472656,-2.880943905213307,CL=F
2017-12-07,56.689998626708984,1.3045024199060062,CL=F
2017-12-08,57.36000061035156,1.1818698180862341,CL=F
2017-12-11,57.9900016784668,1.0983282102712266,CL=F
2017-12-12,57.13999938964844,-1.4657738648315766,CL=F
2017-12-13,56.599998474121094,-0.9450488647102961,CL=F
2017-12-14,57.040000915527344,0.7773894934068437,CL=F
2017-12-15,57.29999923706055,0.45581752692858135,CL=F
2017-12-18,57.15999984741211,-0.24432703579844173,CL=F
2017-12-19,57.459999084472656,0.5248412138932679,CL=F
2017-12-20,58.09000015258789,1.0964167736742692,CL=F
2017-12-21,58.36000061035156,0.4647967930012875,CL=F
2017-12-22,58.470001220703125,0.18848630774697117,CL=F
2017-12-26,59.970001220703125,2.5654181096012696,CL=F
2017-12-27,59.63999938964844,-0.5502781796521972,CL=F
2017-12-28,59.84000015258789,0.33534668844106275,CL=F
2017-12-29,60.41999816894531,0.9692480195161446,CL=F
2018-01-02,60.369998931884766,-0.08275279472987895,CL=F
2018-01-03,61.630001068115234,2.087132944382075,CL=F
2018-01-04,62.0099983215332,0.6165783657832158,CL=F
2018-01-05,61.439998626708984,-0.9192061123250883,CL=F
2018-01-08,61.72999954223633,0.47200670899962827,CL=F
2018-01-09,62.959999084472656,1.9925474669649779,CL=F
2018-01-10,63.56999969482422,0.9688701067691152,CL=F
2018-01-11,63.79999923706055,0.36180516492130277,CL=F
2018-01-12,64.30000305175781,0.7837050480822283,CL=F
2018-01-16,63.72999954223633,-0.8864750893754492,CL=F
2018-01-17,63.970001220703125,0.3765913701407442,CL=F
2018-01-18,63.95000076293945,-0.03126537030172516,CL=F
2018-01-19,63.369998931884766,-0.9069614138156656,CL=F
2018-01-22,63.4900016784668,0.1893683897817633,CL=F
2018-01-23,64.47000122070312,1.543549403572797,CL=F
2018-01-24,65.61000061035156,1.7682633287780192,CL=F
2018-01-25,65.51000213623047,-0.15241346317761417,CL=F
2018-01-26,66.13999938964844,0.9616810149202459,CL=F
2018-01-29,65.55999755859375,-0.8769305056048449,CL=F
2018-01-30,64.5,-1.6168358725858534,CL=F
2018-01-31,64.7300033569336,0.35659435183503785,CL=F
2018-02-01,65.80000305175781,1.6530196807252429,CL=F
2018-02-02,65.44999694824219,-0.5319241448063616,CL=F
2018-02-05,64.1500015258789,-1.986242143588357,CL=F
2018-02-06,63.38999938964844,-1.184726606629738,CL=F
2018-02-07,61.790000915527344,-2.5240550394805217,CL=F
2018-02-08,61.150001525878906,-1.0357653020969804,CL=F
2018-02-09,59.20000076293945,-3.188880971841357,CL=F
2018-02-12,59.290000915527344,0.1520272828176017,CL=F
2018-02-13,59.189998626708984,-0.16866636409879066,CL=F
2018-02-14,60.599998474121094,2.3821589459808834,CL=F
2018-02-15,61.34000015258789,1.22112491270574,CL=F
2018-02-16,61.68000030517578,0.5542878248159688,CL=F
2018-02-20,61.900001525878906,0.3566816141611806,CL=F
2018-02-21,61.68000030517578,-0.35541391806128697,CL=F
2018-02-22,62.77000045776367,1.7671857120539425,CL=F
2018-02-23,63.54999923706055,1.242629876706336,CL=F
2018-02-26,63.90999984741211,0.5664840514138403,CL=F
2018-02-27,63.0099983215332,-1.408232714798463,CL=F
2018-02-28,61.63999938964844,-2.17425641704323,CL=F
2018-03-01,60.9900016784668,-1.0545063556421708,CL=F
2018-03-02,61.25,0.4262966295752735,CL=F
2018-03-05,62.56999969482422,2.155101542570148,CL=F
2018-03-06,62.599998474121094,0.04794434943773407,CL=F
2018-03-07,61.150001525878906,-2.316289111159675,CL=F
2018-03-08,60.119998931884766,-1.6843868655640803,CL=F
2018-03-09,62.040000915527344,3.193616130662136,CL=F
2018-03-12,61.36000061035156,-1.096067529240785,CL=F
2018-03-13,60.709999084472656,-1.0593245101259807,CL=F
2018-03-14,60.959999084472656,0.4117937798881366,CL=F
2018-03-15,61.189998626708984,0.3772958426682571,CL=F
2018-03-16,62.34000015258789,1.8793945933787581,CL=F
2018-03-19,62.060001373291016,-0.44914786431108356,CL=F
2018-03-20,63.400001525878906,2.1592009715368565,CL=F
2018-03-21,65.16999816894531,2.791792745216126,CL=F
2018-03-22,64.30000305175781,-1.334962623341096,CL=F
2018-03-23,65.87999725341797,2.457222592024366,CL=F
2018-03-26,65.55000305175781,-0.5009019663294478,CL=F
2018-03-27,65.25,-0.4576705382010937,CL=F
2018-03-28,64.37999725341797,-1.3333375426544558,CL=F
2018-03-29,64.94000244140625,0.8698434480882922,CL=F
2018-04-02,63.0099983215332,-2.9719803623574514,CL=F
2018-04-03,63.5099983215332,0.7935248584653998,CL=F
2018-04-04,63.369998931884766,-0.220436771135879,CL=F
2018-04-05,63.540000915527344,0.2682688756635576,CL=F
2018-04-06,62.060001373291016,-2.3292406687307143,CL=F
2018-04-09,63.41999816894531,2.1914224388651204,CL=F
2018-04-10,65.51000213623047,3.2954967323044926,CL=F
2018-04-11,66.81999969482422,1.9996909111215766,CL=F
2018-04-12,67.06999969482422,0.3741394809065879,CL=F
2018-04-13,67.38999938964844,0.47711301070560985,CL=F
2018-04-16,66.22000122070312,-1.7361599340287803,CL=F
2018-04-17,66.5199966430664,0.45302841563448215,CL=F
2018-04-18,68.47000122070312,2.9314562177446657,CL=F
2018-04-19,68.29000091552734,-0.26288929745389433,CL=F
2018-04-20,68.37999725341797,0.13178552743313698,CL=F
2018-04-23,68.63999938964844,0.3802312762120952,CL=F
2018-04-24,67.69999694824219,-1.3694674384685523,CL=F
2018-04-25,68.05000305175781,0.5169957448937668,CL=F
2018-04-26,68.19000244140625,0.20573017394569515,CL=F
2018-04-27,68.0999984741211,-0.13198997516167266,CL=F
2018-04-30,68.56999969482422,0.6901633351456438,CL=F
2018-05-01,67.25,-1.9250396685124294,CL=F
2018-05-02,67.93000030517578,1.0111528701498562,CL=F
2018-05-03,68.43000030517578,0.7360518147412787,CL=F
2018-05-04,69.72000122070312,1.8851394268220911,CL=F
2018-05-07,70.7300033569336,1.4486547885064427,CL=F
2018-05-08,69.05999755859375,-2.36109956041185,CL=F
2018-05-09,71.13999938964844,3.011876490858434,CL=F
2018-05-10,71.36000061035156,0.309251086014406,CL=F
2018-05-11,70.69999694824219,-0.9248930163456737,CL=F
2018-05-14,70.95999908447266,0.3677540982368166,CL=F
2018-05-15,71.30999755859375,0.4932334817316475,CL=F
2018-05-16,71.48999786376953,0.2524194521642986,CL=F
2018-05-17,71.48999786376953,0.0,CL=F
2018-05-18,71.27999877929688,-0.2937461053962087,CL=F
2018-05-21,72.23999786376953,1.346800085456068,CL=F
2018-05-22,72.12999725341797,-0.15227105980678557,CL=F
2018-05-23,71.83999633789062,-0.4020531354083756,CL=F
2018-05-24,70.70999908447266,-1.572936123358315,CL=F
2018-05-25,67.87999725341797,-4.002265404746885,CL=F
2018-05-29,66.7300033569336,-1.6941572525276838,CL=F
2018-05-30,68.20999908447266,2.2178864874660364,CL=F
2018-05-31,67.04000091552734,-1.7152883516335482,CL=F
2018-06-01,65.80999755859375,-1.834730519296146,CL=F
2018-06-04,64.75,-1.6106938123648828,CL=F
2018-06-05,65.5199966430664,1.189184004735755,CL=F
2018-06-06,64.7300033569336,-1.2057285204644663,CL=F
2018-06-07,65.94999694824219,1.884742048569521,CL=F
2018-06-08,65.73999786376953,-0.3184216742837198,CL=F
2018-06-11,66.0999984741211,0.5476127503039718,CL=F
2018-06-12,66.36000061035156,0.39334665995833795,CL=F
2018-06-13,66.63999938964844,0.4219390848727578,CL=F
2018-06-14,66.88999938964844,0.3751500634599836,CL=F
2018-06-15,65.05999755859375,-2.7358377152831737,CL=F
2018-06-18,65.8499984741211,1.214265209302945,CL=F
2018-06-19,65.06999969482422,-1.1845084242536608,CL=F
2018-06-20,66.22000122070312,1.7673298467379306,CL=F
2018-06-21,65.54000091552734,-1.0268805385693414,CL=F
2018-06-22,68.58000183105469,4.6383901023216545,CL=F
2018-06-25,68.08000183105469,-0.7290755127591586,CL=F
2018-06-26,70.52999877929688,3.598702823660349,CL=F
2018-06-27,72.76000213623047,3.16177994545519,CL=F
2018-06-28,73.44999694824219,0.9483160964176784,CL=F
2018-06-29,74.1500015258789,0.9530355435276361,CL=F
2018-07-02,73.94000244140625,-0.2832084695229109,CL=F
2018-07-03,74.13999938964844,0.27048544987631207,CL=F
2018-07-05,72.94000244140625,-1.6185553791759677,CL=F
2018-07-06,73.80000305175781,1.179052072341813,CL=F
2018-07-09,73.8499984741211,0.06774447194564104,CL=F
2018-07-10,74.11000061035156,0.3520678965505786,CL=F
2018-07-11,70.37999725341797,-5.033063454613695,CL=F
2018-07-12,70.33000183105469,-0.07103640851712223,CL=F
2018-07-13,71.01000213623047,0.9668708765417922,CL=F
2018-07-16,68.05999755859375,-4.154350780017202,CL=F
2018-07-17,68.08000183105469,0.029392114573201233,CL=F
2018-07-18,68.76000213623047,0.9988253332648966,CL=F
2018-07-19,69.45999908447266,1.0180292706438943,CL=F
2018-07-20,70.45999908447266,1.4396775312131238,CL=F
2018-07-23,67.88999938964844,-3.6474591657929434,CL=F
2018-07-24,68.5199966430664,0.9279676816642102,CL=F
2018-07-25,69.30000305175781,1.1383631741177735,CL=F
2018-07-26,69.61000061035156,0.4473269046788131,CL=F
2018-07-27,68.69000244140625,-1.321646546298838,CL=F
2018-07-30,70.12999725341797,2.0963673909315306,CL=F
2018-07-31,68.76000213623047,-1.953508014889771,CL=F
2018-08-01,67.66000366210938,-1.5997650377347683,CL=F
2018-08-02,68.95999908447266,1.921364694059724,CL=F
2018-08-03,68.48999786376953,-0.6815563035715733,CL=F
2018-08-06,69.01000213623047,0.7592411865674942,CL=F
2018-08-07,69.16999816894531,0.2318447004232782,CL=F
2018-08-08,66.94000244140625,-3.223934923479943,CL=F
2018-08-09,66.80999755859375,-0.19421105179416864,CL=F
2018-08-10,67.62999725341797,1.2273607615463034,CL=F
2018-08-13,67.19999694824219,-0.635812986306239,CL=F
2018-08-14,67.04000091552734,-0.2380893452094579,CL=F
2018-08-15,65.01000213623047,-3.0280410972170824,CL=F
2018-08-16,65.45999908447266,0.6921964827800053,CL=F
2018-08-17,65.91000366210938,0.6874497157508541,CL=F
2018-08-20,66.43000030517578,0.7889494980643397,CL=F
2018-08-21,67.3499984741211,1.3849136906802562,CL=F
2018-08-22,67.86000061035156,0.7572414963400886,CL=F
2018-08-23,67.83000183105469,-0.04420686564553522,CL=F
2018-08-24,68.72000122070312,1.3121028536386747,CL=F
2018-08-27,68.87000274658203,0.21827928290798493,CL=F
2018-08-28,68.52999877929688,-0.49368949284966934,CL=F
2018-08-29,69.51000213623047,1.4300355674742304,CL=F
2018-08-30,70.25,1.0645919163104534,CL=F
2018-08-31,69.80000305175781,-0.640565050878561,CL=F
2018-09-04,69.87000274658203,0.10028609135204203,CL=F
2018-09-05,68.72000122070312,-1.645915959170563,CL=F
2018-09-06,67.7699966430664,-1.382428056986873,CL=F
2018-09-07,67.75,-0.029506631336762013,CL=F
2018-09-10,67.54000091552734,-0.3099617482991257,CL=F
2018-09-11,69.25,2.531831598005696,CL=F
2018-09-12,70.37000274658203,1.617332486039036,CL=F
2018-09-13,68.58999633789062,-2.5294960057080096,CL=F
2018-09-14,68.98999786376953,0.5831776457727145,CL=F
2018-09-17,68.91000366210938,-0.11595043359490242,CL=F
2018-09-18,69.8499984741211,1.3640904978337476,CL=F
2018-09-19,71.12000274658203,1.8181879745229557,CL=F
2018-09-20,70.80000305175781,-0.44994331055421277,CL=F
2018-09-21,70.77999877929688,-0.02825462090207953,CL=F
2018-09-24,72.08000183105469,1.8366813706954588,CL=F
2018-09-25,72.27999877929688,0.2774652374606612,CL=F
2018-09-26,71.56999969482422,-0.9822898401542601,CL=F
2018-09-27,72.12000274658203,0.7684826800377742,CL=F
2018-09-28,73.25,1.5668291879973983,CL=F
2018-10-01,75.30000305175781,2.7986389785089605,CL=F
2018-10-02,75.2300033569336,-0.09296107833635103,CL=F
2018-10-03,76.41000366210938,1.5685235311996282,CL=F
2018-10-04,74.33000183105469,-2.72215905165063,CL=F
2018-10-05,74.33999633789062,0.013446127525540419,CL=F
2018-10-08,74.29000091552734,-0.0672523874443609,CL=F
2018-10-09,74.95999908447266,0.9018685700477258,CL=F
2018-10-10,73.16999816894531,-2.3879414853116288,CL=F
2018-10-11,70.97000122070312,-3.0066926380980963,CL=F
2018-10-12,71.33999633789062,0.5213401589734934,CL=F
2018-10-15,71.77999877929688,0.6167682422105081,CL=F
2018-10-16,71.91999816894531,0.19503955423416652,CL=F
2018-10-17,69.75,-3.0172389101676966,CL=F
2018-10-18,68.6500015258789,-1.5770587442596296,CL=F
2018-10-19,69.12000274658203,0.6846339552169622,CL=F
2018-10-22,69.16999816894531,0.07233133735047304,CL=F
2018-10-23,66.43000030517578,-3.9612518957672704,CL=F
2018-10-24,66.81999969482422,0.5870832272419024,CL=F
2018-10-25,67.33000183105469,0.7632477380420832,CL=F
2018-10-26,67.58999633789062,0.38614956151095114,CL=F
2018-10-29,67.04000091552734,-0.8137231131272515,CL=F
2018-10-30,66.18000030517578,-1.28281712202718,CL=F
2018-10-31,65.30999755859375,-1.3146006989576686,CL=F
2018-11-01,63.689998626708984,-2.480476178905633,CL=F
2018-11-02,63.13999938964844,-0.8635566791014182,CL=F
2018-11-05,63.099998474121094,-0.06335273347167769,CL=F
2018-11-06,62.209999084472656,-1.4104586547865727,CL=F
2018-11-07,61.66999816894531,-0.8680291327349154,CL=F
2018-11-08,60.66999816894531,-1.621534019281945,CL=F
2018-11-09,60.189998626708984,-0.7911645899505215,CL=F
2018-11-12,59.93000030517578,-0.431962664006158,CL=F
2018-11-13,55.689998626708984,-7.074923505549546,CL=F
2018-11-14,56.25,1.0055690197529277,CL=F
2018-11-15,56.459999084472656,0.37333170572917407,CL=F
2018-11-16,56.459999084472656,0.0,CL=F
2018-11-19,56.7599983215332,0.5313482853793516,CL=F
2018-11-20,53.43000030517578,-5.866804289693062,CL=F
2018-11-21,54.630001068115234,2.2459306683238145,CL=F
2018-11-23,50.41999816894531,-7.706393587510085,CL=F
2018-11-26,51.630001068115234,2.399847169996905,CL=F
2018-11-27,51.560001373291016,-0.13557949520836,CL=F
2018-11-28,50.290000915527344,-2.4631505506932605,CL=F
2018-11-29,51.45000076293945,2.306621249342533,CL=F
2018-11-30,50.93000030517578,-1.0106908650198476,CL=F
2018-12-03,52.95000076293945,3.9662290313365434,CL=F
2018-12-04,53.25,0.5665707889290994,CL=F
2018-12-06,51.4900016784668,-3.3051611671985004,CL=F
2018-12-07,52.61000061035156,2.175177501214076,CL=F
2018-12-10,51.0,-3.0602558290690807,CL=F
2018-12-11,51.650001525878906,1.2745127958409874,CL=F
2018-12-12,51.150001525878906,-0.9680541824369171,CL=F
2018-12-13,52.58000183105469,2.795699437960497,CL=F
2018-12-14,51.20000076293945,-2.62457402065015,CL=F
2018-12-17,49.880001068115234,-2.578124365536505,CL=F
2018-12-18,46.2400016784668,-7.297512653774241,CL=F
2018-12-19,47.20000076293945,2.0761225121661564,CL=F
2018-12-20,45.880001068115234,-2.7966094777283512,CL=F
2018-12-21,45.59000015258789,-0.6320856773669115,CL=F
2018-12-24,42.529998779296875,-6.712001235028109,CL=F
2018-12-26,46.220001220703125,8.676234534016736,CL=F
2018-12-27,44.61000061035156,-3.4833417737565986,CL=F
2018-12-28,45.33000183105469,1.6139906093972423,CL=F
2018-12-31,45.40999984741211,0.17647918183540945,CL=F
2019-01-02,46.540000915527344,2.4884410304168547,CL=F
2019-01-03,47.09000015258789,1.1817774521724278,CL=F
2019-01-04,47.959999084472656,1.8475237397869382,CL=F
2019-01-07,48.52000045776367,1.1676425854485029,CL=F
2019-01-08,49.779998779296875,2.596863787398407,CL=F
2019-01-09,52.36000061035156,5.18280814447849,CL=F
2019-01-10,52.59000015258789,0.4392657363545993,CL=F
2019-01-11,51.59000015258789,-1.9015021812103794,CL=F
2019-01-14,50.5099983215332,-2.0934325021522815,CL=F
2019-01-15,52.11000061035156,3.1676942031024558,CL=F
2019-01-16,52.310001373291016,0.38380495221050914,CL=F
2019-01-17,52.06999969482422,-0.45880648473723973,CL=F
2019-01-18,53.79999923706055,3.3224496876812726,CL=F
2019-01-22,52.56999969482422,-2.286244534719317,CL=F
2019-01-23,52.619998931884766,0.09510982946698832,CL=F
2019-01-24,53.130001068115234,0.9692173063147624,CL=F
2019-01-25,53.689998626708984,1.0540138289773626,CL=F
2019-01-28,51.9900016784668,-3.166319597178191,CL=F
2019-01-29,53.310001373291016,2.5389491290802146,CL=F
2019-01-30,54.22999954223633,1.7257515386338795,CL=F
2019-01-31,53.790000915527344,-0.8113565008723622,CL=F
2019-02-01,55.2599983215332,2.7328451031528367,CL=F
2019-02-04,54.560001373291016,-1.266733567687095,CL=F
2019-02-05,53.65999984741211,-1.6495628724809475,CL=F
2019-02-06,54.0099983215332,0.6522520967505718,CL=F
2019-02-07,52.63999938964844,-2.5365654035552243,CL=F
2019-02-08,52.720001220703125,0.15197916410010226,CL=F
2019-02-11,52.40999984741211,-0.5880147308670369,CL=F
2019-02-12,53.099998474121094,1.3165400280821693,CL=F
2019-02-13,53.900001525878906,1.5065971275831647,CL=F
2019-02-14,54.40999984741211,0.9461935196575899,CL=F
2019-02-15,55.59000015258789,2.168719552444376,CL=F
2019-02-19,56.09000015258789,0.8994423432767684,CL=F
2019-02-20,56.91999816894531,1.4797611233722252,CL=F
2019-02-21,56.959999084472656,0.07027567957507141,CL=F
2019-02-22,57.2599983215332,0.5266840622936808,CL=F
2019-02-25,55.47999954223633,-3.108625273269505,CL=F
2019-02-26,55.5,0.036049852070463295,CL=F
2019-02-27,56.939998626708984,2.5945921201963706,CL=F
2019-02-28,57.220001220703125,0.49175026474763683,CL=F
2019-03-01,55.79999923706055,-2.48165318655883,CL=F
2019-03-04,56.59000015258789,1.4157722694065011,CL=F
2019-03-05,56.560001373291016,-0.05301074256226501,CL=F
2019-03-06,56.220001220703125,-0.6011317969105368,CL=F
2019-03-07,56.65999984741211,0.7826371703224977,CL=F
2019-03-08,56.06999969482422,-1.0412992484588601,CL=F
2019-03-11,56.790000915527344,1.2841113333724286,CL=F
2019-03-12,56.869998931884766,0.14086637624186604,CL=F
2019-03-13,58.2599983215332,2.444169888790193,CL=F
2019-03-14,58.61000061035156,0.6007591810880619,CL=F
2019-03-15,58.52000045776367,-0.153557672156035,CL=F
2019-03-18,59.09000015258789,0.9740254449170926,CL=F
2019-03-19,59.029998779296875,-0.10154234749716329,CL=F
2019-03-20,59.83000183105469,1.355248294598299,CL=F
2019-03-21,59.97999954223633,0.25070651277130374,CL=F
2019-03-22,59.040000915527344,-1.567186785400132,CL=F
2019-03-25,58.81999969482422,-0.3726307880955071,CL=F
2019-03-26,59.939998626708984,1.9041124408290644,CL=F
2019-03-27,59.40999984741211,-0.8842155346008185,CL=F
2019-03-28,59.29999923706055,-0.18515504230615099,CL=F
2019-03-29,60.13999938964844,1.4165264138197742,CL=F
2019-04-01,61.59000015258789,2.411042197630997,CL=F
2019-04-02,62.58000183105469,1.607406520561927,CL=F
2019-04-03,62.459999084472656,-0.19175893747335193,CL=F
2019-04-04,62.099998474121094,-0.5763698617169188,CL=F
2019-04-05,63.08000183105469,1.5781052834356935,CL=F
2019-04-08,64.4000015258789,2.0925803051806025,CL=F
2019-04-09,63.97999954223633,-0.6521769777812825,CL=F
2019-04-10,64.61000061035156,0.984684389844892,CL=F
2019-04-11,63.58000183105469,-1.5941785630193217,CL=F
2019-04-12,63.88999938964844,0.4875708550897473,CL=F
2019-04-15,63.400001525878906,-0.7669398473165723,CL=F
2019-04-16,64.05000305175781,1.0252389751340685,CL=F
2019-04-17,63.7599983215332,-0.4527786360763453,CL=F
2019-04-18,64.0,0.3764141856724912,CL=F
2019-04-22,65.69999694824219,2.656245231628418,CL=F
2019-04-23,66.30000305175781,0.913251341530974,CL=F
2019-04-24,65.88999938964844,-0.6184067017150796,CL=F
2019-04-25,65.20999908447266,-1.0320235414702617,CL=F
2019-04-26,63.29999923706055,-2.928998426971152,CL=F
2019-04-29,63.5,0.3159569752764879,CL=F
2019-04-30,63.90999984741211,0.6456690510426855,CL=F
2019-05-01,63.599998474121094,-0.485059261510179,CL=F
2019-05-02,61.810001373291016,-2.814460917885764,CL=F
2019-05-03,61.939998626708984,0.21031750611502087,CL=F
2019-05-06,62.25,0.5004865679111292,CL=F
2019-05-07,61.400001525878906,-1.365459396178459,CL=F
2019-05-08,62.119998931884766,1.1726341825942788,CL=F
2019-05-09,61.70000076293945,-0.6761078173968538,CL=F
2019-05-10,61.65999984741211,-0.06483130475318788,CL=F
2019-05-13,61.040000915527344,-1.0055123798557553,CL=F
2019-05-14,61.779998779296875,1.2123162723958858,CL=F
2019-05-15,62.02000045776367,0.38847795922460904,CL=F
2019-05-16,62.869998931884766,1.3705231664742579,CL=F
2019-05-17,62.7599983215332,-0.1749651856535639,CL=F
2019-05-20,63.099998474121094,0.5417465928631682,CL=F
2019-05-21,62.9900016784668,-0.1743213919401465,CL=F
2019-05-22,61.41999816894531,-2.4924646256331062,CL=F
2019-05-23,57.90999984741211,-5.714748333072894,CL=F
2019-05-24,58.630001068115234,1.2433106934903515,CL=F
2019-05-28,59.13999938964844,0.8698589668123979,CL=F
2019-05-29,58.810001373291016,-0.5579946225281573,CL=F
2019-05-30,56.59000015258789,-3.774870207215053,CL=F
2019-05-31,53.5,-5.460328934893255,CL=F
2019-06-03,53.25,-0.4672897196261627,CL=F
2019-06-04,53.47999954223633,0.43192402297902444,CL=F
2019-06-05,51.68000030517578,-3.3657428056613536,CL=F
2019-06-06,52.59000015258789,1.760835607659561,CL=F
2019-06-07,53.9900016784668,2.6621059551565907,CL=F
2019-06-10,53.2599983215332,-1.3521084168159003,CL=F
2019-06-11,53.27000045776367,0.018779828287041056,CL=F
2019-06-12,51.13999938964844,-3.9985001873691584,CL=F
2019-06-13,52.279998779296875,2.2291736473489143,CL=F
2019-06-14,52.5099983215332,0.439937925796996,CL=F
2019-06-17,51.93000030517578,-1.1045477716566166,CL=F
2019-06-18,53.900001525878906,3.7935705933488606,CL=F
2019-06-19,53.7599983215332,-0.2597461973697368,CL=F
2019-06-20,56.650001525878906,5.3757501759224,CL=F
2019-06-21,57.43000030517578,1.3768733597307126,CL=F
2019-06-24,57.900001525878906,0.8183897234992132,CL=F
2019-06-25,57.83000183105469,-0.12089756991272571,CL=F
2019-06-26,59.380001068115234,2.6802683520376513,CL=F
2019-06-27,59.43000030517578,0.08420214914308666,CL=F
2019-06-28,58.470001220703125,-1.6153442361484416,CL=F
2019-07-01,59.09000015258789,1.0603709918604043,CL=F
2019-07-02,56.25,-4.806228033938343,CL=F
2019-07-03,57.34000015258789,1.9377780490451357,CL=F
2019-07-05,57.5099983215332,0.2964739597016486,CL=F
2019-07-08,57.65999984741211,0.26082686533959176,CL=F
2019-07-09,57.83000183105469,0.294835213479816,CL=F
2019-07-10,60.43000030517578,4.495933584295497,CL=F
2019-07-11,60.20000076293945,-0.38060490000796365,CL=F
2019-07-12,60.209999084472656,0.01660850731974861,CL=F
2019-07-15,59.58000183105469,-1.0463332718774865,CL=F
2019-07-16,57.619998931884766,-3.2896992932758162,CL=F
2019-07-17,56.779998779296875,-1.4578274351946696,CL=F
2019-07-18,55.29999923706055,-2.6065508525089376,CL=F
2019-07-19,55.630001068115234,0.5967483464873746,CL=F
2019-07-22,56.220001220703125,1.0605790783025038,CL=F
2019-07-23,56.77000045776367,0.9782981592288076,CL=F
2019-07-24,55.880001068115234,-1.5677283467886993,CL=F
2019-07-25,56.02000045776367,0.25053576766718155,CL=F
2019-07-26,56.20000076293945,0.3213143586306977,CL=F
2019-07-29,56.869998931884766,1.1921675442167157,CL=F
2019-07-30,58.04999923706055,2.074908259782293,CL=F
2019-07-31,58.58000183105469,0.9130105098360985,CL=F
2019-08-01,53.95000076293945,-7.903722982918648,CL=F
2019-08-02,55.65999984741211,3.1695997410389865,CL=F
2019-08-05,54.689998626708984,-1.742725877402651,CL=F
2019-08-06,53.630001068115234,-1.9381926955764794,CL=F
2019-08-07,51.09000015258789,-4.736156749841003,CL=F
2019-08-08,52.540000915527344,2.8381302771752104,CL=F
2019-08-09,54.5,3.7304892468957185,CL=F
2019-08-12,54.93000030517578,0.7889913856436337,CL=F
2019-08-13,57.099998474121094,3.9504790768057685,CL=F
2019-08-14,55.22999954223633,-3.2749544340746173,CL=F
2019-08-15,54.470001220703125,-1.3760607058343477,CL=F
2019-08-16,54.869998931884766,0.7343449645997202,CL=F
2019-08-19,56.209999084472656,2.442136283347396,CL=F
2019-08-20,56.34000015258789,0.23127747773108442,CL=F
2019-08-21,55.68000030517578,-1.1714587249282982,CL=F
2019-08-22,55.349998474121094,-0.5926756990768389,CL=F
2019-08-23,54.16999816894531,-2.1318885956744693,CL=F
2019-08-26,53.63999938964844,-0.9783991087537358,CL=F
2019-08-27,54.93000030517578,2.4049234343882064,CL=F
2019-08-28,55.779998779296875,1.547421207716626,CL=F
2019-08-29,56.709999084472656,1.6672648360131603,CL=F
2019-08-30,55.099998474121094,-2.8390065885089855,CL=F
2019-09-03,53.939998626708984,-2.105262939266561,CL=F
2019-09-04,56.2599983215332,4.301074812551886,CL=F
2019-09-05,56.29999923706055,0.0711001008189438,CL=F
2019-09-06,56.52000045776367,0.3907659390487206,CL=F
2019-09-09,57.849998474121094,2.353145798983669,CL=F
2019-09-10,57.400001525878906,-0.7778685568047061,CL=F
2019-09-11,55.75,-2.874567041840581,CL=F
2019-09-12,55.09000015258789,-1.1838562285419019,CL=F
2019-09-13,54.849998474121094,-0.43565379887827715,CL=F
2019-09-16,62.900001525878906,14.676396127077208,CL=F
2019-09-17,59.34000015258789,-5.6597794704763675,CL=F
2019-09-18,58.11000061035156,-2.0728000321427187,CL=F
2019-09-19,58.130001068115234,0.03441827147410148,CL=F
2019-09-20,58.09000015258789,-0.06881285875166565,CL=F
2019-09-23,58.63999938964844,0.946805363428882,CL=F
2019-09-24,57.290000915527344,-2.302180232217743,CL=F
2019-09-25,56.4900016784668,-1.3964029050027915,CL=F
2019-09-26,56.40999984741211,-0.14162122265466426,CL=F
2019-09-27,55.90999984741211,-0.886367667705179,CL=F
2019-09-30,54.06999969482422,-3.2910036802174303,CL=F
2019-10-01,53.619998931884766,-0.8322559006460062,CL=F
2019-10-02,52.63999938964844,-1.8276754228981895,CL=F
2019-10-03,52.45000076293945,-0.3609396445896418,CL=F
2019-10-04,52.810001373291016,0.6863691231934865,CL=F
2019-10-07,52.75,-0.11361744315606659,CL=F
2019-10-08,52.630001068115234,-0.22748612679576175,CL=F
2019-10-09,52.59000015258789,-0.07600401808005586,CL=F
2019-10-10,53.54999923706055,1.8254403530847174,CL=F
2019-10-11,54.70000076293945,2.14752855698086,CL=F
2019-10-14,53.59000015258789,-2.0292515445513692,CL=F
2019-10-15,52.810001373291016,-1.4554931462511078,CL=F
2019-10-16,53.36000061035156,1.0414679469005206,CL=F
2019-10-17,53.93000030517578,1.0682153079166978,CL=F
2019-10-18,53.779998779296875,-0.27814115525697236,CL=F
2019-10-21,53.310001373291016,-0.8739260257975112,CL=F
2019-10-22,54.15999984741211,1.5944446674633905,CL=F
2019-10-23,55.970001220703125,3.3419523234683,CL=F
2019-10-24,56.22999954223633,0.46453156309209653,CL=F
2019-10-25,56.65999984741211,0.7647168925420278,CL=F
2019-10-28,55.810001373291016,-1.5001738023476485,CL=F
2019-10-29,55.540000915527344,-0.48378507636605006,CL=F
2019-10-30,55.060001373291016,-0.8642411493049451,CL=F
2019-10-31,54.18000030517578,-1.5982583475599221,CL=F
2019-11-01,56.20000076293945,3.7283138545326056,CL=F
2019-11-04,56.540000915527344,0.6049824697014872,CL=F
2019-11-05,57.22999954223633,1.2203725071385563,CL=F
2019-11-06,56.349998474121094,-1.5376569546637575,CL=F
2019-11-07,57.150001525878906,1.4197037682711189,CL=F
2019-11-08,57.2400016784668,0.157480577751401,CL=F
2019-11-11,56.86000061035156,-0.6638732651508383,CL=F
2019-11-12,56.79999923706055,-0.10552474964288239,CL=F
2019-11-13,57.119998931884766,0.5633797519761785,CL=F
2019-11-14,56.77000045776367,-0.6127424381405566,CL=F
2019-11-15,57.720001220703125,1.6734203897818212,CL=F
2019-11-18,57.04999923706055,-1.1607795728913795,CL=F
2019-11-19,55.209999084472656,-3.225241327247208,CL=F
2019-11-20,57.11000061035156,3.441408363314502,CL=F
2019-11-21,58.58000183105469,2.573982148472753,CL=F
2019-11-22,57.77000045776367,-1.3827267804242593,CL=F
2019-11-25,58.0099983215332,0.41543683896108075,CL=F
2019-11-26,58.40999984741211,0.6895389371704752,CL=F
2019-11-27,58.11000061035156,-0.5136093782644235,CL=F
2019-11-29,55.16999816894531,-5.059374308253794,CL=F
2019-12-02,55.959999084472656,1.4319393542630676,CL=F
2019-12-03,56.099998474121094,0.25017761247119186,CL=F
2019-12-04,58.43000030517578,4.153301059588288,CL=F
2019-12-05,58.43000030517578,0.0,CL=F
2019-12-06,59.20000076293945,1.3178169668697892,CL=F
2019-12-09,59.02000045776367,-0.3040545656351812,CL=F
2019-12-10,59.2400016784668,0.3727570637017674,CL=F
2019-12-11,58.7599983215332,-0.8102689792935491,CL=F
2019-12-12,59.18000030517578,0.7147753499656906,CL=F
2019-12-13,60.06999969482422,1.5038854090215326,CL=F
2019-12-16,60.209999084472656,0.2330604134504366,CL=F
2019-12-17,60.939998626708984,1.2124224436744546,CL=F
2019-12-18,60.93000030517578,-0.016406829272264112,CL=F
2019-12-19,61.220001220703125,0.47595751530418173,CL=F
2019-12-20,60.439998626708984,-1.2740976452812691,CL=F
2019-12-23,60.52000045776367,0.13236570627475075,CL=F
2019-12-24,61.11000061035156,0.9748845805109374,CL=F
2019-12-26,61.68000030517578,0.9327437230096658,CL=F
2019-12-27,61.720001220703125,0.06485232705808475,CL=F
2019-12-30,61.68000030517578,-0.06481029607291466,CL=F
2019-12-31,61.060001373291016,-1.0051863307671494,CL=F
2020-01-02,61.18000030517578,0.19652625153272485,CL=F
2020-01-03,63.04999923706055,3.0565526684486866,CL=F
2020-01-06,63.27000045776367,0.348931361404059,CL=F
2020-01-07,62.70000076293945,-0.9009004120439812,CL=F
2020-01-08,59.61000061035156,-4.928229848466481,CL=F
2020-01-09,59.560001373291016,-0.08387726312464316,CL=F
2020-01-10,59.040000915527344,-0.873069922387304,CL=F
2020-01-13,58.08000183105469,-1.6260146842582146,CL=F
2020-01-14,58.22999954223633,0.25826051386492743,CL=F
2020-01-15,57.810001373291016,-0.7212745530603581,CL=F
2020-01-16,58.52000045776367,1.2281596049237953,CL=F
2020-01-17,58.540000915527344,0.03417713193305527,CL=F
2020-01-21,58.34000015258789,-0.34164803520938536,CL=F
2020-01-22,56.7400016784668,-2.742541086623773,CL=F
2020-01-23,55.59000015258789,-2.02679149076469,CL=F
2020-01-24,54.189998626708984,-2.5184413060551747,CL=F
2020-01-27,53.13999938964844,-1.9376255096323791,CL=F
2020-01-28,53.47999954223633,0.6398196396180555,CL=F
2020-01-29,53.33000183105469,-0.2804744062557041,CL=F
2020-01-30,52.13999938964844,-2.2313939631505852,CL=F
2020-01-31,51.560001373291016,-1.1123859285517623,CL=F
2020-02-03,50.11000061035156,-2.812258968810999,CL=F
2020-02-04,49.61000061035156,-0.9978048172218812,CL=F
2020-02-05,50.75,2.29792254711354,CL=F
2020-02-06,50.95000076293945,0.3940901732797153,CL=F
2020-02-07,50.31999969482422,-1.2365084566858142,CL=F
2020-02-10,49.56999969482422,-1.4904610583237776,CL=F
2020-02-11,49.939998626708984,0.746417054998294,CL=F
2020-02-12,51.16999816894531,2.462954697757036,CL=F
2020-02-13,51.41999816894531,0.4885675375140508,CL=F
2020-02-14,52.04999923706055,1.2252063215663744,CL=F
2020-02-18,52.04999923706055,0.0,CL=F
2020-02-19,53.290000915527344,2.3823279474399994,CL=F
2020-02-20,53.779998779296875,0.9194930669005785,CL=F
2020-02-21,53.380001068115234,-0.7437666795478304,CL=F
2020-02-24,51.43000030517578,-3.6530549342836616,CL=F
2020-02-25,49.900001525878906,-2.9749149722305135,CL=F
2020-02-26,48.72999954223633,-2.3446932822953848,CL=F
2020-02-27,47.09000015258789,-3.365482054287694,CL=F
2020-02-28,44.7599983215332,-4.9479758409528,CL=F
2020-03-02,46.75,4.44593778617155,CL=F
2020-03-03,47.18000030517578,0.9197867490390976,CL=F
2020-03-04,46.779998779296875,-0.8478201002364627,CL=F
2020-03-05,45.900001525878906,-1.881139966612022,CL=F
2020-03-06,41.279998779296875,-10.065365126354575,CL=F
2020-03-09,31.1299991607666,-24.588178097574932,CL=F
2020-03-10,34.36000061035156,10.3758481743095,CL=F
2020-03-11,32.97999954223633,-4.016301058212102,CL=F
2020-03-12,31.5,-4.487566897449302,CL=F
2020-03-13,31.729999542236328,0.7301572769407239,CL=F
2020-03-16,28.700000762939453,-9.549318698424791,CL=F
2020-03-17,26.950000762939453,-6.097560813516734,CL=F
2020-03-18,20.3700008392334,-24.41558344129846,CL=F
2020-03-19,25.219999313354492,23.809515337769717,CL=F
2020-03-20,22.43000030517578,-11.062645060031196,CL=F
2020-03-23,23.360000610351562,4.146234028187612,CL=F
2020-03-24,24.010000228881836,2.782532540869198,CL=F
2020-03-25,24.489999771118164,1.9991650881324485,CL=F
2020-03-26,22.600000381469727,-7.717433267914419,CL=F
2020-03-27,21.510000228881836,-4.823009443316684,CL=F
2020-03-30,20.09000015258789,-6.601580944603091,CL=F
2020-03-31,20.479999542236328,1.9412612577715649,CL=F
2020-04-01,20.309999465942383,-0.8300785160827329,CL=F
2020-04-02,25.31999969482422,24.667653178834637,CL=F
2020-04-03,28.34000015258789,11.927332125446299,CL=F
2020-04-06,26.079999923706055,-7.974594977817818,CL=F
2020-04-07,23.6299991607666,-9.39417473200399,CL=F
2020-04-08,25.09000015258789,6.17859095926403,CL=F
2020-04-09,22.760000228881836,-9.286567993367377,CL=F
2020-04-13,22.40999984741211,-1.5377872493409939,CL=F
2020-04-14,20.110000610351562,-10.263271988938227,CL=F
2020-04-15,19.8700008392334,-1.1934349270711797,CL=F
2020-04-16,19.8700008392334,0.0,CL=F
2020-04-17,18.270000457763672,-8.052341791101082,CL=F
2020-04-20,-37.630001068115234,-305.9660652724544,CL=F
2020-04-21,10.010000228881836,-126.60111598392577,CL=F
2020-04-22,13.779999732971191,37.66233184702416,CL=F
2020-04-23,16.5,19.738754134520818,CL=F
2020-04-24,16.940000534057617,2.6666699033794927,CL=F
2020-04-27,12.779999732971191,-24.557264875658102,CL=F
2020-04-28,12.34000015258789,-3.4428762877681707,CL=F
2020-04-29,15.0600004196167,22.0421412754876,CL=F
2020-04-30,18.84000015258789,25.099599121175853,CL=F
2020-05-01,19.780000686645508,4.98938708303831,CL=F
2020-05-04,20.389999389648438,3.0839164905326344,CL=F
2020-05-05,24.559999465942383,20.4512025557537,CL=F
2020-05-06,23.989999771118164,-2.320845713431885,CL=F
2020-05-07,23.549999237060547,-1.8340997843082074,CL=F
2020-05-08,24.739999771118164,5.053080987726388,CL=F
2020-05-11,24.139999389648438,-2.42522387639702,CL=F
2020-05-12,25.780000686645508,6.793708941435694,CL=F
2020-05-13,25.290000915527344,-1.90069727721921,CL=F
2020-05-14,27.559999465942383,8.975873737597716,CL=F
2020-05-15,29.43000030517578,6.785199112736828,CL=F
2020-05-18,31.81999969482422,8.120962843578749,CL=F
2020-05-19,32.5,2.1370217212365095,CL=F
2020-05-20,33.4900016784668,3.046159010667071,CL=F
2020-05-21,33.91999816894531,1.2839548191333483,CL=F
2020-05-22,33.25,-1.9752305575261309,CL=F
2020-05-26,34.349998474121094,3.3082660875822345,CL=F
2020-05-27,32.810001373291016,-4.483252312195285,CL=F
2020-05-28,33.709999084472656,2.7430590475814087,CL=F
2020-05-29,35.4900016784668,5.280340084061397,CL=F
2020-06-01,35.439998626708984,-0.14089334852905866,CL=F
2020-06-02,36.810001373291016,3.8656963873286987,CL=F
2020-06-03,37.290000915527344,1.3039921877987526,CL=F
2020-06-04,37.40999984741211,0.3217992194652908,CL=F
2020-06-05,39.54999923706055,5.720394007957941,CL=F
2020-06-08,38.189998626708984,-3.4386868181710772,CL=F
2020-06-09,38.939998626708984,1.9638649567153221,CL=F
2020-06-10,39.599998474121094,1.694914922157742,CL=F
2020-06-11,36.34000015258789,-8.232319310980873,CL=F
2020-06-12,36.2599983215332,-0.22014813076161044,CL=F
2020-06-15,37.119998931884766,2.371761307669029,CL=F
2020-06-16,38.380001068115234,3.394402404328112,CL=F
2020-06-17,37.959999084472656,-1.094325096284332,CL=F
2020-06-18,38.84000015258789,2.3182325851930585,CL=F
2020-06-19,39.75,2.3429450150284747,CL=F
2020-06-22,40.459999084472656,1.7861612187991316,CL=F
2020-06-23,40.369998931884766,-0.22244230010975974,CL=F
2020-06-24,38.0099983215332,-5.845926858540496,CL=F
2020-06-25,38.720001220703125,1.8679372021116247,CL=F
2020-06-26,38.4900016784668,-0.5940070634950056,CL=F
2020-06-29,39.70000076293945,3.1436711657759853,CL=F
2020-06-30,39.27000045776367,-1.0831241735823616,CL=F
2020-07-01,39.81999969482422,1.4005582649587511,CL=F
2020-07-02,40.650001525878906,2.0843843229927828,CL=F
2020-07-06,40.630001068115234,-0.0492016162679354,CL=F
2020-07-07,40.619998931884766,-0.024617612521593557,CL=F
2020-07-08,40.900001525878906,0.6893220122030863,CL=F
2020-07-09,39.619998931884766,-3.129590577604835,CL=F
2020-07-10,40.54999923706055,2.347300177303513,CL=F
2020-07-13,40.099998474121094,-1.109742962777116,CL=F
2020-07-14,40.290000915527344,0.47382156767130645,CL=F
2020-07-15,41.20000076293945,2.2586245389272452,CL=F
2020-07-16,40.75,-1.092234841277584,CL=F
2020-07-17,40.59000015258789,-0.39263766236100617,CL=F
2020-07-20,40.810001373291016,0.5420084254153412,CL=F
2020-07-21,41.959999084472656,2.8179310769008703,CL=F
2020-07-22,41.900001525878906,-0.1429875116845558,CL=F
2020-07-23,41.06999969482422,-1.9809112191608191,CL=F
2020-07-24,41.290000915527344,0.5356737821715862,CL=F
2020-07-27,41.599998474121094,0.7507811860502311,CL=F
2020-07-28,41.040000915527344,-1.346148026765237,CL=F
2020-07-29,41.27000045776367,0.5604277219918519,CL=F
2020-07-30,39.91999816894531,-3.2711467745195955,CL=F
2020-07-31,40.27000045776367,0.8767592807422453,CL=F
2020-08-03,41.0099983215332,1.8375908998204737,CL=F
2020-08-04,41.70000076293945,1.6825224814602135,CL=F
2020-08-05,42.189998626708984,1.1750548076848277,CL=F
2020-08-06,41.95000076293945,-0.5688501341111651,CL=F
2020-08-07,41.220001220703125,-1.740165742455102,CL=F
2020-08-10,41.939998626708984,1.746718546054371,CL=F
2020-08-11,41.61000061035156,-0.7868336365353779,CL=F
2020-08-12,42.66999816894531,2.5474586470687344,CL=F
2020-08-13,42.2400016784668,-1.0077255892442571,CL=F
2020-08-14,42.0099983215332,-0.5445155014064396,CL=F
2020-08-17,42.88999938964844,2.0947419739937745,CL=F
2020-08-18,42.88999938964844,0.0,CL=F
2020-08-19,42.93000030517578,0.09326396851616625,CL=F
2020-08-20,42.58000183105469,-0.8152771293572503,CL=F
2020-08-21,42.34000015258789,-0.5636488213858093,CL=F
2020-08-24,42.619998931884766,0.6613102935469906,CL=F
2020-08-25,43.349998474121094,1.7128098557745552,CL=F
2020-08-26,43.38999938964844,0.09227431818994436,CL=F
2020-08-27,43.040000915527344,-0.8066339687586965,CL=F
2020-08-28,42.970001220703125,-0.16263869269335096,CL=F
2020-08-31,42.61000061035156,-0.8377952062475491,CL=F
2020-09-01,42.7599983215332,0.3520246633021751,CL=F
2020-09-02,41.5099983215332,-2.9232929117551487,CL=F
2020-09-03,41.369998931884766,-0.3372666714269945,CL=F
2020-09-04,39.77000045776367,-3.8675332739444235,CL=F
2020-09-08,36.7599983215332,-7.568524268505195,CL=F
2020-09-09,38.04999923706055,3.509251834681648,CL=F
2020-09-10,37.29999923706055,-1.971090709693113,CL=F
2020-09-11,37.33000183105469,0.08043591047672827,CL=F
2020-09-14,37.2599983215332,-0.18752613471143542,CL=F
2020-09-15,38.279998779296875,2.7375214807086934,CL=F
2020-09-16,40.15999984741211,4.9111837201311515,CL=F
2020-09-17,40.970001220703125,2.0169356981290187,CL=F
2020-09-18,41.11000061035156,0.3417119489312892,CL=F
2020-09-21,39.310001373291016,-4.3784947952720366,CL=F
2020-09-22,39.599998474121094,0.7377183686060995,CL=F
2020-09-23,39.93000030517578,0.8333379893192383,CL=F
2020-09-24,40.310001373291016,0.951668082171242,CL=F
2020-09-25,40.25,-0.14884984184290184,CL=F
2020-09-28,40.599998474121094,0.8695614263878104,CL=F
2020-09-29,39.290000915527344,-3.226595093171636,CL=F
2020-09-30,40.220001220703125,2.367015229078917,CL=F
2020-10-01,38.720001220703125,-3.729487703814094,CL=F
2020-10-02,37.04999923706055,-4.31302151599533,CL=F
2020-10-05,39.220001220703125,5.856955542044817,CL=F
2020-10-06,40.66999816894531,3.697085423538371,CL=F
2020-10-07,39.95000076293945,-1.7703403944474116,CL=F
2020-10-08,41.189998626708984,3.103874443276222,CL=F
2020-10-09,40.599998474121094,-1.4323869197832795,CL=F
2020-10-12,39.43000030517578,-2.8817689973340332,CL=F
2020-10-13,40.20000076293945,1.952828941932827,CL=F
2020-10-14,41.040000915527344,2.0895525787210767,CL=F
2020-10-15,40.959999084472656,-0.1949362311646996,CL=F
2020-10-16,40.880001068115234,-0.19530766148807555,CL=F
2020-10-19,40.83000183105469,-0.12230732816576051,CL=F
2020-10-20,41.459999084472656,1.5429763045927691,CL=F
2020-10-21,40.029998779296875,-3.449108385801525,CL=F
2020-10-22,40.63999938964844,1.5238586783746122,CL=F
2020-10-23,39.849998474121094,-1.943899919763703,CL=F
2020-10-26,38.560001373291016,-3.2371321210157955,CL=F
2020-10-27,39.56999969482422,2.619290159654364,CL=F
2020-10-28,37.38999938964844,-5.509224973435945,CL=F
2020-10-29,36.16999816894531,-3.2629078379736165,CL=F
2020-10-30,35.790000915527344,-1.0505868749095648,CL=F
2020-11-02,36.810001373291016,2.849959294974891,CL=F
2020-11-03,37.65999984741211,2.3091508894586665,CL=F
2020-11-04,39.150001525878906,3.9564569423894635,CL=F
2020-11-05,38.790000915527344,-0.9195417530535654,CL=F
2020-11-06,37.13999938964844,-4.253677460519012,CL=F
2020-11-09,40.290000915527344,8.481425895652727,CL=F
2020-11-10,41.36000061035156,2.6557450248452463,CL=F
2020-11-11,41.45000076293945,0.2176019131038487,CL=F
2020-11-12,41.119998931884766,-0.7961443304718707,CL=F
2020-11-13,40.130001068115234,-2.4075824160634363,CL=F
2020-11-16,41.34000015258789,3.015198236398864,CL=F
2020-11-17,41.43000030517578,0.21770718978155745,CL=F
2020-11-18,41.81999969482422,0.9413453699630203,CL=F
2020-11-19,41.7400016784668,-0.19129128871639978,CL=F
2020-11-20,42.150001525878906,0.9822707976162359,CL=F
2020-11-23,43.060001373291016,2.158955668965734,CL=F
2020-11-24,44.90999984741211,4.29632702071534,CL=F
2020-11-25,45.709999084472656,1.7813387659288749,CL=F
2020-11-27,45.529998779296875,-0.39378759304531386,CL=F
2020-11-30,45.34000015258789,-0.41730426488695294,CL=F
2020-12-01,44.54999923706055,-1.7423928382634846,CL=F
2020-12-02,45.279998779296875,1.6386073058090034,CL=F
2020-12-03,45.63999938964844,0.7950543729170034,CL=F
2020-12-04,46.2599983215332,1.3584551712886084,CL=F
2020-12-07,45.7599983215332,-1.080847423566067,CL=F
2020-12-08,45.599998474121094,-0.34965002902287434,CL=F
2020-12-09,45.52000045776367,-0.17543425226828058,CL=F
2020-12-10,46.779998779296875,2.7680103446007465,CL=F
2020-12-11,46.56999969482422,-0.448907845131441,CL=F
2020-12-14,46.9900016784668,0.9018724208607942,CL=F
2020-12-15,47.619998931884766,1.3407048966049828,CL=F
2020-12-16,47.81999969482422,0.41999321172923043,CL=F
2020-12-17,48.36000061035156,1.1292365515966019,CL=F
2020-12-18,49.099998474121094,1.530185803205164,CL=F
2020-12-21,47.7400016784668,-2.7698509937247873,CL=F
2020-12-22,47.02000045776367,-1.5081717540615047,CL=F
2020-12-23,48.119998931884766,2.3394267618291,CL=F
2020-12-24,48.22999954223633,0.22859645218877844,CL=F
2020-12-28,47.619998931884766,-1.2647742403923634,CL=F
2020-12-29,48.0,0.7979863012151256,CL=F
2020-12-30,48.400001525878906,0.8333365122477288,CL=F
2020-12-31,48.52000045776367,0.24793166963146263,CL=F
2021-01-04,47.619998931884766,-1.8549083210795736,CL=F
2021-01-05,49.93000030517578,4.850905974599495,CL=F
2021-01-06,50.630001068115234,1.4019642672962185,CL=F
2021-01-07,50.83000183105469,0.39502421236448093,CL=F
2021-01-08,52.2400016784668,2.7739519902017173,CL=F
2021-01-11,52.25,0.01913920599532215,CL=F
2021-01-12,53.209999084472656,1.8373188219572345,CL=F
2021-01-13,52.90999984741211,-0.5638023721524332,CL=F
2021-01-14,53.56999969482422,1.247400962607248,CL=F
2021-01-15,52.36000061035156,-2.2587252032214677,CL=F
2021-01-19,52.97999954223633,1.1841079538914112,CL=F
2021-01-20,53.2400016784668,0.49075526326343155,CL=F
2021-01-21,53.130001068115234,-0.2066127101495785,CL=F
2021-01-22,52.27000045776367,-1.618672300136037,CL=F
2021-01-25,52.77000045776367,0.9565716388390433,CL=F
2021-01-26,52.61000061035156,-0.3032022854352112,CL=F
2021-01-27,52.849998474121094,0.4561829708899623,CL=F
2021-01-28,52.34000015258789,-0.964992121585273,CL=F
2021-01-29,52.20000076293945,-0.267480682537824,CL=F
2021-02-01,53.54999923706055,2.586203935612885,CL=F
2021-02-02,54.7599983215332,2.2595688173889794,CL=F
2021-02-03,55.689998626708984,1.698320550915855,CL=F
2021-02-04,56.22999954223633,0.9696551065604853,CL=F
2021-02-05,56.849998474121094,1.1026123722783554,CL=F
2021-02-08,57.970001220703125,1.9701016299795926,CL=F
2021-02-09,58.36000061035156,0.6727607062894991,CL=F
2021-02-10,58.68000030517578,0.5483202389950925,CL=F
2021-02-11,58.2400016784668,-0.7498272399807271,CL=F
2021-02-12,59.470001220703125,2.111949702589211,CL=F
2021-02-16,60.04999923706055,0.9752782990619879,CL=F
2021-02-17,61.13999938964844,1.8151543154644845,CL=F
2021-02-18,60.52000045776367,-1.0140643409782824,CL=F
2021-02-19,59.2400016784668,-2.115001271670802,CL=F
2021-02-22,61.4900016784668,3.7981092779372005,CL=F
2021-02-23,61.66999816894531,0.29272480983124627,CL=F
2021-02-24,63.220001220703125,2.5133826784161206,CL=F
2021-02-25,63.529998779296875,0.4903472834673517,CL=F
2021-02-26,61.5,-3.195338923819424,CL=F
2021-03-01,60.63999938964844,-1.3983749761814046,CL=F
2021-03-02,59.75,-1.4676771085198381,CL=F
2021-03-03,61.279998779296875,2.560667413049167,CL=F
2021-03-04,63.83000183105469,4.161232216961652,CL=F
2021-03-05,66.08999633789062,3.5406461569869485,CL=F
2021-03-08,65.05000305175781,-1.573601670085989,CL=F
2021-03-09,64.01000213623047,-1.598771509203245,CL=F
2021-03-10,64.44000244140625,0.6717704902752919,CL=F
2021-03-11,66.0199966430664,2.4518841430783755,CL=F
2021-03-12,65.61000061035156,-0.6210179545016681,CL=F
2021-03-15,65.38999938964844,-0.335316596031876,CL=F
2021-03-16,64.80000305175781,-0.9022730438869253,CL=F
2021-03-17,64.5999984741211,-0.308649025027008,CL=F
2021-03-18,60.0,-7.1207408402089385,CL=F
2021-03-19,61.41999816894531,2.3666636149088482,CL=F
2021-03-22,61.54999923706055,0.2116591859179895,CL=F
2021-03-23,57.7599983215332,-6.157597014632133,CL=F
2021-03-24,61.18000030517578,5.921056237925115,CL=F
2021-03-25,58.560001373291016,-4.282443476325248,CL=F
2021-03-26,60.970001220703125,4.115436801392058,CL=F
2021-03-29,61.560001373291016,0.9676892582832108,CL=F
2021-03-30,60.54999923706055,-1.640679197042183,CL=F
2021-03-31,59.15999984741211,-2.2956224726055297,CL=F
2021-04-01,61.45000076293945,3.87086024583132,CL=F
2021-04-05,58.650001525878906,-4.556548742549782,CL=F
2021-04-06,59.33000183105469,1.1594207800246004,CL=F
2021-04-07,59.77000045776367,0.7416123599016666,CL=F
2021-04-08,59.599998474121094,-0.28442694050623274,CL=F
2021-04-09,59.31999969482422,-0.46979662158624924,CL=F
2021-04-12,59.70000076293945,0.640595195667859,CL=F
2021-04-13,60.18000030517578,0.8040193234541748,CL=F
2021-04-14,63.150001525878906,4.935196420143062,CL=F
2021-04-15,63.459999084472656,0.49089081726578776,CL=F
2021-04-16,63.130001068115234,-0.5200094880527084,CL=F
2021-04-19,63.380001068115234,0.39600823027114984,CL=F
2021-04-20,62.439998626708984,-1.4831215297645972,CL=F
2021-04-21,61.349998474121094,-1.745676131584084,CL=F
2021-04-22,61.43000030517578,0.13040233585079886,CL=F
2021-04-23,62.13999938964844,1.1557855786187288,CL=F
2021-04-26,61.90999984741211,-0.370131227060555,CL=F
2021-04-27,62.939998626708984,1.6637034111379068,CL=F
2021-04-28,63.86000061035156,1.4617127481985293,CL=F
2021-04-29,65.01000213623047,1.8008166534412728,CL=F
2021-04-30,63.58000183105469,-2.199661987672563,CL=F
2021-05-03,64.48999786376953,1.4312614131922974,CL=F
2021-05-04,65.69000244140625,1.860760765059477,CL=F
2021-05-05,65.62999725341797,-0.09134599750061367,CL=F
2021-05-06,64.70999908447266,-1.4017952269492095,CL=F
2021-05-07,64.9000015258789,0.29362145587148447,CL=F
2021-05-10,64.91999816894531,0.030811467790847757,CL=F
2021-05-11,65.27999877929688,0.554529606446863,CL=F
2021-05-12,66.08000183105469,1.2254948938686727,CL=F
2021-05-13,63.81999969482422,-3.42009999032471,CL=F
2021-05-14,65.37000274658203,2.4287105283134602,CL=F
2021-05-17,66.2699966430664,1.3767689439655673,CL=F
2021-05-18,65.48999786376953,-1.1770013864614959,CL=F
2021-05-19,63.36000061035156,-3.2524008595155696,CL=F
2021-05-20,62.04999923706055,-2.067552652575244,CL=F
2021-05-21,63.58000183105469,2.4657576354655486,CL=F
2021-05-24,66.05000305175781,3.884871263870715,CL=F
2021-05-25,66.06999969482422,0.03027500702874608,CL=F
2021-05-26,66.20999908447266,0.21189555062068877,CL=F
2021-05-27,66.8499984741211,0.9666204478147034,CL=F
2021-05-28,66.31999969482422,-0.7928179377626243,CL=F
2021-06-01,67.72000122070312,2.110979391316503,CL=F
2021-06-02,68.83000183105469,1.6391030572105336,CL=F
2021-06-03,68.80999755859375,-0.02906330368847021,CL=F
2021-06-04,69.62000274658203,1.1771620647109238,CL=F
2021-06-07,69.2300033569336,-0.5601829564242378,CL=F
2021-06-08,70.05000305175781,1.184457106836323,CL=F
2021-06-09,69.95999908447266,-0.1284853152949239,CL=F
2021-06-10,70.29000091552734,0.4717007366684234,CL=F
2021-06-11,70.91000366210938,0.8820639330011204,CL=F
2021-06-14,70.87999725341797,-0.04231618550520899,CL=F
2021-06-15,72.12000274658203,1.7494434836540007,CL=F
2021-06-16,72.1500015258789,0.04159564358627854,CL=F
2021-06-17,71.04000091552734,-1.538462351873171,CL=F
2021-06-18,71.63999938964844,0.8445924357947998,CL=F
2021-06-21,73.66000366210938,2.819659812494102,CL=F
2021-06-22,73.05999755859375,-0.8145615988127686,CL=F
2021-06-23,73.08000183105469,0.027380609265548195,CL=F
2021-06-24,73.30000305175781,0.30104161903514726,CL=F
2021-06-25,74.05000305175781,1.0231923175643143,CL=F
2021-06-28,72.91000366210938,-1.539499449921189,CL=F
2021-06-29,72.9800033569336,0.09600835455807477,CL=F
2021-06-30,73.47000122070312,0.6714138684990489,CL=F
2021-07-01,75.2300033569336,2.3955384605798935,CL=F
2021-07-02,75.16000366210938,-0.09304757636671157,CL=F
2021-07-06,73.37000274658203,-2.3815870520370153,CL=F
2021-07-07,72.19999694824219,-1.5946650600259793,CL=F
2021-07-08,72.94000244140625,1.0249383995051264,CL=F
2021-07-09,74.55999755859375,2.220996795947272,CL=F
2021-07-12,74.0999984741211,-0.6169515819942961,CL=F
2021-07-13,75.25,1.5519589062886974,CL=F
2021-07-14,73.12999725341797,-2.8172793974512,CL=F
2021-07-15,71.6500015258789,-2.0237874786326326,CL=F
2021-07-16,71.80999755859375,0.22330220419752855,CL=F
2021-07-19,66.41999816894531,-7.505917801000395,CL=F
2021-07-20,67.41999816894531,1.5055706527669743,CL=F
2021-07-21,70.30000305175781,4.271736815530014,CL=F
2021-07-22,71.91000366210938,2.2901856905556794,CL=F
2021-07-23,72.06999969482422,0.22249481931142512,CL=F
2021-07-26,71.91000366210938,-0.2220008788571315,CL=F
2021-07-27,71.6500015258789,-0.361566017229209,CL=F
2021-07-28,72.38999938964844,1.0327953217171393,CL=F
2021-07-29,73.62000274658203,1.6991343656641567,CL=F
2021-07-30,73.94999694824219,0.4482398659995557,CL=F
2021-08-02,71.26000213623047,-3.6375861028019485,CL=F
2021-08-03,70.55999755859375,-0.9823246655234374,CL=F
2021-08-04,68.1500015258789,-3.4155273754276405,CL=F
2021-08-05,69.08999633789062,1.379302701342966,CL=F
2021-08-06,68.27999877929688,-1.1723803756369944,CL=F
2021-08-09,66.4800033569336,-2.6361972093488895,CL=F
2021-08-10,68.29000091552734,2.7226195354952187,CL=F
2021-08-11,69.25,1.4057681528810484,CL=F
2021-08-12,69.08999633789062,-0.23105221965252776,CL=F
2021-08-13,68.44000244140625,-0.9407930683705934,CL=F
2021-08-16,67.29000091552734,-1.6803060854117646,CL=F
2021-08-17,66.58999633789062,-1.0402802319998017,CL=F
2021-08-18,65.45999908447266,-1.6969474629254244,CL=F
2021-08-19,63.689998626708984,-2.7039420753421917,CL=F
2021-08-20,62.31999969482422,-2.151042489283783,CL=F
2021-08-23,65.63999938964844,5.327342283507663,CL=F
2021-08-24,67.54000091552734,2.8945788292900954,CL=F
2021-08-25,68.36000061035156,1.2140948826012021,CL=F
2021-08-26,67.41999816894531,-1.3750767013069765,CL=F
2021-08-27,68.73999786376953,1.957875601711656,CL=F
2021-08-30,69.20999908447266,0.6837376131936912,CL=F
2021-08-31,68.5,-1.025862005295053,CL=F
2021-09-01,68.58999633789062,0.1313815151688047,CL=F
2021-09-02,69.98999786376953,2.0411161986103155,CL=F
2021-09-03,69.29000091552734,-1.0001385478031866,CL=F
2021-09-07,68.3499984741211,-1.3566206220032018,CL=F
2021-09-08,69.30000305175781,1.3899116296197223,CL=F
2021-09-09,68.13999938964844,-1.673886884597986,CL=F
2021-09-10,69.72000122070312,2.318758211340266,CL=F
2021-09-13,70.44999694824219,1.0470391777937849,CL=F
2021-09-14,70.45999908447266,0.014197497038659357,CL=F
2021-09-15,72.61000061035156,3.051378872857091,CL=F
2021-09-16,72.61000061035156,0.0,CL=F
2021-09-17,71.97000122070312,-0.8814204438351125,CL=F
2021-09-20,70.29000091552734,-2.334306345256121,CL=F
2021-09-21,70.55999755859375,0.38411813849723586,CL=F
2021-09-22,72.2300033569336,2.366788344845183,CL=F
2021-09-23,73.30000305175781,1.481378437069547,CL=F
2021-09-24,73.9800033569336,0.9276947842630001,CL=F
2021-09-27,75.44999694824219,1.9870147669719174,CL=F
2021-09-28,75.29000091552734,-0.21205571794071787,CL=F
2021-09-29,74.83000183105469,-0.6109696890411187,CL=F
2021-09-30,75.02999877929688,0.2672683995033509,CL=F
2021-10-01,75.87999725341797,1.132878166000495,CL=F
2021-10-04,77.62000274658203,2.293101681794907,CL=F
2021-10-05,78.93000030517578,1.687706148208612,CL=F
2021-10-06,77.43000030517578,-1.900418084632438,CL=F
2021-10-07,78.30000305175781,1.1235990483702496,CL=F
2021-10-08,79.3499984741211,1.3409902700376897,CL=F
2021-10-11,80.5199966430664,1.4744778720152008,CL=F
2021-10-12,80.63999938964844,0.14903471384131173,CL=F
2021-10-13,80.44000244140625,-0.24801209047115025,CL=F
2021-10-14,81.30999755859375,1.081545363976355,CL=F
2021-10-15,82.27999877929688,1.192966732048073,CL=F
2021-10-18,82.44000244140625,0.19446240214291421,CL=F
2021-10-19,82.95999908447266,0.6307576754816191,CL=F
2021-10-20,83.87000274658203,1.0969186019189614,CL=F
2021-10-21,82.5,-1.6334836076273618,CL=F
2021-10-22,83.76000213623047,1.5272753166429842,CL=F
2021-10-25,83.76000213623047,0.0,CL=F
2021-10-26,84.6500015258789,1.0625589385741652,CL=F
2021-10-27,82.66000366210938,-2.3508539018291197,CL=F
2021-10-28,82.80999755859375,0.1814588553582741,CL=F
2021-10-29,83.56999969482422,0.9177661618607225,CL=F
2021-11-01,84.05000305175781,0.5743728116386793,CL=F
2021-11-02,83.91000366210938,-0.16656678710912365,CL=F
2021-11-03,80.86000061035156,-3.6348503380355335,CL=F
2021-11-04,78.80999755859375,-2.5352498593666506,CL=F
2021-11-05,81.2699966430664,3.121430225452926,CL=F
2021-11-08,81.93000030517578,0.8121123284993814,CL=F
2021-11-09,84.1500015258789,2.709631651939448,CL=F
2021-11-10,81.33999633789062,-3.339281208597611,CL=F
2021-11-11,81.58999633789062,0.307351870242889,CL=F
2021-11-12,80.79000091552734,-0.9805067511588605,CL=F
2021-11-15,80.87999725341797,0.11139539159645828,CL=F
2021-11-16,80.76000213623047,-0.14836192045299956,CL=F
2021-11-17,78.36000061035156,-2.971770012871533,CL=F
2021-11-18,79.01000213623047,0.8295067902194919,CL=F
2021-11-19,76.0999984741211,-3.6830826267943872,CL=F
2021-11-22,76.75,0.8541413126308406,CL=F
2021-11-23,78.5,2.28013029315961,CL=F
2021-11-24,78.38999938964844,-0.1401281660529441,CL=F
2021-11-26,68.1500015258789,-13.06288805140844,CL=F
2021-11-29,69.94999694824219,2.6412257990629184,CL=F
2021-11-30,66.18000030517578,-5.389559410354117,CL=F
2021-12-01,65.56999969482422,-0.9217295369275735,CL=F
2021-12-02,66.5,1.4183320260853893,CL=F
2021-12-03,66.26000213623047,-0.3608990432624526,CL=F
2021-12-06,69.48999786376953,4.874729283736201,CL=F
2021-12-07,72.05000305175781,3.683990886007793,CL=F
2021-12-08,72.36000061035156,0.4302533594218838,CL=F
2021-12-09,70.94000244140625,-1.9624076243335065,CL=F
2021-12-10,71.66999816894531,1.0290325661350463,CL=F
2021-12-13,71.29000091552734,-0.5302040785911788,CL=F
2021-12-14,70.7300033569336,-0.7855204816974215,CL=F
2021-12-15,70.87000274658203,0.19793493991784317,CL=F
2021-12-16,72.37999725341797,2.1306539414643444,CL=F
2021-12-17,70.86000061035156,-2.1000230737016623,CL=F
2021-12-20,68.2300033569336,-3.7115399813216543,CL=F
2021-12-21,71.12000274658203,4.235672354477105,CL=F
2021-12-22,72.76000213623047,2.3059608075271854,CL=F
2021-12-23,73.79000091552734,1.4156112548875166,CL=F
2021-12-27,75.56999969482422,2.412249298295266,CL=F
2021-12-28,75.9800033569336,0.5425481854771652,CL=F
2021-12-29,76.55999755859375,0.763351113496924,CL=F
2021-12-30,76.98999786376953,0.56165140920581,CL=F
2021-12-31,75.20999908447266,-2.3119870485598715,CL=F
2022-01-03,76.08000183105469,1.1567647349721266,CL=F
2022-01-04,76.98999786376953,1.1961041151597351,CL=F
2022-01-05,77.8499984741211,1.1170290092400004,CL=F
2022-01-06,79.45999908447266,2.0680804648785633,CL=F
2022-01-07,78.9000015258789,-0.7047540461187607,CL=F
2022-01-10,78.2300033569336,-0.8491738352191969,CL=F
2022-01-11,81.22000122070312,3.8220602524166036,CL=F
2022-01-12,82.63999938964844,1.7483355671057854,CL=F
2022-01-13,82.12000274658203,-0.6292311797034489,CL=F
2022-01-14,83.81999969482422,2.070137471242295,CL=F
2022-01-18,85.43000030517578,1.9207833646066819,CL=F
2022-01-19,86.95999908447266,1.7909385155464808,CL=F
2022-01-20,86.9000015258789,-0.06899443333189259,CL=F
2022-01-21,85.13999938964844,-2.025318878396498,CL=F
2022-01-24,83.30999755859375,-2.14940315265868,CL=F
2022-01-25,85.5999984741211,2.7487708349970053,CL=F
2022-01-26,87.3499984741211,2.0443925598071955,CL=F
2022-01-27,86.61000061035156,-0.847164140465062,CL=F
2022-01-28,86.81999969482422,0.24246516914070426,CL=F
2022-01-31,88.1500015258789,1.5319072054016392,CL=F
2022-02-01,88.19999694824219,0.056716303457582384,CL=F
2022-02-02,88.26000213623047,0.06803309531120405,CL=F
2022-02-03,90.2699966430664,2.2773560595811926,CL=F
2022-02-04,92.30999755859375,2.259888103899721,CL=F
2022-02-07,91.31999969482422,-1.0724709023430812,CL=F
2022-02-08,89.36000061035156,-2.1462977343655654,CL=F
2022-02-09,89.66000366210938,0.33572409322819574,CL=F
2022-02-10,89.87999725341797,0.2453642452856286,CL=F
2022-02-11,93.0999984741211,3.5825559847585176,CL=F
2022-02-14,95.45999908447266,2.5349093974556425,CL=F
2022-02-15,92.06999969482422,-3.5512250389282185,CL=F
2022-02-16,93.66000366210938,1.7269512029492784,CL=F
2022-02-17,91.76000213623047,-2.0286156860866766,CL=F
2022-02-18,91.06999969482422,-0.7519642821954609,CL=F
2022-02-22,92.3499984741211,1.4055109076382521,CL=F
2022-02-23,92.0999984741211,-0.2707092627295071,CL=F
2022-02-24,92.80999755859375,0.7709002130680265,CL=F
2022-02-25,91.58999633789062,-1.314514872099748,CL=F
2022-02-28,95.72000122070312,4.5092314094830055,CL=F
2022-03-01,103.41000366210938,8.033851173565365,CL=F
2022-03-02,110.5999984741211,6.952900645381388,CL=F
2022-03-03,107.66999816894531,-2.649186569257833,CL=F
2022-03-04,115.68000030517578,7.439400271616936,CL=F
2022-03-07,119.4000015258789,3.2157686816125297,CL=F
2022-03-08,123.69999694824219,3.601336153610757,CL=F
2022-03-09,108.69999694824219,-12.126111859385258,CL=F
2022-03-10,106.0199966430664,-2.4655017299143767,CL=F
2022-03-11,109.33000183105469,3.122057435194936,CL=F
2022-03-14,103.01000213623047,-5.780663668688469,CL=F
2022-03-15,96.44000244140625,-6.378021122779332,CL=F
2022-03-16,95.04000091552734,-1.4516813463681721,CL=F
2022-03-17,102.9800033569336,8.354379592718452,CL=F
2022-03-18,104.69999694824219,1.670220950903456,CL=F
2022-03-21,112.12000274658203,7.086920739842895,CL=F
2022-03-22,111.76000213623047,-0.32108508877336517,CL=F
2022-03-23,114.93000030517578,2.8364335257270445,CL=F
2022-03-24,112.33999633789062,-2.2535490824048265,CL=F
2022-03-25,113.9000015258789,1.388646287023354,CL=F
2022-03-28,105.95999908447266,-6.971029266933082,CL=F
2022-03-29,104.23999786376953,-1.6232552242020248,CL=F
2022-03-30,107.81999969482422,3.4343840218928,CL=F
2022-03-31,100.27999877929688,-6.993137578249586,CL=F
2022-04-01,99.2699966430664,-1.0071820388164898,CL=F
2022-04-04,103.27999877929688,4.039490552869429,CL=F
2022-04-05,101.95999908447266,-1.2780787281426842,CL=F
2022-04-06,96.2300033569336,-5.619846782061888,CL=F
2022-04-07,96.02999877929688,-0.20784014409193086,CL=F
2022-04-08,98.26000213623047,2.3221945072172234,CL=F
2022-04-11,94.29000091552734,-4.040302396084828,CL=F
2022-04-12,100.5999984741211,6.692117400917996,CL=F
2022-04-13,104.25,3.6282321881126567,CL=F
2022-04-14,106.94999694824219,2.589925130208326,CL=F
2022-04-18,108.20999908447266,1.1781226481383023,CL=F
2022-04-19,102.55999755859375,-5.221330351798925,CL=F
2022-04-20,102.75,0.18525979517276525,CL=F
2022-04-21,103.79000091552734,1.012166341145826,CL=F
2022-04-22,102.06999969482422,-1.6571935692562545,CL=F
2022-04-25,98.54000091552734,-3.4584097088773413,CL=F
2022-04-26,101.69999694824219,3.2068155097986217,CL=F
2022-04-27,102.0199966430664,0.314650643487302,CL=F
2022-04-28,105.36000061035156,3.273871865503697,CL=F
2022-04-29,104.69000244140625,-0.6359132166514847,CL=F
2022-05-02,105.16999816894531,0.45849242176463356,CL=F
2022-05-03,102.41000366210938,-2.6243173479971738,CL=F
2022-05-04,107.80999755859375,5.27291641771741,CL=F
2022-05-05,108.26000213623047,0.4174052386858973,CL=F
2022-05-06,109.7699966430664,1.3947852180307585,CL=F
2022-05-09,103.08999633789062,-6.0854518624946285,CL=F
2022-05-10,99.76000213623047,-3.230181705260393,CL=F
2022-05-11,105.70999908447266,5.964311167633074,CL=F
2022-05-12,106.12999725341797,0.3973116758895223,CL=F
2022-05-13,110.48999786376953,4.108169907835513,CL=F
2022-05-16,114.19999694824219,3.357769170243774,CL=F
2022-05-17,112.4000015258789,-1.5761781702840816,CL=F
2022-05-18,109.58999633789062,-2.500004581709292,CL=F
2022-05-19,112.20999908447266,2.3907316672444834,CL=F
2022-05-20,113.2300033569336,0.9090137071412485,CL=F
2022-05-23,110.29000091552734,-2.596487109638701,CL=F
2022-05-24,109.7699966430664,-0.47148813867470274,CL=F
2022-05-25,110.33000183105469,0.5101623440959102,CL=F
2022-05-26,114.08999633789062,3.40795290894087,CL=F
2022-05-27,115.06999969482422,0.8589739577440358,CL=F
2022-05-31,114.66999816894531,-0.34761582249043244,CL=F
2022-06-01,115.26000213623047,0.51452339470337,CL=F
2022-06-02,116.87000274658203,1.3968424262639223,CL=F
2022-06-03,118.87000274658203,1.7113031171366977,CL=F
2022-06-06,118.5,-0.3112667098787214,CL=F
2022-06-07,119.41000366210938,0.7679355798391407,CL=F
2022-06-08,122.11000061035156,2.2611145343251815,CL=F
2022-06-09,121.51000213623047,-0.4913589969061327,CL=F
2022-06-10,120.66999816894531,-0.6913043803121521,CL=F
2022-06-13,120.93000030517578,0.2154654348021534,CL=F
2022-06-14,118.93000030517578,-1.6538493301520352,CL=F
2022-06-15,115.30999755859375,-3.043809583194368,CL=F
2022-06-16,117.58999633789062,1.9772776234240341,CL=F
2022-06-17,109.55999755859375,-6.828811148376057,CL=F
2022-06-21,110.6500015258789,0.9948922887682787,CL=F
2022-06-22,106.19000244140625,-4.0307266362120675,CL=F
2022-06-23,104.2699966430664,-1.8080852756353072,CL=F
2022-06-24,107.62000274658203,3.2128188466172602,CL=F
2022-06-27,109.56999969482422,1.8119279859469373,CL=F
2022-06-28,111.76000213623047,1.9987245117330188,CL=F
2022-06-29,109.77999877929688,-1.771656513141484,CL=F
2022-06-30,105.76000213623047,-3.6618661757760296,CL=F
2022-07-01,108.43000030517578,2.5245821813676406,CL=F
2022-07-05,99.5,-8.23572837779427,CL=F
2022-07-06,98.52999877929688,-0.9748755986966118,CL=F
2022-07-07,102.7300033569336,4.262665817183819,CL=F
2022-07-08,104.79000091552734,2.005254055561867,CL=F
2022-07-11,104.08999633789062,-0.6680070345652545,CL=F
2022-07-12,95.83999633789062,-7.925833692240081,CL=F
2022-07-13,96.30000305175781,0.47997363464560294,CL=F
2022-07-14,95.77999877929688,-0.5399836510715961,CL=F
2022-07-15,97.58999633789062,1.8897448127604077,CL=F
2022-07-18,102.5999984741211,5.133725099121933,CL=F
2022-07-19,104.22000122070312,1.5789500688839109,CL=F
2022-07-20,102.26000213623047,-1.8806362133138244,CL=F
2022-07-21,96.3499984741211,-5.779389339573926,CL=F
2022-07-22,94.69999694824219,-1.7125080975710527,CL=F
2022-07-25,96.69999694824219,2.111932486220769,CL=F
2022-07-26,94.9800033569336,-1.7786904297724115,CL=F
2022-07-27,97.26000213623047,2.400503999487835,CL=F
2022-07-28,96.41999816894531,-0.8636684647699067,CL=F
2022-07-29,98.62000274658203,2.2816890887945362,CL=F
2022-08-01,93.88999938964844,-4.796190656258648,CL=F
2022-08-02,94.41999816894531,0.5644890645886136,CL=F
2022-08-03,90.66000366210938,-3.9822014189284327,CL=F
2022-08-04,88.54000091552734,-2.338410170909877,CL=F
2022-08-05,89.01000213623047,0.5308348947856256,CL=F
2022-08-08,90.76000213623047,1.9660711807664155,CL=F
2022-08-09,90.5,-0.2864721574600715,CL=F
2022-08-10,91.93000030517578,1.5801108344483783,CL=F
2022-08-11,94.33999633789062,2.6215555582665973,CL=F
2022-08-12,92.08999633789062,-2.384990552619215,CL=F
2022-08-15,89.41000366210938,-2.910188709257844,CL=F
2022-08-16,86.52999877929688,-3.2211215354563283,CL=F
2022-08-17,88.11000061035156,1.82595845758029,CL=F
2022-08-18,90.5,2.7125177313500615,CL=F
2022-08-19,90.7699966430664,0.29833883211758394,CL=F
2022-08-22,90.2300033569336,-0.5949028380558663,CL=F
2022-08-23,93.73999786376953,3.890052506094932,CL=F
2022-08-24,94.88999938964844,1.2267991808045275,CL=F
2022-08-25,92.5199966430664,-2.497631743941786,CL=F
2022-08-26,93.05999755859375,0.5836585982710529,CL=F
2022-08-29,97.01000213623047,4.2445784238815065,CL=F
2022-08-30,91.63999938964844,-5.5355145122468645,CL=F
2022-08-31,89.55000305175781,-2.2806594847344708,CL=F
2022-09-01,86.61000061035156,-3.2830846914734257,CL=F
2022-09-02,86.87000274658203,0.3001987465629741,CL=F
2022-09-06,86.87999725341797,0.011505130102373862,CL=F
2022-09-07,81.94000244140625,-5.685997891554228,CL=F
2022-09-08,83.54000091552734,1.9526463588589893,CL=F
2022-09-09,86.79000091552734,3.8903518845855523,CL=F
2022-09-12,87.77999877929688,1.1406819372350219,CL=F
2022-09-13,87.30999755859375,-0.5354308808830588,CL=F
2022-09-14,88.4800033569336,1.3400593643982717,CL=F
2022-09-15,85.0999984741211,-3.8200777063461033,CL=F
2022-09-16,85.11000061035156,0.011753391785918055,CL=F
2022-09-19,85.7300033569336,0.7284722619384176,CL=F
2022-09-20,84.44999694824219,-1.4930670227109921,CL=F
2022-09-21,82.94000244140625,-1.7880338204883328,CL=F
2022-09-22,83.48999786376953,0.6631244347404364,CL=F
2022-09-23,78.73999786376953,-5.68930425384675,CL=F
2022-09-26,76.70999908447266,-2.5781036758586673,CL=F
2022-09-27,78.5,2.3334649157747966,CL=F
2022-09-28,82.1500015258789,4.6496834724572,CL=F
2022-09-29,81.2300033569336,-1.119900367446125,CL=F
2022-09-30,79.48999786376953,-2.1420724132169333,CL=F
2022-10-03,83.62999725341797,5.208201661728062,CL=F
2022-10-04,86.5199966430664,3.4556970997991154,CL=F
2022-10-05,87.76000213623047,1.4332010416963303,CL=F
2022-10-06,88.44999694824219,0.7862292561714224,CL=F
2022-10-07,92.63999938964844,4.737142550562323,CL=F
2022-10-10,91.12999725341797,-1.6299677743728425,CL=F
2022-10-11,89.3499984741211,-1.9532523131181256,CL=F
2022-10-12,87.2699966430664,-2.32792598385676,CL=F
2022-10-13,89.11000061035156,2.1084038479006306,CL=F
2022-10-14,85.61000061035156,-3.9277297452890103,CL=F
2022-10-17,85.45999908447266,-0.17521495714224455,CL=F
2022-10-18,82.81999969482422,-3.089163840311937,CL=F
2022-10-19,85.55000305175781,3.2963093057149617,CL=F
2022-10-20,85.9800033569336,0.5026303797039278,CL=F
2022-10-21,85.05000305175781,-1.0816472073338024,CL=F
2022-10-24,84.58000183105469,-0.552617523619725,CL=F
2022-10-25,85.31999969482422,0.8749087819218238,CL=F
2022-10-26,87.91000366210938,3.035635228022948,CL=F
2022-10-27,89.08000183105469,1.3309044707156659,CL=F
2022-10-28,87.9000015258789,-1.3246523135616028,CL=F
2022-10-31,86.52999877929688,-1.5585924036402687,CL=F
2022-11-01,88.37000274658203,2.126434754700801,CL=F
2022-11-02,90.0,1.84451420477183,CL=F
2022-11-03,88.16999816894531,-2.03333536783854,CL=F
2022-11-04,92.61000061035156,5.035729311118531,CL=F
2022-11-07,91.79000091552734,-0.8854332031313694,CL=F
2022-11-08,88.91000366210938,-3.137593664552174,CL=F
2022-11-09,85.83000183105469,-3.4641791746627515,CL=F
2022-11-10,86.47000122070312,0.745659298607726,CL=F
2022-11-11,88.95999908447266,2.8796089147890003,CL=F
2022-11-14,85.87000274658203,-3.473467142188813,CL=F
2022-11-15,86.91999816894531,1.2227732488398813,CL=F
2022-11-16,85.58999633789062,-1.5301447987488226,CL=F
2022-11-17,81.63999938964844,-4.615021751664128,CL=F
2022-11-18,80.08000183105469,-1.9108250493097723,CL=F
2022-11-21,79.7300033569336,-0.4370610216262061,CL=F
2022-11-22,80.94999694824219,1.5301562021099446,CL=F
2022-11-23,77.94000244140625,-3.718338011501676,CL=F
2022-11-25,76.27999877929688,-2.1298481012460013,CL=F
2022-11-28,77.23999786376953,1.2585200574664945,CL=F
2022-11-29,78.19999694824219,1.2428781862032556,CL=F
2022-11-30,80.55000305175781,3.0051230117962957,CL=F
2022-12-01,81.22000122070312,0.8317791974691735,CL=F
2022-12-02,79.9800033569336,-1.5267149041281347,CL=F
2022-12-05,76.93000030517578,-3.8134570189329753,CL=F
2022-12-06,74.25,-3.483686851091139,CL=F
2022-12-07,72.01000213623047,-3.016832139756942,CL=F
2022-12-08,71.45999908447266,-0.7637870232489408,CL=F
2022-12-09,71.0199966430664,-0.6157325035592631,CL=F
2022-12-12,73.16999816894531,3.0273185405575553,CL=F
2022-12-13,75.38999938964844,3.0340320845399837,CL=F
2022-12-14,77.27999877929688,2.5069629990048137,CL=F
2022-12-15,76.11000061035156,-1.5139728098167993,CL=F
2022-12-16,74.29000091552734,-2.391275364904788,CL=F
2022-12-19,75.19000244140625,1.2114706081404858,CL=F
2022-12-20,76.08999633789062,1.1969595255509224,CL=F
2022-12-21,78.29000091552734,2.8913190741490125,CL=F
2022-12-22,77.48999786376953,-1.0218457560384864,CL=F
2022-12-23,79.55999755859375,2.6713121072262203,CL=F
2022-12-27,79.52999877929688,-0.03770585748796851,CL=F
2022-12-28,78.95999908447266,-0.7167103024935506,CL=F
2022-12-29,78.4000015258789,-0.7092167744260691,CL=F
2022-12-30,80.26000213623047,2.372449711927116,CL=F
2023-01-03,76.93000030517578,-4.149017869950288,CL=F
2023-01-04,72.83999633789062,-5.316526648980114,CL=F
2023-01-05,73.66999816894531,1.139486371202536,CL=F
2023-01-06,73.7699966430664,0.13573839637102125,CL=F
2023-01-09,74.62999725341797,1.1657864301019893,CL=F
2023-01-10,75.12000274658203,0.6565798086527685,CL=F
2023-01-11,77.41000366210938,3.0484569113404802,CL=F
2023-01-12,78.38999938964844,1.265980727525462,CL=F
2023-01-13,79.86000061035156,1.8752407604907262,CL=F
2023-01-17,80.18000030517578,0.4007008419465663,CL=F
2023-01-18,79.4800033569336,-0.8730318602867326,CL=F
2023-01-19,80.33000183105469,1.0694494693261003,CL=F
2023-01-20,81.30999755859375,1.2199622870669558,CL=F
2023-01-23,81.62000274658203,0.38126330992063195,CL=F
2023-01-24,80.12999725341797,-1.8255396263466284,CL=F
2023-01-25,80.1500015258789,0.024964773676039442,CL=F
2023-01-26,81.01000213623047,1.0729888883082461,CL=F
2023-01-27,79.68000030517578,-1.6417748376528762,CL=F
2023-01-30,77.9000015258789,-2.2339342024089492,CL=F
2023-01-31,78.87000274658203,1.2451876786945704,CL=F
2023-02-01,76.41000366210938,-3.1190554061179654,CL=F
2023-02-02,75.87999725341797,-0.6936348426773153,CL=F
2023-02-03,73.38999938964844,-3.2814944041888117,CL=F
2023-02-06,74.11000061035156,0.9810617613994488,CL=F
2023-02-07,77.13999938964844,4.088515388399072,CL=F
2023-02-08,78.47000122070312,1.7241403183536397,CL=F
2023-02-09,78.05999755859375,-0.5224973311217407,CL=F
2023-02-10,79.72000122070312,2.1265740635763253,CL=F
2023-02-13,80.13999938964844,0.5268416489138783,CL=F
2023-02-14,79.05999755859375,-1.3476439222361525,CL=F
2023-02-15,78.58999633789062,-0.5944867634922413,CL=F
2023-02-16,78.48999786376953,-0.1272407160971989,CL=F
2023-02-17,76.33999633789062,-2.739204464765732,CL=F
2023-02-21,76.16000366210938,-0.2357776845895776,CL=F
2023-02-22,73.94999694824219,-2.9017943902314935,CL=F
2023-02-23,75.38999938964844,1.9472650450737872,CL=F
2023-02-24,76.31999969482422,1.233585770931156,CL=F
2023-02-27,75.68000030517578,-0.8385736271063426,CL=F
2023-02-28,77.05000305175781,1.8102573216933981,CL=F
2023-03-01,77.69000244140625,0.8306286363396032,CL=F
2023-03-02,78.16000366210938,0.6049700166473881,CL=F
2023-03-03,79.68000030517578,1.9447243754458388,CL=F
2023-03-06,80.45999908447266,0.9789141268944146,CL=F
2023-03-07,77.58000183105469,-3.579414971648631,CL=F
2023-03-08,76.66000366210938,-1.1858702593856352,CL=F
2023-03-09,75.72000122070312,-1.2261967081940828,CL=F
2023-03-10,76.68000030517578,1.2678276135713817,CL=F
2023-03-13,74.80000305175781,-2.451743930537087,CL=F
2023-03-14,71.33000183105469,-4.639038875843438,CL=F
2023-03-15,67.61000061035156,-5.21519854929201,CL=F
2023-03-16,68.3499984741211,1.094509476540706,CL=F
2023-03-17,66.73999786376953,-2.355523988725683,CL=F
2023-03-20,67.63999938964844,1.3485189611722737,CL=F
2023-03-21,69.33000183105469,2.4985252168185035,CL=F
2023-03-22,70.9000015258789,2.2645314486649415,CL=F
2023-03-23,69.95999908447266,-1.3258144163271202,CL=F
2023-03-24,69.26000213623047,-1.0005674062359304,CL=F
2023-03-27,72.80999755859375,5.125606862357079,CL=F
2023-03-28,73.19999694824219,0.5356398883746616,CL=F
2023-03-29,72.97000122070312,-0.3142018266772406,CL=F
2023-03-30,74.37000274658203,1.9185987425770934,CL=F
2023-03-31,75.66999816894531,1.7480104536140129,CL=F
2023-04-03,80.41999816894531,6.2772566604202495,CL=F
2023-04-04,80.70999908447266,0.3606079608682755,CL=F
2023-04-05,80.61000061035156,-0.12389849492679961,CL=F
2023-04-06,80.69999694824219,0.11164413498225834,CL=F
2023-04-10,79.73999786376953,-1.1895899885700834,CL=F
2023-04-11,81.52999877929688,2.2447967939319913,CL=F
2023-04-12,83.26000213623047,2.121922461469361,CL=F
2023-04-13,82.16000366210938,-1.321160756543427,CL=F
2023-04-14,82.5199966430664,0.43816086284214073,CL=F
2023-04-17,80.83000183105469,-2.0479821628224926,CL=F
2023-04-18,80.86000061035156,0.037113421523327084,CL=F
2023-04-19,79.16000366210938,-2.102395418513703,CL=F
2023-04-20,77.29000091552734,-2.3623075544109917,CL=F
2023-04-21,77.87000274658203,0.7504228544240599,CL=F
2023-04-24,78.76000213623047,1.1429297011133155,CL=F
2023-04-25,77.06999969482422,-2.1457623102689505,CL=F
2023-04-26,74.30000305175781,-3.5941308603020916,CL=F
2023-04-27,74.76000213623047,0.6191104516539703,CL=F
2023-04-28,76.77999877929688,2.7019751007838266,CL=F
2023-05-01,75.66000366210938,-1.458706870270876,CL=F
2023-05-02,71.66000366210938,-5.286809154627637,CL=F
2023-05-03,68.5999984741211,-4.270171687984825,CL=F
2023-05-04,68.55999755859375,-0.058310373785841474,CL=F
2023-05-05,71.33999633789062,4.054840837648799,CL=F
2023-05-08,73.16000366210938,2.5511738402656636,CL=F
2023-05-09,73.70999908447266,0.7517706326306994,CL=F
2023-05-10,72.55999755859375,-1.5601703163243719,CL=F
2023-05-11,70.87000274658203,-2.3290998744135982,CL=F
2023-05-12,70.04000091552734,-1.1711609974429105,CL=F
2023-05-15,71.11000061035156,1.5276980023382736,CL=F
2023-05-16,70.86000061035156,-0.35156799023231544,CL=F
2023-05-17,72.83000183105469,2.780131532224872,CL=F
2023-05-18,71.86000061035156,-1.331870378025335,CL=F
2023-05-19,71.55000305175781,-0.43139097684490313,CL=F
2023-05-22,71.98999786376953,0.6149473001328065,CL=F
2023-05-23,72.91000366210938,1.277963363856216,CL=F
2023-05-24,74.33999633789062,1.9613120339539991,CL=F
2023-05-25,71.83000183105469,-3.3763715771890745,CL=F
2023-05-26,72.66999816894531,1.1694226875648805,CL=F
2023-05-30,69.45999908447266,-4.417227418954872,CL=F
2023-05-31,68.08999633789062,-1.9723621719544338,CL=F
2023-06-01,70.0999984741211,2.951978622903728,CL=F
2023-06-02,71.73999786376953,2.3395141588396395,CL=F
2023-06-05,72.1500015258789,0.5715133458575661,CL=F
2023-06-06,71.73999786376953,-0.568265631931153,CL=F
2023-06-07,72.52999877929688,1.101200082313225,CL=F
2023-06-08,71.29000091552734,-1.7096344748918968,CL=F
2023-06-09,70.16999816894531,-1.5710516653087758,CL=F
2023-06-12,67.12000274658203,-4.346580450265847,CL=F
2023-06-13,69.41999816894531,3.426691490235978,CL=F
2023-06-14,68.2699966430664,-1.6565853589914914,CL=F
2023-06-15,70.62000274658203,3.4422238451278675,CL=F
2023-06-16,71.77999877929688,1.642588484281804,CL=F
2023-06-20,70.5,-1.7832248552030583,CL=F
2023-06-21,72.52999877929688,2.879430892619683,CL=F
2023-06-22,69.51000213623047,-4.163789733756951,CL=F
2023-06-23,69.16000366210938,-0.503522462040995,CL=F
2023-06-26,69.37000274658203,0.3036423848365333,CL=F
2023-06-27,67.69999694824219,-2.4073889753768674,CL=F
2023-06-28,69.55999755859375,2.7474160918700807,CL=F
2023-06-29,69.86000061035156,0.43128674854409077,CL=F
2023-06-30,70.63999938964844,1.1165169946782072,CL=F
2023-07-03,69.79000091552734,-1.2032821085296463,CL=F
2023-07-05,71.79000091552734,2.865740039781306,CL=F
2023-07-06,71.80000305175781,0.013932492133883478,CL=F
2023-07-07,73.86000061035156,2.8690772577109502,CL=F
2023-07-10,72.98999786376953,-1.1779078518719954,CL=F
2023-07-11,74.83000183105469,2.5208987822131323,CL=F
2023-07-12,75.75,1.2294509507328577,CL=F
2023-07-13,76.88999938964844,1.5049496893048575,CL=F
2023-07-14,75.41999816894531,-1.9118236862686544,CL=F
2023-07-17,74.1500015258789,-1.6838990637755513,CL=F
2023-07-18,75.75,2.1577861647955388,CL=F
2023-07-19,75.3499984741211,-0.5280548196421209,CL=F
2023-07-20,75.62999725341797,0.37159759119709257,CL=F
2023-07-21,77.06999969482422,1.9040096439262744,CL=F
2023-07-24,78.73999786376953,2.1668589276735872,CL=F
2023-07-25,79.62999725341797,1.1303015161217678,CL=F
2023-07-26,78.77999877929688,-1.0674350162489965,CL=F
2023-07-27,80.08999633789062,1.6628555202999218,CL=F
2023-07-28,80.58000183105469,0.6118185985385605,CL=F
2023-07-31,81.80000305175781,1.5140248113433952,CL=F
2023-08-01,81.37000274658203,-0.5256727251021109,CL=F
2023-08-02,79.48999786376953,-2.3104397435840918,CL=F
2023-08-03,81.55000305175781,2.591527542268568,CL=F
2023-08-04,82.81999969482422,1.5573226186887723,CL=F
2023-08-07,81.94000244140625,-1.0625419665063918,CL=F
2023-08-08,82.91999816894531,1.1959918212595122,CL=F
2023-08-09,84.4000015258789,1.7848569580502849,CL=F
2023-08-10,82.81999969482422,-1.87204005034316,CL=F
2023-08-11,83.19000244140625,0.44675531024562787,CL=F
2023-08-14,82.51000213623047,-0.8174062810669236,CL=F
2023-08-15,80.98999786376953,-1.8422060757570802,CL=F
2023-08-16,79.37999725341797,-1.9879005467560162,CL=F
2023-08-17,80.38999938964844,1.2723635313391046,CL=F
2023-08-18,81.25,1.0697855664647538,CL=F
2023-08-21,80.72000122070312,-0.6523061899038507,CL=F
2023-08-22,80.3499984741211,-0.45837802401709205,CL=F
2023-08-23,78.88999938964844,-1.8170492995627008,CL=F
2023-08-24,79.05000305175781,0.20281868848686102,CL=F
2023-08-25,79.83000183105469,0.9867156852431336,CL=F
2023-08-28,80.0999984741211,0.3382145019084515,CL=F
2023-08-29,81.16000366210938,1.3233523198265207,CL=F
2023-08-30,81.62999725341797,0.579095083910186,CL=F
2023-08-31,83.62999725341797,2.4500797100250438,CL=F
2023-09-01,85.55000305175781,2.295833865116359,CL=F
2023-09-05,86.69000244140625,1.332553300972683,CL=F
2023-09-06,87.54000091552734,0.9805034608178831,CL=F
2023-09-07,86.87000274658203,-0.7653623051613101,CL=F
2023-09-08,87.51000213623047,0.7367323234873657,CL=F
2023-09-11,87.29000091552734,-0.25140122881112115,CL=F
2023-09-12,88.83999633789062,1.7756849651809015,CL=F
2023-09-13,88.5199966430664,-0.36019778029610094,CL=F
2023-09-14,90.16000366210938,1.8526966575200587,CL=F
2023-09-15,90.7699966430664,0.6765671652400274,CL=F
2023-09-18,91.4800033569336,0.7822041865432006,CL=F
2023-09-19,91.19999694824219,-0.3060848255534987,CL=F
2023-09-20,90.27999877929688,-1.0087699558448793,CL=F
2023-09-21,89.62999725341797,-0.7199839772571659,CL=F
2023-09-22,90.02999877929688,0.4462808637023086,CL=F
2023-09-25,89.68000030517578,-0.3887576128697834,CL=F
2023-09-26,90.38999938964844,0.7917028122843117,CL=F
2023-09-27,93.68000030517578,3.639784199295071,CL=F
2023-09-28,91.70999908447266,-2.1029047974867265,CL=F
2023-09-29,90.79000091552734,-1.003160154977123,CL=F
2023-10-02,88.81999969482422,-2.169843816320749,CL=F
2023-10-03,89.2300033569336,0.46161187065763,CL=F
2023-10-04,84.22000122070312,-5.614705757871263,CL=F
2023-10-05,82.30999755859375,-2.267874180034868,CL=F
2023-10-06,82.79000091552734,0.5831653154793282,CL=F
2023-10-09,86.37999725341797,4.336268025354406,CL=F
2023-10-10,85.97000122070312,-0.474642331270303,CL=F
2023-10-11,83.48999786376953,-2.8847310942416993,CL=F
2023-10-12,82.91000366210938,-0.6946870481498002,CL=F
2023-10-13,87.69000244140625,5.765285934345443,CL=F
2023-10-16,86.66000366210938,-1.174590889064131,CL=F
2023-10-17,86.66000366210938,0.0,CL=F
2023-10-18,88.31999969482422,1.9155273050613264,CL=F
2023-10-19,89.37000274658203,1.188862155101833,CL=F
2023-10-20,88.75,-0.6937481565711834,CL=F
2023-10-23,85.48999786376953,-3.6732418436399628,CL=F
2023-10-24,83.73999786376953,-2.0470230947819967,CL=F
2023-10-25,85.38999938964844,1.970386395952839,CL=F
2023-10-26,83.20999908447266,-2.5529925292868128,CL=F
2023-10-27,85.54000091552734,2.800146444767204,CL=F
2023-10-30,82.30999755859375,-3.7760151068075065,CL=F
